timestamp,transaction_id,recovery_probability,diagnosis,recommended_action,decision_reason,previous_attempts,outcome,recovered_amount
2026-09-04T17:50:00,TXN100000,0.446,Temporary UPI/network timeout. A delayed retry may recover the payment.,RETRY,Temporary technical failure with reasonable recovery probability.,2,Recovered,5742.57
2026-09-04T17:50:00,TXN100001,0.59,Card issuer declined the transaction. Customer may need to use another payment method.,STOP,Low recovery probability for the current payment attempt.,0,Not recovered,0.0
2026-09-04T17:50:00,TXN100002,0.771,Temporary UPI/network timeout. A delayed retry may recover the payment.,RETRY,Temporary technical failure with reasonable recovery probability.,1,Not recovered,0.0
2026-09-04T17:50:00,TXN100003,0.2,Authentication failed. Customer action is required before another attempt.,MESSAGE,Customer authentication is required.,1,Not recovered,0.0
2026-09-04T17:50:00,TXN100004,0.285,Customer may not have sufficient funds. Customer notification is preferable to repeated retries.,MESSAGE,Customer should resolve the balance before another payment attempt.,0,Recovered,2508.23
2026-09-04T17:50:00,TXN100005,0.155,Authentication failed. Customer action is required before another attempt.,MESSAGE,Customer authentication is required.,0,Not recovered,0.0
2026-09-04T17:50:00,TXN100006,0.651,Customer may not have sufficient funds. Customer notification is preferable to repeated retries.,MESSAGE,Customer should resolve the balance before another payment attempt.,1,Recovered,1058.7
2026-09-04T17:50:00,TXN100007,0.372,Temporary bank-side timeout. A controlled retry may recover the payment.,MESSAGE,Technical failure has moderate recovery potential; customer notification is safer.,1,Not recovered,0.0
2026-09-04T17:50:00,TXN100008,0.732,Temporary network issue. A controlled retry is appropriate.,RETRY,Temporary technical failure with reasonable recovery probability.,0,Recovered,9096.1
2026-09-04T17:50:00,TXN100009,0.075,Authentication failed. Customer action is required before another attempt.,MESSAGE,Customer authentication is required.,1,Not recovered,0.0
2026-09-04T17:50:00,TXN100010,0.778,Temporary UPI/network timeout. A delayed retry may recover the payment.,RETRY,Temporary technical failure with reasonable recovery probability.,0,Recovered,503.67
2026-09-04T17:50:00,TXN100011,0.286,Temporary bank-side timeout. A controlled retry may recover the payment.,MESSAGE,Technical failure has moderate recovery potential; customer notification is safer.,1,Not recovered,0.0
2026-09-04T17:50:00,TXN100012,0.559,Temporary network issue. A controlled retry is appropriate.,RETRY,Temporary technical failure with reasonable recovery probability.,0,Not recovered,0.0
2026-09-04T17:50:00,TXN100013,0.496,Temporary UPI/network timeout. A delayed retry may recover the payment.,RETRY,Temporary technical failure with reasonable recovery probability.,2,Recovered,3341.83
2026-09-04T17:50:00,TXN100014,0.593,Card issuer declined the transaction. Customer may need to use another payment method.,STOP,Low recovery probability for the current payment attempt.,0,Not recovered,0.0
2026-09-04T17:50:00,TXN100015,0.736,Temporary UPI/network timeout. A delayed retry may recover the payment.,RETRY,Temporary technical failure with reasonable recovery probability.,0,Recovered,2913.57
2026-09-04T17:50:00,TXN100016,0.538,Customer may not have sufficient funds. Customer notification is preferable to repeated retries.,MESSAGE,Customer should resolve the balance before another payment attempt.,0,Not recovered,0.0
2026-09-04T17:50:00,TXN100017,0.147,Customer may not have sufficient funds. Customer notification is preferable to repeated retries.,MESSAGE,Customer should resolve the balance before another payment attempt.,0,Not recovered,0.0
2026-09-04T17:50:00,TXN100018,0.716,Card issuer declined the transaction. Customer may need to use another payment method.,MESSAGE,Customer should retry using the same or another payment method.,1,Not recovered,0.0
2026-09-04T17:50:00,TXN100019,0.873,Temporary bank-side timeout. A controlled retry may recover the payment.,RETRY,Temporary technical failure with reasonable recovery probability.,0,Recovered,4509.48
2026-09-04T17:50:00,TXN100020,0.51,Temporary network issue. A controlled retry is appropriate.,RETRY,Temporary technical failure with reasonable recovery probability.,2,Not recovered,0.0
2026-09-04T17:50:00,TXN100021,0.702,Temporary UPI/network timeout. A delayed retry may recover the payment.,RETRY,Temporary technical failure with reasonable recovery probability.,0,Recovered,2263.65
2026-09-04T17:50:00,TXN100022,0.22,Customer may not have sufficient funds. Customer notification is preferable to repeated retries.,MESSAGE,Customer should resolve the balance before another payment attempt.,0,Not recovered,0.0
2026-09-04T17:50:00,TXN100023,0.938,Temporary bank-side timeout. A controlled retry may recover the payment.,RETRY,Temporary technical failure with reasonable recovery probability.,0,Recovered,5621.52
2026-09-04T17:50:00,TXN100024,0.329,Card issuer declined the transaction. Customer may need to use another payment method.,STOP,Low recovery probability for the current payment attempt.,0,Not recovered,0.0
2026-09-04T17:50:00,TXN100025,0.158,Authentication failed. Customer action is required before another attempt.,MESSAGE,Customer authentication is required.,0,Not recovered,0.0
2026-09-04T17:50:00,TXN100026,0.179,Customer may not have sufficient funds. Customer notification is preferable to repeated retries.,MESSAGE,Customer should resolve the balance before another payment attempt.,0,Not recovered,0.0
2026-09-04T17:50:00,TXN100027,0.458,Card issuer declined the transaction. Customer may need to use another payment method.,STOP,Low recovery probability for the current payment attempt.,1,Not recovered,0.0
2026-09-04T17:50:00,TXN100028,0.782,Temporary UPI/network timeout. A delayed retry may recover the payment.,RETRY,Temporary technical failure with reasonable recovery probability.,0,Recovered,8967.33
2026-09-04T17:50:00,TXN100029,0.835,Temporary network issue. A controlled retry is appropriate.,RETRY,Temporary technical failure with reasonable recovery probability.,1,Recovered,886.51
2026-09-04T17:50:00,TXN100030,0.619,Customer may not have sufficient funds. Customer notification is preferable to repeated retries.,MESSAGE,Customer should resolve the balance before another payment attempt.,1,Not recovered,0.0
2026-09-04T17:50:00,TXN100031,0.381,Customer may not have sufficient funds. Customer notification is preferable to repeated retries.,MESSAGE,Customer should resolve the balance before another payment attempt.,0,Recovered,2722.93
2026-09-04T17:50:00,TXN100032,0.783,Temporary UPI/network timeout. A delayed retry may recover the payment.,RETRY,Temporary technical failure with reasonable recovery probability.,1,Recovered,1161.83
2026-09-04T17:50:00,TXN100033,0.049,Authentication failed. Customer action is required before another attempt.,STOP,Maximum retry limit reached.,3,Not recovered,0.0
2026-09-04T17:50:00,TXN100034,0.557,Temporary bank-side timeout. A controlled retry may recover the payment.,RETRY,Temporary technical failure with reasonable recovery probability.,1,Not recovered,0.0
2026-09-04T17:50:00,TXN100035,0.753,Temporary network issue. A controlled retry is appropriate.,RETRY,Temporary technical failure with reasonable recovery probability.,1,Not recovered,0.0
2026-09-04T17:50:00,TXN100036,0.199,Customer may not have sufficient funds. Customer notification is preferable to repeated retries.,MESSAGE,Customer should resolve the balance before another payment attempt.,0,Not recovered,0.0
2026-09-04T17:50:01,TXN100037,0.393,Temporary network issue. A controlled retry is appropriate.,MESSAGE,Technical failure has moderate recovery potential; customer notification is safer.,2,Recovered,1644.64
2026-09-04T17:50:01,TXN100038,0.178,Customer may not have sufficient funds. Customer notification is preferable to repeated retries.,MESSAGE,Customer should resolve the balance before another payment attempt.,2,Not recovered,0.0
2026-09-04T17:50:01,TXN100039,0.852,Temporary network issue. A controlled retry is appropriate.,RETRY,Temporary technical failure with reasonable recovery probability.,1,Recovered,6713.7
2026-09-04T17:50:01,TXN100040,0.636,Card issuer declined the transaction. Customer may need to use another payment method.,STOP,Maximum retry limit reached.,3,Not recovered,0.0
2026-09-04T17:50:01,TXN100041,0.117,Customer may not have sufficient funds. Customer notification is preferable to repeated retries.,MESSAGE,Customer should resolve the balance before another payment attempt.,0,Not recovered,0.0
2026-09-04T17:50:01,TXN100042,0.503,Temporary network issue. A controlled retry is appropriate.,RETRY,Temporary technical failure with reasonable recovery probability.,0,Recovered,707.98
2026-09-04T17:50:01,TXN100043,0.475,Temporary bank-side timeout. A controlled retry may recover the payment.,RETRY,Temporary technical failure with reasonable recovery probability.,2,Not recovered,0.0
2026-09-04T17:50:01,TXN100044,0.312,Card issuer declined the transaction. Customer may need to use another payment method.,STOP,Low recovery probability for the current payment attempt.,2,Not recovered,0.0
2026-09-04T17:50:01,TXN100045,0.15,Card issuer declined the transaction. Customer may need to use another payment method.,STOP,Low recovery probability for the current payment attempt.,0,Not recovered,0.0
2026-09-04T17:50:01,TXN100046,0.829,Temporary bank-side timeout. A controlled retry may recover the payment.,RETRY,Temporary technical failure with reasonable recovery probability.,0,Recovered,4812.64
2026-09-04T17:50:01,TXN100047,0.77,Temporary network issue. A controlled retry is appropriate.,RETRY,Temporary technical failure with reasonable recovery probability.,0,Recovered,7896.53
2026-09-04T17:50:01,TXN100048,0.373,Temporary UPI/network timeout. A delayed retry may recover the payment.,MESSAGE,Technical failure has moderate recovery potential; customer notification is safer.,0,Not recovered,0.0
2026-09-04T17:50:01,TXN100049,0.677,Temporary bank-side timeout. A controlled retry may recover the payment.,RETRY,Temporary technical failure with reasonable recovery probability.,2,Recovered,2935.03
2026-09-04T17:50:01,TXN100050,0.713,Temporary network issue. A controlled retry is appropriate.,RETRY,Temporary technical failure with reasonable recovery probability.,1,Not recovered,0.0
2026-09-04T17:50:01,TXN100051,0.872,Temporary bank-side timeout. A controlled retry may recover the payment.,RETRY,Temporary technical failure with reasonable recovery probability.,0,Not recovered,0.0
2026-09-04T17:50:01,TXN100052,0.678,Temporary bank-side timeout. A controlled retry may recover the payment.,RETRY,Temporary technical failure with reasonable recovery probability.,0,Not recovered,0.0
2026-09-04T17:50:01,TXN100053,0.037,Customer may not have sufficient funds. Customer notification is preferable to repeated retries.,MESSAGE,Customer should resolve the balance before another payment attempt.,0,Not recovered,0.0
2026-09-04T17:50:01,TXN100054,0.397,Temporary network issue. A controlled retry is appropriate.,MESSAGE,Technical failure has moderate recovery potential; customer notification is safer.,0,Not recovered,0.0
2026-09-04T17:50:01,TXN100055,0.427,Temporary UPI/network timeout. A delayed retry may recover the payment.,RETRY,Temporary technical failure with reasonable recovery probability.,1,Not recovered,0.0
2026-09-04T17:50:01,TXN100056,0.086,Customer may not have sufficient funds. Customer notification is preferable to repeated retries.,STOP,Maximum retry limit reached.,3,Not recovered,0.0
2026-09-04T17:50:01,TXN100057,0.514,Temporary bank-side timeout. A controlled retry may recover the payment.,RETRY,Temporary technical failure with reasonable recovery probability.,2,Recovered,3099.74
2026-09-04T17:50:01,TXN100058,0.163,Authentication failed. Customer action is required before another attempt.,MESSAGE,Customer authentication is required.,0,Recovered,868.41
2026-09-04T17:50:01,TXN100059,0.342,Temporary bank-side timeout. A controlled retry may recover the payment.,MESSAGE,Technical failure has moderate recovery potential; customer notification is safer.,2,Recovered,5014.21
2026-09-04T17:50:01,TXN100060,0.632,Temporary bank-side timeout. A controlled retry may recover the payment.,RETRY,Temporary technical failure with reasonable recovery probability.,2,Recovered,5951.81
2026-09-04T17:50:01,TXN100061,0.308,Temporary network issue. A controlled retry is appropriate.,MESSAGE,Technical failure has moderate recovery potential; customer notification is safer.,2,Recovered,4215.24
2026-09-04T17:50:01,TXN100062,0.533,Temporary network issue. A controlled retry is appropriate.,RETRY,Temporary technical failure with reasonable recovery probability.,1,Not recovered,0.0
2026-09-04T17:50:01,TXN100063,0.154,Customer may not have sufficient funds. Customer notification is preferable to repeated retries.,MESSAGE,Customer should resolve the balance before another payment attempt.,0,Not recovered,0.0
2026-09-04T17:50:01,TXN100064,0.641,Temporary UPI/network timeout. A delayed retry may recover the payment.,RETRY,Temporary technical failure with reasonable recovery probability.,0,Recovered,4357.11
2026-09-04T17:50:01,TXN100065,0.302,Customer may not have sufficient funds. Customer notification is preferable to repeated retries.,MESSAGE,Customer should resolve the balance before another payment attempt.,0,Not recovered,0.0
2026-09-04T17:50:01,TXN100066,0.247,Card issuer declined the transaction. Customer may need to use another payment method.,STOP,Low recovery probability for the current payment attempt.,0,Not recovered,0.0
2026-09-04T17:50:01,TXN100067,0.832,Temporary bank-side timeout. A controlled retry may recover the payment.,RETRY,Temporary technical failure with reasonable recovery probability.,0,Not recovered,0.0
2026-09-04T17:50:01,TXN100068,0.197,Authentication failed. Customer action is required before another attempt.,MESSAGE,Customer authentication is required.,1,Recovered,1302.42
2026-09-04T17:50:01,TXN100069,0.813,Temporary bank-side timeout. A controlled retry may recover the payment.,RETRY,Temporary technical failure with reasonable recovery probability.,1,Not recovered,0.0
2026-09-04T17:50:01,TXN100070,0.784,Temporary bank-side timeout. A controlled retry may recover the payment.,RETRY,Temporary technical failure with reasonable recovery probability.,1,Not recovered,0.0
2026-09-04T17:50:01,TXN100071,0.569,Customer may not have sufficient funds. Customer notification is preferable to repeated retries.,MESSAGE,Customer should resolve the balance before another payment attempt.,0,Recovered,3140.19
2026-09-04T17:50:01,TXN100072,0.038,Authentication failed. Customer action is required before another attempt.,STOP,Maximum retry limit reached.,3,Not recovered,0.0
2026-09-04T17:50:01,TXN100073,0.149,Authentication failed. Customer action is required before another attempt.,STOP,Maximum retry limit reached.,3,Not recovered,0.0
2026-09-04T17:50:01,TXN100074,0.04,Authentication failed. Customer action is required before another attempt.,MESSAGE,Customer authentication is required.,2,Not recovered,0.0
2026-09-04T17:50:01,TXN100075,0.16,Customer may not have sufficient funds. Customer notification is preferable to repeated retries.,STOP,Maximum retry limit reached.,3,Not recovered,0.0
2026-09-04T17:50:01,TXN100076,0.85,Temporary bank-side timeout. A controlled retry may recover the payment.,RETRY,Temporary technical failure with reasonable recovery probability.,1,Not recovered,0.0
2026-09-04T17:50:01,TXN100077,0.096,Customer may not have sufficient funds. Customer notification is preferable to repeated retries.,STOP,Maximum retry limit reached.,3,Not recovered,0.0
2026-09-04T17:50:01,TXN100078,0.512,Temporary network issue. A controlled retry is appropriate.,RETRY,Temporary technical failure with reasonable recovery probability.,0,Recovered,5504.65
2026-09-04T17:50:01,TXN100079,0.779,Temporary network issue. A controlled retry is appropriate.,RETRY,Temporary technical failure with reasonable recovery probability.,0,Recovered,1913.98
2026-09-04T17:50:01,TXN100080,0.13,Customer may not have sufficient funds. Customer notification is preferable to repeated retries.,MESSAGE,Customer should resolve the balance before another payment attempt.,0,Not recovered,0.0
2026-09-04T17:50:01,TXN100081,0.191,Authentication failed. Customer action is required before another attempt.,MESSAGE,Customer authentication is required.,0,Not recovered,0.0
2026-09-04T17:50:01,TXN100082,0.78,Temporary bank-side timeout. A controlled retry may recover the payment.,RETRY,Temporary technical failure with reasonable recovery probability.,0,Recovered,5096.62
2026-09-04T17:50:01,TXN100083,0.259,Customer may not have sufficient funds. Customer notification is preferable to repeated retries.,MESSAGE,Customer should resolve the balance before another payment attempt.,1,Recovered,1139.73
2026-09-04T17:50:01,TXN100084,0.587,Customer may not have sufficient funds. Customer notification is preferable to repeated retries.,MESSAGE,Customer should resolve the balance before another payment attempt.,2,Not recovered,0.0
2026-09-04T17:50:01,TXN100085,0.619,Customer may not have sufficient funds. Customer notification is preferable to repeated retries.,MESSAGE,Customer should resolve the balance before another payment attempt.,1,Not recovered,0.0
2026-09-04T17:50:01,TXN100086,0.312,Card issuer declined the transaction. Customer may need to use another payment method.,STOP,Low recovery probability for the current payment attempt.,0,Not recovered,0.0
2026-09-04T17:50:01,TXN100087,0.416,Temporary network issue. A controlled retry is appropriate.,RETRY,Temporary technical failure with reasonable recovery probability.,2,Not recovered,0.0
2026-09-04T17:50:01,TXN100088,0.356,Authentication failed. Customer action is required before another attempt.,MESSAGE,Customer authentication is required.,1,Not recovered,0.0
2026-09-04T17:50:01,TXN100089,0.78,Temporary UPI/network timeout. A delayed retry may recover the payment.,RETRY,Temporary technical failure with reasonable recovery probability.,0,Recovered,7188.25
2026-09-04T17:50:01,TXN100090,0.174,Authentication failed. Customer action is required before another attempt.,MESSAGE,Customer authentication is required.,1,Recovered,1969.11
2026-09-04T17:50:01,TXN100091,0.587,Temporary UPI/network timeout. A delayed retry may recover the payment.,RETRY,Temporary technical failure with reasonable recovery probability.,0,Not recovered,0.0
2026-09-04T17:50:01,TXN100092,0.271,Card issuer declined the transaction. Customer may need to use another payment method.,STOP,Low recovery probability for the current payment attempt.,0,Not recovered,0.0
2026-09-04T17:50:01,TXN100093,0.301,Customer may not have sufficient funds. Customer notification is preferable to repeated retries.,MESSAGE,Customer should resolve the balance before another payment attempt.,2,Not recovered,0.0
2026-09-04T17:50:01,TXN100094,0.306,Card issuer declined the transaction. Customer may need to use another payment method.,STOP,Low recovery probability for the current payment attempt.,0,Not recovered,0.0
2026-09-04T17:50:01,TXN100095,0.454,Card issuer declined the transaction. Customer may need to use another payment method.,STOP,Low recovery probability for the current payment attempt.,1,Not recovered,0.0
2026-09-04T17:50:01,TXN100096,0.403,Temporary bank-side timeout. A controlled retry may recover the payment.,RETRY,Temporary technical failure with reasonable recovery probability.,2,Not recovered,0.0
2026-09-04T17:50:01,TXN100097,0.322,Temporary network issue. A controlled retry is appropriate.,MESSAGE,Technical failure has moderate recovery potential; customer notification is safer.,1,Not recovered,0.0
2026-09-04T17:50:01,TXN100098,0.854,Temporary UPI/network timeout. A delayed retry may recover the payment.,RETRY,Temporary technical failure with reasonable recovery probability.,0,Recovered,575.23
2026-09-04T17:50:01,TXN100099,0.063,Customer may not have sufficient funds. Customer notification is preferable to repeated retries.,MESSAGE,Customer should resolve the balance before another payment attempt.,0,Not recovered,0.0
2026-09-04T17:50:01,TXN100100,0.257,Temporary UPI/network timeout. A delayed retry may recover the payment.,MESSAGE,Technical failure has moderate recovery potential; customer notification is safer.,0,Recovered,664.18
2026-09-04T17:50:01,TXN100101,0.05,Authentication failed. Customer action is required before another attempt.,MESSAGE,Customer authentication is required.,1,Not recovered,0.0
2026-09-04T17:50:01,TXN100102,0.636,Temporary UPI/network timeout. A delayed retry may recover the payment.,RETRY,Temporary technical failure with reasonable recovery probability.,0,Recovered,4851.78
2026-09-04T17:50:01,TXN100103,0.092,Authentication failed. Customer action is required before another attempt.,MESSAGE,Customer authentication is required.,0,Not recovered,0.0
2026-09-04T17:50:01,TXN100104,0.732,Temporary network issue. A controlled retry is appropriate.,STOP,Maximum retry limit reached.,3,Not recovered,0.0
2026-09-04T17:50:01,TXN100105,0.136,Authentication failed. Customer action is required before another attempt.,MESSAGE,Customer authentication is required.,1,Not recovered,0.0
2026-09-04T17:50:01,TXN100106,0.694,Temporary UPI/network timeout. A delayed retry may recover the payment.,RETRY,Temporary technical failure with reasonable recovery probability.,0,Recovered,6273.08
2026-09-04T17:50:01,TXN100107,0.816,Temporary UPI/network timeout. A delayed retry may recover the payment.,RETRY,Temporary technical failure with reasonable recovery probability.,1,Not recovered,0.0
2026-09-04T17:50:01,TXN100108,0.232,Authentication failed. Customer action is required before another attempt.,MESSAGE,Customer authentication is required.,1,Not recovered,0.0
2026-09-04T17:50:01,TXN100109,0.615,Card issuer declined the transaction. Customer may need to use another payment method.,MESSAGE,Customer should retry using the same or another payment method.,0,Recovered,1338.38
2026-09-04T17:50:01,TXN100110,0.749,Temporary network issue. A controlled retry is appropriate.,RETRY,Temporary technical failure with reasonable recovery probability.,0,Recovered,4487.61
2026-09-04T17:50:01,TXN100111,0.808,Temporary bank-side timeout. A controlled retry may recover the payment.,RETRY,Temporary technical failure with reasonable recovery probability.,2,Recovered,2585.24
2026-09-04T17:50:01,TXN100112,0.179,Customer may not have sufficient funds. Customer notification is preferable to repeated retries.,MESSAGE,Customer should resolve the balance before another payment attempt.,1,Not recovered,0.0
2026-09-04T17:50:01,TXN100113,0.828,Temporary UPI/network timeout. A delayed retry may recover the payment.,RETRY,Temporary technical failure with reasonable recovery probability.,1,Not recovered,0.0
2026-09-04T17:50:01,TXN100114,0.126,Customer may not have sufficient funds. Customer notification is preferable to repeated retries.,MESSAGE,Customer should resolve the balance before another payment attempt.,0,Not recovered,0.0
2026-09-04T17:50:01,TXN100115,0.536,Temporary bank-side timeout. A controlled retry may recover the payment.,RETRY,Temporary technical failure with reasonable recovery probability.,0,Not recovered,0.0
2026-09-04T17:50:01,TXN100116,0.202,Customer may not have sufficient funds. Customer notification is preferable to repeated retries.,MESSAGE,Customer should resolve the balance before another payment attempt.,0,Not recovered,0.0
2026-09-04T17:50:01,TXN100117,0.806,Temporary bank-side timeout. A controlled retry may recover the payment.,RETRY,Temporary technical failure with reasonable recovery probability.,0,Recovered,2960.42
2026-09-04T17:50:02,TXN100118,0.078,Authentication failed. Customer action is required before another attempt.,MESSAGE,Customer authentication is required.,0,Not recovered,0.0
2026-09-04T17:50:02,TXN100119,0.206,Card issuer declined the transaction. Customer may need to use another payment method.,STOP,Low recovery probability for the current payment attempt.,0,Not recovered,0.0
2026-09-04T17:50:02,TXN100120,0.363,Temporary UPI/network timeout. A delayed retry may recover the payment.,MESSAGE,Technical failure has moderate recovery potential; customer notification is safer.,2,Not recovered,0.0
2026-09-04T17:50:02,TXN100121,0.853,Temporary bank-side timeout. A controlled retry may recover the payment.,STOP,Maximum retry limit reached.,3,Not recovered,0.0
2026-09-04T17:50:02,TXN100122,0.058,Customer may not have sufficient funds. Customer notification is preferable to repeated retries.,MESSAGE,Customer should resolve the balance before another payment attempt.,2,Not recovered,0.0
2026-09-04T17:50:02,TXN100123,0.616,Temporary UPI/network timeout. A delayed retry may recover the payment.,RETRY,Temporary technical failure with reasonable recovery probability.,2,Recovered,1827.88
2026-09-04T17:50:02,TXN100124,0.7,Card issuer declined the transaction. Customer may need to use another payment method.,MESSAGE,Customer should retry using the same or another payment method.,0,Recovered,3572.67
2026-09-04T17:50:02,TXN100125,0.116,Authentication failed. Customer action is required before another attempt.,STOP,Maximum retry limit reached.,3,Not recovered,0.0
2026-09-04T17:50:02,TXN100126,0.859,Temporary UPI/network timeout. A delayed retry may recover the payment.,RETRY,Temporary technical failure with reasonable recovery probability.,0,Not recovered,0.0
2026-09-04T17:50:02,TXN100127,0.296,Temporary bank-side timeout. A controlled retry may recover the payment.,STOP,Maximum retry limit reached.,3,Not recovered,0.0
2026-09-04T17:50:02,TXN100128,0.733,Card issuer declined the transaction. Customer may need to use another payment method.,STOP,Maximum retry limit reached.,3,Not recovered,0.0
2026-09-04T17:50:02,TXN100129,0.164,Customer may not have sufficient funds. Customer notification is preferable to repeated retries.,MESSAGE,Customer should resolve the balance before another payment attempt.,1,Not recovered,0.0
2026-09-04T17:50:02,TXN100130,0.204,Card issuer declined the transaction. Customer may need to use another payment method.,STOP,Maximum retry limit reached.,3,Not recovered,0.0
2026-09-04T17:50:02,TXN100131,0.253,Card issuer declined the transaction. Customer may need to use another payment method.,STOP,Low recovery probability for the current payment attempt.,1,Not recovered,0.0
2026-09-04T17:50:02,TXN100132,0.561,Temporary network issue. A controlled retry is appropriate.,RETRY,Temporary technical failure with reasonable recovery probability.,0,Recovered,1973.13
2026-09-04T17:50:02,TXN100133,0.553,Card issuer declined the transaction. Customer may need to use another payment method.,STOP,Low recovery probability for the current payment attempt.,0,Not recovered,0.0
2026-09-04T17:50:02,TXN100134,0.306,Card issuer declined the transaction. Customer may need to use another payment method.,STOP,Low recovery probability for the current payment attempt.,1,Not recovered,0.0
2026-09-04T17:50:02,TXN100135,0.498,Temporary UPI/network timeout. A delayed retry may recover the payment.,RETRY,Temporary technical failure with reasonable recovery probability.,0,Recovered,4982.73
2026-09-04T17:50:02,TXN100136,0.094,Customer may not have sufficient funds. Customer notification is preferable to repeated retries.,MESSAGE,Customer should resolve the balance before another payment attempt.,1,Not recovered,0.0
2026-09-04T17:50:02,TXN100137,0.626,Temporary UPI/network timeout. A delayed retry may recover the payment.,STOP,Maximum retry limit reached.,3,Not recovered,0.0
2026-09-04T17:50:02,TXN100138,0.603,Temporary UPI/network timeout. A delayed retry may recover the payment.,RETRY,Temporary technical failure with reasonable recovery probability.,0,Recovered,5581.08
2026-09-04T17:50:02,TXN100139,0.22,Temporary bank-side timeout. A controlled retry may recover the payment.,STOP,Very low recovery probability.,2,Not recovered,0.0
2026-09-04T17:50:02,TXN100140,0.77,Temporary UPI/network timeout. A delayed retry may recover the payment.,RETRY,Temporary technical failure with reasonable recovery probability.,2,Not recovered,0.0
2026-09-04T17:50:02,TXN100141,0.376,Temporary network issue. A controlled retry is appropriate.,STOP,Maximum retry limit reached.,3,Not recovered,0.0
2026-09-04T17:50:02,TXN100142,0.159,Temporary network issue. A controlled retry is appropriate.,STOP,Maximum retry limit reached.,3,Not recovered,0.0
2026-09-04T17:50:02,TXN100143,0.713,Temporary bank-side timeout. A controlled retry may recover the payment.,RETRY,Temporary technical failure with reasonable recovery probability.,1,Recovered,4652.3
2026-09-04T17:50:02,TXN100144,0.205,Authentication failed. Customer action is required before another attempt.,STOP,Maximum retry limit reached.,3,Not recovered,0.0
2026-09-04T17:50:02,TXN100145,0.642,Customer may not have sufficient funds. Customer notification is preferable to repeated retries.,MESSAGE,Customer should resolve the balance before another payment attempt.,2,Recovered,744.96
2026-09-04T17:50:02,TXN100146,0.115,Customer may not have sufficient funds. Customer notification is preferable to repeated retries.,MESSAGE,Customer should resolve the balance before another payment attempt.,0,Not recovered,0.0
2026-09-04T17:50:02,TXN100147,0.796,Temporary UPI/network timeout. A delayed retry may recover the payment.,RETRY,Temporary technical failure with reasonable recovery probability.,1,Recovered,7639.15
2026-09-04T17:50:02,TXN100148,0.853,Temporary UPI/network timeout. A delayed retry may recover the payment.,RETRY,Temporary technical failure with reasonable recovery probability.,1,Recovered,960.94
2026-09-04T17:50:02,TXN100149,0.634,Authentication failed. Customer action is required before another attempt.,MESSAGE,Customer authentication is required.,0,Not recovered,0.0
2026-09-04T17:50:02,TXN100150,0.69,Temporary UPI/network timeout. A delayed retry may recover the payment.,RETRY,Temporary technical failure with reasonable recovery probability.,1,Not recovered,0.0
2026-09-04T17:50:02,TXN100151,0.561,Customer may not have sufficient funds. Customer notification is preferable to repeated retries.,MESSAGE,Customer should resolve the balance before another payment attempt.,1,Not recovered,0.0
2026-09-04T17:50:02,TXN100152,0.308,Card issuer declined the transaction. Customer may need to use another payment method.,STOP,Low recovery probability for the current payment attempt.,0,Not recovered,0.0
2026-09-04T17:50:02,TXN100153,0.796,Temporary network issue. A controlled retry is appropriate.,RETRY,Temporary technical failure with reasonable recovery probability.,1,Recovered,7443.39
2026-09-04T17:50:02,TXN100154,0.166,Card issuer declined the transaction. Customer may need to use another payment method.,STOP,Low recovery probability for the current payment attempt.,2,Not recovered,0.0
2026-09-04T17:50:02,TXN100155,0.201,Card issuer declined the transaction. Customer may need to use another payment method.,STOP,Low recovery probability for the current payment attempt.,1,Not recovered,0.0
2026-09-04T17:50:02,TXN100156,0.554,Customer may not have sufficient funds. Customer notification is preferable to repeated retries.,MESSAGE,Customer should resolve the balance before another payment attempt.,0,Not recovered,0.0
2026-09-04T17:50:02,TXN100157,0.226,Card issuer declined the transaction. Customer may need to use another payment method.,STOP,Low recovery probability for the current payment attempt.,0,Not recovered,0.0
2026-09-04T17:50:02,TXN100158,0.21,Authentication failed. Customer action is required before another attempt.,MESSAGE,Customer authentication is required.,0,Not recovered,0.0
2026-09-04T17:50:02,TXN100159,0.199,Temporary bank-side timeout. A controlled retry may recover the payment.,STOP,Very low recovery probability.,2,Not recovered,0.0
2026-09-04T17:50:02,TXN100160,0.364,Temporary UPI/network timeout. A delayed retry may recover the payment.,MESSAGE,Technical failure has moderate recovery potential; customer notification is safer.,0,Recovered,5642.56
2026-09-04T17:50:02,TXN100161,0.887,Temporary bank-side timeout. A controlled retry may recover the payment.,RETRY,Temporary technical failure with reasonable recovery probability.,1,Recovered,9557.76
2026-09-04T17:50:02,TXN100162,0.579,Temporary network issue. A controlled retry is appropriate.,RETRY,Temporary technical failure with reasonable recovery probability.,0,Not recovered,0.0
2026-09-04T17:50:02,TXN100163,0.698,Temporary UPI/network timeout. A delayed retry may recover the payment.,RETRY,Temporary technical failure with reasonable recovery probability.,0,Recovered,8129.0
2026-09-04T17:50:02,TXN100164,0.587,Card issuer declined the transaction. Customer may need to use another payment method.,STOP,Low recovery probability for the current payment attempt.,2,Not recovered,0.0
2026-09-04T17:50:02,TXN100165,0.385,Temporary network issue. A controlled retry is appropriate.,MESSAGE,Technical failure has moderate recovery potential; customer notification is safer.,1,Not recovered,0.0
2026-09-04T17:50:02,TXN100166,0.413,Temporary UPI/network timeout. A delayed retry may recover the payment.,RETRY,Temporary technical failure with reasonable recovery probability.,0,Recovered,4946.87
2026-09-04T17:50:02,TXN100167,0.285,Authentication failed. Customer action is required before another attempt.,MESSAGE,Customer authentication is required.,0,Recovered,2959.66
2026-09-04T17:50:02,TXN100168,0.077,Authentication failed. Customer action is required before another attempt.,MESSAGE,Customer authentication is required.,0,Recovered,802.51
2026-09-04T17:50:02,TXN100169,0.097,Authentication failed. Customer action is required before another attempt.,MESSAGE,Customer authentication is required.,1,Not recovered,0.0
2026-09-04T17:50:02,TXN100170,0.14,Authentication failed. Customer action is required before another attempt.,MESSAGE,Customer authentication is required.,1,Not recovered,0.0
2026-09-04T17:50:02,TXN100171,0.278,Card issuer declined the transaction. Customer may need to use another payment method.,STOP,Low recovery probability for the current payment attempt.,0,Not recovered,0.0
2026-09-04T17:50:02,TXN100172,0.764,Temporary bank-side timeout. A controlled retry may recover the payment.,RETRY,Temporary technical failure with reasonable recovery probability.,0,Recovered,7778.49
2026-09-04T17:50:02,TXN100173,0.594,Temporary UPI/network timeout. A delayed retry may recover the payment.,RETRY,Temporary technical failure with reasonable recovery probability.,0,Recovered,3551.36
2026-09-04T17:50:02,TXN100174,0.224,Card issuer declined the transaction. Customer may need to use another payment method.,STOP,Low recovery probability for the current payment attempt.,2,Not recovered,0.0
2026-09-04T17:50:02,TXN100175,0.122,Authentication failed. Customer action is required before another attempt.,STOP,Maximum retry limit reached.,3,Not recovered,0.0
2026-09-04T17:50:02,TXN100176,0.703,Temporary bank-side timeout. A controlled retry may recover the payment.,RETRY,Temporary technical failure with reasonable recovery probability.,0,Not recovered,0.0
2026-09-04T17:50:02,TXN100177,0.57,Temporary network issue. A controlled retry is appropriate.,RETRY,Temporary technical failure with reasonable recovery probability.,2,Recovered,5923.07
2026-09-04T17:50:02,TXN100178,0.745,Temporary network issue. A controlled retry is appropriate.,RETRY,Temporary technical failure with reasonable recovery probability.,0,Not recovered,0.0
2026-09-04T17:50:02,TXN100179,0.669,Temporary network issue. A controlled retry is appropriate.,RETRY,Temporary technical failure with reasonable recovery probability.,0,Recovered,2234.45
2026-09-04T17:50:02,TXN100180,0.139,Authentication failed. Customer action is required before another attempt.,MESSAGE,Customer authentication is required.,2,Not recovered,0.0
2026-09-04T17:50:02,TXN100181,0.727,Temporary network issue. A controlled retry is appropriate.,RETRY,Temporary technical failure with reasonable recovery probability.,2,Recovered,1878.52
2026-09-04T17:50:02,TXN100182,0.057,Customer may not have sufficient funds. Customer notification is preferable to repeated retries.,STOP,Maximum retry limit reached.,3,Not recovered,0.0
2026-09-04T17:50:02,TXN100183,0.41,Temporary UPI/network timeout. A delayed retry may recover the payment.,RETRY,Temporary technical failure with reasonable recovery probability.,1,Not recovered,0.0
2026-09-04T17:50:02,TXN100184,0.556,Temporary UPI/network timeout. A delayed retry may recover the payment.,RETRY,Temporary technical failure with reasonable recovery probability.,0,Recovered,4016.79
2026-09-04T17:50:02,TXN100185,0.05,Authentication failed. Customer action is required before another attempt.,MESSAGE,Customer authentication is required.,2,Not recovered,0.0
2026-09-04T17:50:02,TXN100186,0.211,Customer may not have sufficient funds. Customer notification is preferable to repeated retries.,MESSAGE,Customer should resolve the balance before another payment attempt.,0,Not recovered,0.0
2026-09-04T17:50:02,TXN100187,0.648,Card issuer declined the transaction. Customer may need to use another payment method.,MESSAGE,Customer should retry using the same or another payment method.,1,Not recovered,0.0
2026-09-04T17:50:02,TXN100188,0.655,Card issuer declined the transaction. Customer may need to use another payment method.,MESSAGE,Customer should retry using the same or another payment method.,0,Not recovered,0.0
2026-09-04T17:50:02,TXN100189,0.766,Temporary network issue. A controlled retry is appropriate.,RETRY,Temporary technical failure with reasonable recovery probability.,1,Recovered,3778.66
2026-09-04T17:50:02,TXN100190,0.81,Temporary bank-side timeout. A controlled retry may recover the payment.,RETRY,Temporary technical failure with reasonable recovery probability.,0,Recovered,1577.01
2026-09-04T17:50:02,TXN100191,0.321,Card issuer declined the transaction. Customer may need to use another payment method.,STOP,Low recovery probability for the current payment attempt.,0,Not recovered,0.0
2026-09-04T17:50:02,TXN100192,0.756,Temporary bank-side timeout. A controlled retry may recover the payment.,RETRY,Temporary technical failure with reasonable recovery probability.,2,Not recovered,0.0
2026-09-04T17:50:02,TXN100193,0.785,Temporary UPI/network timeout. A delayed retry may recover the payment.,RETRY,Temporary technical failure with reasonable recovery probability.,0,Recovered,9569.53
2026-09-04T17:50:02,TXN100194,0.311,Temporary bank-side timeout. A controlled retry may recover the payment.,MESSAGE,Technical failure has moderate recovery potential; customer notification is safer.,1,Not recovered,0.0
2026-09-04T17:50:02,TXN100195,0.695,Temporary UPI/network timeout. A delayed retry may recover the payment.,RETRY,Temporary technical failure with reasonable recovery probability.,0,Recovered,5367.65
2026-09-04T17:50:02,TXN100196,0.097,Customer may not have sufficient funds. Customer notification is preferable to repeated retries.,MESSAGE,Customer should resolve the balance before another payment attempt.,0,Not recovered,0.0
2026-09-04T17:50:02,TXN100197,0.133,Customer may not have sufficient funds. Customer notification is preferable to repeated retries.,MESSAGE,Customer should resolve the balance before another payment attempt.,0,Not recovered,0.0
2026-09-04T17:50:02,TXN100198,0.184,Authentication failed. Customer action is required before another attempt.,MESSAGE,Customer authentication is required.,0,Not recovered,0.0
2026-09-04T17:50:02,TXN100199,0.053,Authentication failed. Customer action is required before another attempt.,MESSAGE,Customer authentication is required.,2,Not recovered,0.0
2026-09-04T17:50:03,TXN100200,0.453,Temporary network issue. A controlled retry is appropriate.,RETRY,Temporary technical failure with reasonable recovery probability.,0,Recovered,9701.71
2026-09-04T17:50:03,TXN100201,0.298,Card issuer declined the transaction. Customer may need to use another payment method.,STOP,Maximum retry limit reached.,3,Not recovered,0.0
2026-09-04T17:50:03,TXN100202,0.737,Temporary network issue. A controlled retry is appropriate.,RETRY,Temporary technical failure with reasonable recovery probability.,1,Recovered,2591.27
2026-09-04T17:50:03,TXN100203,0.905,Temporary UPI/network timeout. A delayed retry may recover the payment.,RETRY,Temporary technical failure with reasonable recovery probability.,0,Not recovered,0.0
2026-09-04T17:50:03,TXN100204,0.363,Temporary network issue. A controlled retry is appropriate.,MESSAGE,Technical failure has moderate recovery potential; customer notification is safer.,1,Not recovered,0.0
2026-09-04T17:50:03,TXN100205,0.332,Temporary bank-side timeout. A controlled retry may recover the payment.,MESSAGE,Technical failure has moderate recovery potential; customer notification is safer.,1,Recovered,335.13
2026-09-04T17:50:03,TXN100206,0.401,Temporary UPI/network timeout. A delayed retry may recover the payment.,RETRY,Temporary technical failure with reasonable recovery probability.,2,Recovered,1700.88
2026-09-04T17:50:03,TXN100207,0.08,Authentication failed. Customer action is required before another attempt.,MESSAGE,Customer authentication is required.,0,Not recovered,0.0
2026-09-04T17:50:03,TXN100208,0.099,Customer may not have sufficient funds. Customer notification is preferable to repeated retries.,MESSAGE,Customer should resolve the balance before another payment attempt.,0,Recovered,273.92
2026-09-04T17:50:03,TXN100209,0.072,Authentication failed. Customer action is required before another attempt.,MESSAGE,Customer authentication is required.,2,Not recovered,0.0
2026-09-04T17:50:03,TXN100210,0.253,Card issuer declined the transaction. Customer may need to use another payment method.,STOP,Maximum retry limit reached.,3,Not recovered,0.0
2026-09-04T17:50:03,TXN100211,0.35,Temporary UPI/network timeout. A delayed retry may recover the payment.,MESSAGE,Technical failure has moderate recovery potential; customer notification is safer.,2,Not recovered,0.0
2026-09-04T17:50:03,TXN100212,0.328,Temporary UPI/network timeout. A delayed retry may recover the payment.,MESSAGE,Technical failure has moderate recovery potential; customer notification is safer.,0,Not recovered,0.0
2026-09-04T17:50:03,TXN100213,0.757,Temporary bank-side timeout. A controlled retry may recover the payment.,RETRY,Temporary technical failure with reasonable recovery probability.,2,Recovered,3518.41
2026-09-04T17:50:03,TXN100214,0.162,Card issuer declined the transaction. Customer may need to use another payment method.,STOP,Low recovery probability for the current payment attempt.,1,Not recovered,0.0
2026-09-04T17:50:03,TXN100215,0.38,Customer may not have sufficient funds. Customer notification is preferable to repeated retries.,MESSAGE,Customer should resolve the balance before another payment attempt.,1,Not recovered,0.0
2026-09-04T17:50:03,TXN100216,0.263,Temporary UPI/network timeout. A delayed retry may recover the payment.,MESSAGE,Technical failure has moderate recovery potential; customer notification is safer.,0,Recovered,5015.24
2026-09-04T17:50:03,TXN100217,0.258,Temporary UPI/network timeout. A delayed retry may recover the payment.,MESSAGE,Technical failure has moderate recovery potential; customer notification is safer.,1,Not recovered,0.0
2026-09-04T17:50:03,TXN100218,0.87,Temporary bank-side timeout. A controlled retry may recover the payment.,RETRY,Temporary technical failure with reasonable recovery probability.,0,Recovered,9814.22
2026-09-04T17:50:03,TXN100219,0.8,Temporary network issue. A controlled retry is appropriate.,RETRY,Temporary technical failure with reasonable recovery probability.,0,Not recovered,0.0
2026-09-04T17:50:03,TXN100220,0.047,Customer may not have sufficient funds. Customer notification is preferable to repeated retries.,MESSAGE,Customer should resolve the balance before another payment attempt.,2,Not recovered,0.0
2026-09-04T17:50:03,TXN100221,0.217,Authentication failed. Customer action is required before another attempt.,MESSAGE,Customer authentication is required.,0,Not recovered,0.0
2026-09-04T17:50:03,TXN100222,0.677,Card issuer declined the transaction. Customer may need to use another payment method.,MESSAGE,Customer should retry using the same or another payment method.,0,Recovered,1585.48
2026-09-04T17:50:03,TXN100223,0.743,Temporary UPI/network timeout. A delayed retry may recover the payment.,RETRY,Temporary technical failure with reasonable recovery probability.,0,Recovered,5641.56
2026-09-04T17:50:03,TXN100224,0.179,Temporary UPI/network timeout. A delayed retry may recover the payment.,STOP,Maximum retry limit reached.,3,Not recovered,0.0
2026-09-04T17:50:03,TXN100225,0.279,Authentication failed. Customer action is required before another attempt.,MESSAGE,Customer authentication is required.,1,Not recovered,0.0
2026-09-04T17:50:03,TXN100226,0.674,Customer may not have sufficient funds. Customer notification is preferable to repeated retries.,MESSAGE,Customer should resolve the balance before another payment attempt.,0,Not recovered,0.0
2026-09-04T17:50:03,TXN100227,0.337,Temporary network issue. A controlled retry is appropriate.,MESSAGE,Technical failure has moderate recovery potential; customer notification is safer.,2,Not recovered,0.0
2026-09-04T17:50:03,TXN100228,0.773,Temporary UPI/network timeout. A delayed retry may recover the payment.,RETRY,Temporary technical failure with reasonable recovery probability.,2,Not recovered,0.0
2026-09-04T17:50:03,TXN100229,0.602,Customer may not have sufficient funds. Customer notification is preferable to repeated retries.,MESSAGE,Customer should resolve the balance before another payment attempt.,0,Not recovered,0.0
2026-09-04T17:50:03,TXN100230,0.693,Authentication failed. Customer action is required before another attempt.,MESSAGE,Customer authentication is required.,1,Not recovered,0.0
2026-09-04T17:50:03,TXN100231,0.307,Temporary bank-side timeout. A controlled retry may recover the payment.,MESSAGE,Technical failure has moderate recovery potential; customer notification is safer.,2,Not recovered,0.0
2026-09-04T17:50:03,TXN100232,0.216,Temporary network issue. A controlled retry is appropriate.,STOP,Very low recovery probability.,1,Not recovered,0.0
2026-09-04T17:50:03,TXN100233,0.551,Card issuer declined the transaction. Customer may need to use another payment method.,STOP,Low recovery probability for the current payment attempt.,0,Not recovered,0.0
2026-09-04T17:50:03,TXN100234,0.709,Temporary UPI/network timeout. A delayed retry may recover the payment.,RETRY,Temporary technical failure with reasonable recovery probability.,2,Recovered,3088.79
2026-09-04T17:50:03,TXN100235,0.536,Customer may not have sufficient funds. Customer notification is preferable to repeated retries.,MESSAGE,Customer should resolve the balance before another payment attempt.,1,Not recovered,0.0
2026-09-04T17:50:03,TXN100236,0.726,Temporary bank-side timeout. A controlled retry may recover the payment.,RETRY,Temporary technical failure with reasonable recovery probability.,0,Recovered,4354.71
2026-09-04T17:50:03,TXN100237,0.589,Card issuer declined the transaction. Customer may need to use another payment method.,STOP,Low recovery probability for the current payment attempt.,0,Not recovered,0.0
2026-09-04T17:50:03,TXN100238,0.052,Customer may not have sufficient funds. Customer notification is preferable to repeated retries.,MESSAGE,Customer should resolve the balance before another payment attempt.,0,Not recovered,0.0
2026-09-04T17:50:03,TXN100239,0.289,Customer may not have sufficient funds. Customer notification is preferable to repeated retries.,MESSAGE,Customer should resolve the balance before another payment attempt.,0,Recovered,2820.42
2026-09-04T17:50:03,TXN100240,0.316,Card issuer declined the transaction. Customer may need to use another payment method.,STOP,Low recovery probability for the current payment attempt.,2,Not recovered,0.0
2026-09-04T17:50:03,TXN100241,0.782,Temporary bank-side timeout. A controlled retry may recover the payment.,RETRY,Temporary technical failure with reasonable recovery probability.,0,Not recovered,0.0
2026-09-04T17:50:03,TXN100242,0.279,Authentication failed. Customer action is required before another attempt.,MESSAGE,Customer authentication is required.,0,Not recovered,0.0
2026-09-04T17:50:03,TXN100243,0.798,Temporary bank-side timeout. A controlled retry may recover the payment.,RETRY,Temporary technical failure with reasonable recovery probability.,1,Recovered,5677.72
2026-09-04T17:50:03,TXN100244,0.377,Temporary network issue. A controlled retry is appropriate.,MESSAGE,Technical failure has moderate recovery potential; customer notification is safer.,0,Recovered,427.77
2026-09-04T17:50:03,TXN100245,0.208,Temporary UPI/network timeout. A delayed retry may recover the payment.,STOP,Maximum retry limit reached.,3,Not recovered,0.0
2026-09-04T17:50:03,TXN100246,0.218,Card issuer declined the transaction. Customer may need to use another payment method.,STOP,Low recovery probability for the current payment attempt.,0,Not recovered,0.0
2026-09-04T17:50:03,TXN100247,0.06,Authentication failed. Customer action is required before another attempt.,MESSAGE,Customer authentication is required.,0,Not recovered,0.0
2026-09-04T17:50:03,TXN100248,0.168,Card issuer declined the transaction. Customer may need to use another payment method.,STOP,Low recovery probability for the current payment attempt.,0,Not recovered,0.0
2026-09-04T17:50:03,TXN100249,0.542,Card issuer declined the transaction. Customer may need to use another payment method.,STOP,Low recovery probability for the current payment attempt.,0,Not recovered,0.0
2026-09-04T17:50:03,TXN100250,0.415,Temporary bank-side timeout. A controlled retry may recover the payment.,RETRY,Temporary technical failure with reasonable recovery probability.,0,Recovered,4557.14
2026-09-04T17:50:03,TXN100251,0.419,Temporary UPI/network timeout. A delayed retry may recover the payment.,RETRY,Temporary technical failure with reasonable recovery probability.,1,Recovered,5898.83
2026-09-04T17:50:03,TXN100252,0.175,Temporary network issue. A controlled retry is appropriate.,STOP,Maximum retry limit reached.,3,Not recovered,0.0
2026-09-04T17:50:03,TXN100253,0.109,Customer may not have sufficient funds. Customer notification is preferable to repeated retries.,MESSAGE,Customer should resolve the balance before another payment attempt.,0,Not recovered,0.0
2026-09-04T17:50:03,TXN100254,0.209,Customer may not have sufficient funds. Customer notification is preferable to repeated retries.,MESSAGE,Customer should resolve the balance before another payment attempt.,1,Not recovered,0.0
2026-09-04T17:50:03,TXN100255,0.575,Card issuer declined the transaction. Customer may need to use another payment method.,STOP,Low recovery probability for the current payment attempt.,1,Not recovered,0.0
2026-09-04T17:50:03,TXN100256,0.681,Temporary UPI/network timeout. A delayed retry may recover the payment.,RETRY,Temporary technical failure with reasonable recovery probability.,2,Not recovered,0.0
2026-09-04T17:50:03,TXN100257,0.146,Authentication failed. Customer action is required before another attempt.,MESSAGE,Customer authentication is required.,0,Not recovered,0.0
2026-09-04T17:50:03,TXN100258,0.314,Temporary bank-side timeout. A controlled retry may recover the payment.,MESSAGE,Technical failure has moderate recovery potential; customer notification is safer.,0,Not recovered,0.0
2026-09-04T17:50:03,TXN100259,0.685,Temporary UPI/network timeout. A delayed retry may recover the payment.,RETRY,Temporary technical failure with reasonable recovery probability.,0,Recovered,1637.31
2026-09-04T17:50:03,TXN100260,0.447,Temporary UPI/network timeout. A delayed retry may recover the payment.,RETRY,Temporary technical failure with reasonable recovery probability.,1,Not recovered,0.0
2026-09-04T17:50:03,TXN100261,0.599,Temporary bank-side timeout. A controlled retry may recover the payment.,RETRY,Temporary technical failure with reasonable recovery probability.,2,Not recovered,0.0
2026-09-04T17:50:03,TXN100262,0.614,Card issuer declined the transaction. Customer may need to use another payment method.,MESSAGE,Customer should retry using the same or another payment method.,0,Recovered,2272.38
2026-09-04T17:50:03,TXN100263,0.147,Temporary UPI/network timeout. A delayed retry may recover the payment.,STOP,Very low recovery probability.,0,Not recovered,0.0
2026-09-04T17:50:03,TXN100264,0.093,Customer may not have sufficient funds. Customer notification is preferable to repeated retries.,MESSAGE,Customer should resolve the balance before another payment attempt.,2,Not recovered,0.0
2026-09-04T17:50:03,TXN100265,0.828,Temporary bank-side timeout. A controlled retry may recover the payment.,RETRY,Temporary technical failure with reasonable recovery probability.,2,Not recovered,0.0
2026-09-04T17:50:03,TXN100266,0.1,Authentication failed. Customer action is required before another attempt.,STOP,Maximum retry limit reached.,3,Not recovered,0.0
2026-09-04T17:50:03,TXN100267,0.522,Temporary network issue. A controlled retry is appropriate.,RETRY,Temporary technical failure with reasonable recovery probability.,2,Not recovered,0.0
2026-09-04T17:50:03,TXN100268,0.656,Card issuer declined the transaction. Customer may need to use another payment method.,MESSAGE,Customer should retry using the same or another payment method.,0,Recovered,5519.83
2026-09-04T17:50:03,TXN100269,0.619,Temporary bank-side timeout. A controlled retry may recover the payment.,RETRY,Temporary technical failure with reasonable recovery probability.,1,Recovered,4544.45
2026-09-04T17:50:03,TXN100270,0.812,Temporary network issue. A controlled retry is appropriate.,RETRY,Temporary technical failure with reasonable recovery probability.,1,Not recovered,0.0
2026-09-04T17:50:03,TXN100271,0.801,Temporary network issue. A controlled retry is appropriate.,RETRY,Temporary technical failure with reasonable recovery probability.,0,Not recovered,0.0
2026-09-04T17:50:03,TXN100272,0.215,Authentication failed. Customer action is required before another attempt.,MESSAGE,Customer authentication is required.,1,Not recovered,0.0
2026-09-04T17:50:03,TXN100273,0.383,Temporary UPI/network timeout. A delayed retry may recover the payment.,MESSAGE,Technical failure has moderate recovery potential; customer notification is safer.,1,Not recovered,0.0
2026-09-04T17:50:03,TXN100274,0.582,Authentication failed. Customer action is required before another attempt.,MESSAGE,Customer authentication is required.,0,Not recovered,0.0
2026-09-04T17:50:03,TXN100275,0.412,Temporary UPI/network timeout. A delayed retry may recover the payment.,RETRY,Temporary technical failure with reasonable recovery probability.,2,Recovered,7621.94
2026-09-04T17:50:03,TXN100276,0.616,Temporary UPI/network timeout. A delayed retry may recover the payment.,RETRY,Temporary technical failure with reasonable recovery probability.,1,Not recovered,0.0
2026-09-04T17:50:03,TXN100277,0.578,Temporary bank-side timeout. A controlled retry may recover the payment.,STOP,Maximum retry limit reached.,3,Not recovered,0.0
2026-09-04T17:50:03,TXN100278,0.82,Temporary bank-side timeout. A controlled retry may recover the payment.,RETRY,Temporary technical failure with reasonable recovery probability.,0,Not recovered,0.0
2026-09-04T17:50:03,TXN100279,0.284,Card issuer declined the transaction. Customer may need to use another payment method.,STOP,Low recovery probability for the current payment attempt.,0,Not recovered,0.0
2026-09-04T17:50:03,TXN100280,0.791,Temporary UPI/network timeout. A delayed retry may recover the payment.,RETRY,Temporary technical failure with reasonable recovery probability.,1,Not recovered,0.0
2026-09-04T17:50:03,TXN100281,0.652,Temporary network issue. A controlled retry is appropriate.,RETRY,Temporary technical failure with reasonable recovery probability.,0,Recovered,5201.67
2026-09-04T17:50:03,TXN100282,0.275,Customer may not have sufficient funds. Customer notification is preferable to repeated retries.,MESSAGE,Customer should resolve the balance before another payment attempt.,1,Not recovered,0.0
2026-09-04T17:50:04,TXN100283,0.661,Card issuer declined the transaction. Customer may need to use another payment method.,MESSAGE,Customer should retry using the same or another payment method.,2,Recovered,1590.03
2026-09-04T17:50:04,TXN100284,0.377,Temporary bank-side timeout. A controlled retry may recover the payment.,MESSAGE,Technical failure has moderate recovery potential; customer notification is safer.,0,Not recovered,0.0
2026-09-04T17:50:04,TXN100285,0.102,Authentication failed. Customer action is required before another attempt.,MESSAGE,Customer authentication is required.,1,Not recovered,0.0
2026-09-04T17:50:04,TXN100286,0.192,Card issuer declined the transaction. Customer may need to use another payment method.,STOP,Low recovery probability for the current payment attempt.,1,Not recovered,0.0
2026-09-04T17:50:04,TXN100287,0.347,Card issuer declined the transaction. Customer may need to use another payment method.,STOP,Low recovery probability for the current payment attempt.,0,Not recovered,0.0
2026-09-04T17:50:04,TXN100288,0.681,Card issuer declined the transaction. Customer may need to use another payment method.,STOP,Maximum retry limit reached.,3,Not recovered,0.0
2026-09-04T17:50:04,TXN100289,0.406,Card issuer declined the transaction. Customer may need to use another payment method.,STOP,Low recovery probability for the current payment attempt.,2,Not recovered,0.0
2026-09-04T17:50:04,TXN100290,0.309,Customer may not have sufficient funds. Customer notification is preferable to repeated retries.,MESSAGE,Customer should resolve the balance before another payment attempt.,1,Recovered,650.43
2026-09-04T17:50:04,TXN100291,0.228,Authentication failed. Customer action is required before another attempt.,MESSAGE,Customer authentication is required.,1,Recovered,751.79
2026-09-04T17:50:04,TXN100292,0.147,Authentication failed. Customer action is required before another attempt.,MESSAGE,Customer authentication is required.,1,Not recovered,0.0
2026-09-04T17:50:04,TXN100293,0.082,Authentication failed. Customer action is required before another attempt.,MESSAGE,Customer authentication is required.,2,Not recovered,0.0
2026-09-04T17:50:04,TXN100294,0.711,Temporary UPI/network timeout. A delayed retry may recover the payment.,RETRY,Temporary technical failure with reasonable recovery probability.,1,Recovered,2079.62
2026-09-04T17:50:04,TXN100295,0.562,Temporary network issue. A controlled retry is appropriate.,RETRY,Temporary technical failure with reasonable recovery probability.,1,Recovered,7928.72
2026-09-04T17:50:04,TXN100296,0.082,Authentication failed. Customer action is required before another attempt.,MESSAGE,Customer authentication is required.,2,Not recovered,0.0
2026-09-04T17:50:04,TXN100297,0.657,Card issuer declined the transaction. Customer may need to use another payment method.,MESSAGE,Customer should retry using the same or another payment method.,0,Recovered,3393.37
2026-09-04T17:50:04,TXN100298,0.409,Card issuer declined the transaction. Customer may need to use another payment method.,STOP,Low recovery probability for the current payment attempt.,2,Not recovered,0.0
2026-09-04T17:50:04,TXN100299,0.629,Authentication failed. Customer action is required before another attempt.,MESSAGE,Customer authentication is required.,0,Recovered,1462.23
2026-09-04T17:50:04,TXN100300,0.047,Authentication failed. Customer action is required before another attempt.,MESSAGE,Customer authentication is required.,0,Not recovered,0.0
2026-09-04T17:50:04,TXN100301,0.323,Card issuer declined the transaction. Customer may need to use another payment method.,STOP,Low recovery probability for the current payment attempt.,0,Not recovered,0.0
2026-09-04T17:50:04,TXN100302,0.763,Temporary UPI/network timeout. A delayed retry may recover the payment.,STOP,Maximum retry limit reached.,3,Not recovered,0.0
2026-09-04T17:50:04,TXN100303,0.268,Temporary bank-side timeout. A controlled retry may recover the payment.,MESSAGE,Technical failure has moderate recovery potential; customer notification is safer.,2,Not recovered,0.0
2026-09-04T17:50:04,TXN100304,0.782,Temporary bank-side timeout. A controlled retry may recover the payment.,RETRY,Temporary technical failure with reasonable recovery probability.,1,Not recovered,0.0
2026-09-04T17:50:04,TXN100305,0.06,Authentication failed. Customer action is required before another attempt.,MESSAGE,Customer authentication is required.,1,Not recovered,0.0
2026-09-04T17:50:04,TXN100306,0.199,Customer may not have sufficient funds. Customer notification is preferable to repeated retries.,MESSAGE,Customer should resolve the balance before another payment attempt.,1,Not recovered,0.0
2026-09-04T17:50:04,TXN100307,0.143,Authentication failed. Customer action is required before another attempt.,STOP,Maximum retry limit reached.,3,Not recovered,0.0
2026-09-04T17:50:04,TXN100308,0.493,Authentication failed. Customer action is required before another attempt.,MESSAGE,Customer authentication is required.,1,Not recovered,0.0
2026-09-04T17:50:04,TXN100309,0.803,Temporary bank-side timeout. A controlled retry may recover the payment.,RETRY,Temporary technical failure with reasonable recovery probability.,0,Recovered,4207.59
2026-09-04T17:50:04,TXN100310,0.362,Card issuer declined the transaction. Customer may need to use another payment method.,STOP,Low recovery probability for the current payment attempt.,0,Not recovered,0.0
2026-09-04T17:50:04,TXN100311,0.043,Authentication failed. Customer action is required before another attempt.,MESSAGE,Customer authentication is required.,2,Not recovered,0.0
2026-09-04T17:50:04,TXN100312,0.667,Card issuer declined the transaction. Customer may need to use another payment method.,MESSAGE,Customer should retry using the same or another payment method.,1,Recovered,574.22
2026-09-04T17:50:04,TXN100313,0.205,Card issuer declined the transaction. Customer may need to use another payment method.,STOP,Low recovery probability for the current payment attempt.,0,Not recovered,0.0
2026-09-04T17:50:04,TXN100314,0.192,Customer may not have sufficient funds. Customer notification is preferable to repeated retries.,MESSAGE,Customer should resolve the balance before another payment attempt.,0,Not recovered,0.0
2026-09-04T17:50:04,TXN100315,0.133,Card issuer declined the transaction. Customer may need to use another payment method.,STOP,Low recovery probability for the current payment attempt.,2,Not recovered,0.0
2026-09-04T17:50:04,TXN100316,0.436,Temporary bank-side timeout. A controlled retry may recover the payment.,RETRY,Temporary technical failure with reasonable recovery probability.,0,Recovered,6251.91
2026-09-04T17:50:04,TXN100317,0.319,Temporary UPI/network timeout. A delayed retry may recover the payment.,MESSAGE,Technical failure has moderate recovery potential; customer notification is safer.,1,Recovered,2763.93
2026-09-04T17:50:04,TXN100318,0.154,Temporary UPI/network timeout. A delayed retry may recover the payment.,STOP,Maximum retry limit reached.,3,Not recovered,0.0
2026-09-04T17:50:04,TXN100319,0.446,Temporary network issue. A controlled retry is appropriate.,RETRY,Temporary technical failure with reasonable recovery probability.,0,Recovered,3902.85
2026-09-04T17:50:04,TXN100320,0.141,Authentication failed. Customer action is required before another attempt.,MESSAGE,Customer authentication is required.,0,Not recovered,0.0
2026-09-04T17:50:04,TXN100321,0.813,Temporary bank-side timeout. A controlled retry may recover the payment.,RETRY,Temporary technical failure with reasonable recovery probability.,1,Not recovered,0.0
2026-09-04T17:50:04,TXN100322,0.148,Card issuer declined the transaction. Customer may need to use another payment method.,STOP,Low recovery probability for the current payment attempt.,2,Not recovered,0.0
2026-09-04T17:50:04,TXN100323,0.627,Temporary UPI/network timeout. A delayed retry may recover the payment.,RETRY,Temporary technical failure with reasonable recovery probability.,1,Recovered,4342.3
2026-09-04T17:50:04,TXN100324,0.385,Temporary bank-side timeout. A controlled retry may recover the payment.,STOP,Maximum retry limit reached.,3,Not recovered,0.0
2026-09-04T17:50:04,TXN100325,0.407,Temporary UPI/network timeout. A delayed retry may recover the payment.,RETRY,Temporary technical failure with reasonable recovery probability.,0,Not recovered,0.0
2026-09-04T17:50:04,TXN100326,0.677,Card issuer declined the transaction. Customer may need to use another payment method.,MESSAGE,Customer should retry using the same or another payment method.,1,Not recovered,0.0
2026-09-04T17:50:04,TXN100327,0.825,Temporary UPI/network timeout. A delayed retry may recover the payment.,RETRY,Temporary technical failure with reasonable recovery probability.,1,Recovered,9253.08
2026-09-04T17:50:04,TXN100328,0.065,Authentication failed. Customer action is required before another attempt.,MESSAGE,Customer authentication is required.,2,Not recovered,0.0
2026-09-04T17:50:04,TXN100329,0.689,Authentication failed. Customer action is required before another attempt.,MESSAGE,Customer authentication is required.,0,Not recovered,0.0
2026-09-04T17:50:04,TXN100330,0.424,Temporary network issue. A controlled retry is appropriate.,RETRY,Temporary technical failure with reasonable recovery probability.,2,Recovered,5467.75
2026-09-04T17:50:04,TXN100331,0.385,Temporary network issue. A controlled retry is appropriate.,MESSAGE,Technical failure has moderate recovery potential; customer notification is safer.,1,Not recovered,0.0
2026-09-04T17:50:04,TXN100332,0.448,Temporary UPI/network timeout. A delayed retry may recover the payment.,RETRY,Temporary technical failure with reasonable recovery probability.,0,Recovered,412.04
2026-09-04T17:50:04,TXN100333,0.862,Temporary bank-side timeout. A controlled retry may recover the payment.,RETRY,Temporary technical failure with reasonable recovery probability.,0,Recovered,1916.99
2026-09-04T17:50:04,TXN100334,0.062,Authentication failed. Customer action is required before another attempt.,MESSAGE,Customer authentication is required.,2,Not recovered,0.0
2026-09-04T17:50:04,TXN100335,0.68,Temporary bank-side timeout. A controlled retry may recover the payment.,RETRY,Temporary technical failure with reasonable recovery probability.,0,Recovered,801.83
2026-09-04T17:50:04,TXN100336,0.723,Temporary bank-side timeout. A controlled retry may recover the payment.,RETRY,Temporary technical failure with reasonable recovery probability.,0,Not recovered,0.0
2026-09-04T17:50:04,TXN100337,0.233,Temporary UPI/network timeout. A delayed retry may recover the payment.,STOP,Very low recovery probability.,0,Not recovered,0.0
2026-09-04T17:50:04,TXN100338,0.726,Temporary bank-side timeout. A controlled retry may recover the payment.,RETRY,Temporary technical failure with reasonable recovery probability.,2,Recovered,7217.25
2026-09-04T17:50:04,TXN100339,0.079,Authentication failed. Customer action is required before another attempt.,MESSAGE,Customer authentication is required.,1,Not recovered,0.0
2026-09-04T17:50:04,TXN100340,0.285,Card issuer declined the transaction. Customer may need to use another payment method.,STOP,Low recovery probability for the current payment attempt.,2,Not recovered,0.0
2026-09-04T17:50:04,TXN100341,0.588,Temporary network issue. A controlled retry is appropriate.,RETRY,Temporary technical failure with reasonable recovery probability.,0,Recovered,7206.86
2026-09-04T17:50:04,TXN100342,0.281,Card issuer declined the transaction. Customer may need to use another payment method.,STOP,Low recovery probability for the current payment attempt.,1,Not recovered,0.0
2026-09-04T17:50:04,TXN100343,0.519,Temporary bank-side timeout. A controlled retry may recover the payment.,RETRY,Temporary technical failure with reasonable recovery probability.,1,Recovered,6620.44
2026-09-04T17:50:04,TXN100344,0.388,Card issuer declined the transaction. Customer may need to use another payment method.,STOP,Low recovery probability for the current payment attempt.,2,Not recovered,0.0
2026-09-04T17:50:04,TXN100345,0.07,Authentication failed. Customer action is required before another attempt.,MESSAGE,Customer authentication is required.,2,Not recovered,0.0
2026-09-04T17:50:04,TXN100346,0.088,Authentication failed. Customer action is required before another attempt.,MESSAGE,Customer authentication is required.,0,Not recovered,0.0
2026-09-04T17:50:04,TXN100347,0.77,Temporary bank-side timeout. A controlled retry may recover the payment.,RETRY,Temporary technical failure with reasonable recovery probability.,1,Recovered,869.54
2026-09-04T17:50:04,TXN100348,0.735,Temporary UPI/network timeout. A delayed retry may recover the payment.,RETRY,Temporary technical failure with reasonable recovery probability.,0,Recovered,5743.64
2026-09-04T17:50:04,TXN100349,0.181,Card issuer declined the transaction. Customer may need to use another payment method.,STOP,Low recovery probability for the current payment attempt.,1,Not recovered,0.0
2026-09-04T17:50:04,TXN100350,0.748,Temporary UPI/network timeout. A delayed retry may recover the payment.,RETRY,Temporary technical failure with reasonable recovery probability.,0,Recovered,7645.92
2026-09-04T17:50:04,TXN100351,0.299,Temporary UPI/network timeout. A delayed retry may recover the payment.,MESSAGE,Technical failure has moderate recovery potential; customer notification is safer.,0,Not recovered,0.0
2026-09-04T17:50:04,TXN100352,0.332,Customer may not have sufficient funds. Customer notification is preferable to repeated retries.,MESSAGE,Customer should resolve the balance before another payment attempt.,0,Not recovered,0.0
2026-09-04T17:50:04,TXN100353,0.581,Temporary bank-side timeout. A controlled retry may recover the payment.,RETRY,Temporary technical failure with reasonable recovery probability.,1,Recovered,2610.59
2026-09-04T17:50:04,TXN100354,0.271,Temporary network issue. A controlled retry is appropriate.,MESSAGE,Technical failure has moderate recovery potential; customer notification is safer.,0,Recovered,1243.49
2026-09-04T17:50:04,TXN100355,0.105,Authentication failed. Customer action is required before another attempt.,MESSAGE,Customer authentication is required.,1,Not recovered,0.0
2026-09-04T17:50:04,TXN100356,0.093,Authentication failed. Customer action is required before another attempt.,MESSAGE,Customer authentication is required.,0,Recovered,591.39
2026-09-04T17:50:04,TXN100357,0.549,Temporary bank-side timeout. A controlled retry may recover the payment.,RETRY,Temporary technical failure with reasonable recovery probability.,0,Recovered,8869.06
2026-09-04T17:50:04,TXN100358,0.795,Temporary network issue. A controlled retry is appropriate.,RETRY,Temporary technical failure with reasonable recovery probability.,2,Not recovered,0.0
2026-09-04T17:50:04,TXN100359,0.146,Authentication failed. Customer action is required before another attempt.,MESSAGE,Customer authentication is required.,0,Not recovered,0.0
2026-09-04T17:50:04,TXN100360,0.594,Temporary bank-side timeout. A controlled retry may recover the payment.,RETRY,Temporary technical failure with reasonable recovery probability.,0,Recovered,5944.3
2026-09-04T17:50:04,TXN100361,0.167,Authentication failed. Customer action is required before another attempt.,MESSAGE,Customer authentication is required.,1,Not recovered,0.0
2026-09-04T17:50:04,TXN100362,0.581,Temporary UPI/network timeout. A delayed retry may recover the payment.,RETRY,Temporary technical failure with reasonable recovery probability.,0,Recovered,6981.6
2026-09-04T17:50:04,TXN100363,0.369,Card issuer declined the transaction. Customer may need to use another payment method.,STOP,Low recovery probability for the current payment attempt.,0,Not recovered,0.0
2026-09-04T17:50:04,TXN100364,0.42,Card issuer declined the transaction. Customer may need to use another payment method.,STOP,Low recovery probability for the current payment attempt.,0,Not recovered,0.0
2026-09-04T17:50:04,TXN100365,0.66,Authentication failed. Customer action is required before another attempt.,STOP,Maximum retry limit reached.,3,Not recovered,0.0
2026-09-04T17:50:05,TXN100366,0.214,Customer may not have sufficient funds. Customer notification is preferable to repeated retries.,MESSAGE,Customer should resolve the balance before another payment attempt.,1,Not recovered,0.0
2026-09-04T17:50:05,TXN100367,0.798,Temporary network issue. A controlled retry is appropriate.,RETRY,Temporary technical failure with reasonable recovery probability.,1,Not recovered,0.0
2026-09-04T17:50:05,TXN100368,0.453,Temporary network issue. A controlled retry is appropriate.,RETRY,Temporary technical failure with reasonable recovery probability.,1,Recovered,3096.9
2026-09-04T17:50:05,TXN100369,0.602,Temporary network issue. A controlled retry is appropriate.,RETRY,Temporary technical failure with reasonable recovery probability.,0,Recovered,1225.62
2026-09-04T17:50:05,TXN100370,0.668,Temporary UPI/network timeout. A delayed retry may recover the payment.,RETRY,Temporary technical failure with reasonable recovery probability.,0,Recovered,1690.62
2026-09-04T17:50:05,TXN100371,0.747,Temporary network issue. A controlled retry is appropriate.,RETRY,Temporary technical failure with reasonable recovery probability.,2,Recovered,468.7
2026-09-04T17:50:05,TXN100372,0.283,Card issuer declined the transaction. Customer may need to use another payment method.,STOP,Low recovery probability for the current payment attempt.,0,Not recovered,0.0
2026-09-04T17:50:05,TXN100373,0.208,Temporary UPI/network timeout. A delayed retry may recover the payment.,STOP,Very low recovery probability.,0,Not recovered,0.0
2026-09-04T17:50:05,TXN100374,0.469,Temporary bank-side timeout. A controlled retry may recover the payment.,RETRY,Temporary technical failure with reasonable recovery probability.,0,Recovered,1252.66
2026-09-04T17:50:05,TXN100375,0.451,Temporary network issue. A controlled retry is appropriate.,RETRY,Temporary technical failure with reasonable recovery probability.,0,Recovered,4920.16
2026-09-04T17:50:05,TXN100376,0.247,Temporary network issue. A controlled retry is appropriate.,STOP,Maximum retry limit reached.,3,Not recovered,0.0
2026-09-04T17:50:05,TXN100377,0.737,Temporary bank-side timeout. A controlled retry may recover the payment.,RETRY,Temporary technical failure with reasonable recovery probability.,0,Recovered,543.45
2026-09-04T17:50:05,TXN100378,0.756,Temporary network issue. A controlled retry is appropriate.,RETRY,Temporary technical failure with reasonable recovery probability.,1,Not recovered,0.0
2026-09-04T17:50:05,TXN100379,0.422,Temporary bank-side timeout. A controlled retry may recover the payment.,RETRY,Temporary technical failure with reasonable recovery probability.,0,Recovered,4370.73
2026-09-04T17:50:05,TXN100380,0.216,Temporary UPI/network timeout. A delayed retry may recover the payment.,STOP,Maximum retry limit reached.,3,Not recovered,0.0
2026-09-04T17:50:05,TXN100381,0.351,Card issuer declined the transaction. Customer may need to use another payment method.,STOP,Low recovery probability for the current payment attempt.,0,Not recovered,0.0
2026-09-04T17:50:05,TXN100382,0.357,Temporary bank-side timeout. A controlled retry may recover the payment.,MESSAGE,Technical failure has moderate recovery potential; customer notification is safer.,0,Not recovered,0.0
2026-09-04T17:50:05,TXN100383,0.107,Customer may not have sufficient funds. Customer notification is preferable to repeated retries.,MESSAGE,Customer should resolve the balance before another payment attempt.,1,Not recovered,0.0
2026-09-04T17:50:05,TXN100384,0.309,Temporary bank-side timeout. A controlled retry may recover the payment.,MESSAGE,Technical failure has moderate recovery potential; customer notification is safer.,1,Not recovered,0.0
2026-09-04T17:50:05,TXN100385,0.711,Temporary network issue. A controlled retry is appropriate.,RETRY,Temporary technical failure with reasonable recovery probability.,0,Not recovered,0.0
2026-09-04T17:50:05,TXN100386,0.621,Temporary UPI/network timeout. A delayed retry may recover the payment.,RETRY,Temporary technical failure with reasonable recovery probability.,0,Recovered,4373.39
2026-09-04T17:50:05,TXN100387,0.2,Authentication failed. Customer action is required before another attempt.,MESSAGE,Customer authentication is required.,0,Not recovered,0.0
2026-09-04T17:50:05,TXN100388,0.722,Temporary UPI/network timeout. A delayed retry may recover the payment.,RETRY,Temporary technical failure with reasonable recovery probability.,0,Recovered,11308.85
2026-09-04T17:50:05,TXN100389,0.584,Authentication failed. Customer action is required before another attempt.,MESSAGE,Customer authentication is required.,0,Not recovered,0.0
2026-09-04T17:50:05,TXN100390,0.559,Temporary bank-side timeout. A controlled retry may recover the payment.,RETRY,Temporary technical failure with reasonable recovery probability.,1,Not recovered,0.0
2026-09-04T17:50:05,TXN100391,0.74,Card issuer declined the transaction. Customer may need to use another payment method.,MESSAGE,Customer should retry using the same or another payment method.,0,Recovered,6306.15
2026-09-04T17:50:05,TXN100392,0.136,Customer may not have sufficient funds. Customer notification is preferable to repeated retries.,MESSAGE,Customer should resolve the balance before another payment attempt.,0,Not recovered,0.0
2026-09-04T17:50:05,TXN100393,0.852,Temporary UPI/network timeout. A delayed retry may recover the payment.,RETRY,Temporary technical failure with reasonable recovery probability.,1,Not recovered,0.0
2026-09-04T17:50:05,TXN100394,0.29,Temporary network issue. A controlled retry is appropriate.,STOP,Maximum retry limit reached.,3,Not recovered,0.0
2026-09-04T17:50:05,TXN100395,0.045,Authentication failed. Customer action is required before another attempt.,MESSAGE,Customer authentication is required.,1,Not recovered,0.0
2026-09-04T17:50:05,TXN100396,0.33,Temporary network issue. A controlled retry is appropriate.,MESSAGE,Technical failure has moderate recovery potential; customer notification is safer.,0,Not recovered,0.0
2026-09-04T17:50:05,TXN100397,0.744,Card issuer declined the transaction. Customer may need to use another payment method.,MESSAGE,Customer should retry using the same or another payment method.,0,Recovered,6548.54
2026-09-04T17:50:05,TXN100398,0.046,Authentication failed. Customer action is required before another attempt.,STOP,Maximum retry limit reached.,3,Not recovered,0.0
2026-09-04T17:50:05,TXN100399,0.48,Temporary UPI/network timeout. A delayed retry may recover the payment.,RETRY,Temporary technical failure with reasonable recovery probability.,0,Not recovered,0.0
2026-09-04T17:50:05,TXN100400,0.658,Temporary bank-side timeout. A controlled retry may recover the payment.,RETRY,Temporary technical failure with reasonable recovery probability.,0,Recovered,1725.34
2026-09-04T17:50:05,TXN100401,0.22,Temporary network issue. A controlled retry is appropriate.,STOP,Very low recovery probability.,1,Not recovered,0.0
2026-09-04T17:50:05,TXN100402,0.596,Card issuer declined the transaction. Customer may need to use another payment method.,STOP,Low recovery probability for the current payment attempt.,1,Not recovered,0.0
2026-09-04T17:50:05,TXN100403,0.735,Temporary UPI/network timeout. A delayed retry may recover the payment.,RETRY,Temporary technical failure with reasonable recovery probability.,1,Not recovered,0.0
2026-09-04T17:50:05,TXN100404,0.697,Temporary UPI/network timeout. A delayed retry may recover the payment.,RETRY,Temporary technical failure with reasonable recovery probability.,0,Recovered,4936.05
2026-09-04T17:50:05,TXN100405,0.714,Temporary UPI/network timeout. A delayed retry may recover the payment.,RETRY,Temporary technical failure with reasonable recovery probability.,0,Not recovered,0.0
2026-09-04T17:50:05,TXN100406,0.659,Temporary UPI/network timeout. A delayed retry may recover the payment.,STOP,Maximum retry limit reached.,3,Not recovered,0.0
2026-09-04T17:50:05,TXN100407,0.155,Authentication failed. Customer action is required before another attempt.,MESSAGE,Customer authentication is required.,0,Recovered,359.41
2026-09-04T17:50:05,TXN100408,0.332,Temporary UPI/network timeout. A delayed retry may recover the payment.,MESSAGE,Technical failure has moderate recovery potential; customer notification is safer.,1,Not recovered,0.0
2026-09-04T17:50:05,TXN100409,0.73,Temporary network issue. A controlled retry is appropriate.,RETRY,Temporary technical failure with reasonable recovery probability.,1,Recovered,1550.13
2026-09-04T17:50:05,TXN100410,0.342,Card issuer declined the transaction. Customer may need to use another payment method.,STOP,Low recovery probability for the current payment attempt.,1,Not recovered,0.0
2026-09-04T17:50:05,TXN100411,0.033,Authentication failed. Customer action is required before another attempt.,MESSAGE,Customer authentication is required.,0,Not recovered,0.0
2026-09-04T17:50:05,TXN100412,0.592,Temporary UPI/network timeout. A delayed retry may recover the payment.,RETRY,Temporary technical failure with reasonable recovery probability.,0,Not recovered,0.0
2026-09-04T17:50:05,TXN100413,0.112,Customer may not have sufficient funds. Customer notification is preferable to repeated retries.,MESSAGE,Customer should resolve the balance before another payment attempt.,1,Not recovered,0.0
2026-09-04T17:50:05,TXN100414,0.176,Customer may not have sufficient funds. Customer notification is preferable to repeated retries.,MESSAGE,Customer should resolve the balance before another payment attempt.,2,Not recovered,0.0
2026-09-04T17:50:05,TXN100415,0.721,Card issuer declined the transaction. Customer may need to use another payment method.,STOP,Maximum retry limit reached.,3,Not recovered,0.0
2026-09-04T17:50:05,TXN100416,0.392,Temporary bank-side timeout. A controlled retry may recover the payment.,MESSAGE,Technical failure has moderate recovery potential; customer notification is safer.,0,Recovered,4538.81
2026-09-04T17:50:05,TXN100417,0.868,Temporary bank-side timeout. A controlled retry may recover the payment.,RETRY,Temporary technical failure with reasonable recovery probability.,0,Recovered,5063.56
2026-09-04T17:50:05,TXN100418,0.095,Authentication failed. Customer action is required before another attempt.,STOP,Maximum retry limit reached.,3,Not recovered,0.0
2026-09-04T17:50:05,TXN100419,0.121,Authentication failed. Customer action is required before another attempt.,MESSAGE,Customer authentication is required.,1,Not recovered,0.0
2026-09-04T17:50:05,TXN100420,0.185,Authentication failed. Customer action is required before another attempt.,MESSAGE,Customer authentication is required.,2,Not recovered,0.0
2026-09-04T17:50:05,TXN100421,0.202,Temporary bank-side timeout. A controlled retry may recover the payment.,STOP,Very low recovery probability.,0,Not recovered,0.0
2026-09-04T17:50:05,TXN100422,0.156,Customer may not have sufficient funds. Customer notification is preferable to repeated retries.,MESSAGE,Customer should resolve the balance before another payment attempt.,1,Recovered,1548.94
2026-09-04T17:50:05,TXN100423,0.381,Temporary bank-side timeout. A controlled retry may recover the payment.,MESSAGE,Technical failure has moderate recovery potential; customer notification is safer.,1,Not recovered,0.0
2026-09-04T17:50:05,TXN100424,0.779,Temporary network issue. A controlled retry is appropriate.,RETRY,Temporary technical failure with reasonable recovery probability.,1,Recovered,1050.93
2026-09-04T17:50:05,TXN100425,0.824,Temporary UPI/network timeout. A delayed retry may recover the payment.,RETRY,Temporary technical failure with reasonable recovery probability.,0,Recovered,8332.58
2026-09-04T17:50:05,TXN100426,0.035,Authentication failed. Customer action is required before another attempt.,MESSAGE,Customer authentication is required.,0,Not recovered,0.0
2026-09-04T17:50:05,TXN100427,0.146,Customer may not have sufficient funds. Customer notification is preferable to repeated retries.,MESSAGE,Customer should resolve the balance before another payment attempt.,1,Not recovered,0.0
2026-09-04T17:50:05,TXN100428,0.764,Card issuer declined the transaction. Customer may need to use another payment method.,MESSAGE,Customer should retry using the same or another payment method.,0,Recovered,5392.89
2026-09-04T17:50:05,TXN100429,0.413,Card issuer declined the transaction. Customer may need to use another payment method.,STOP,Low recovery probability for the current payment attempt.,1,Not recovered,0.0
2026-09-04T17:50:05,TXN100430,0.709,Temporary UPI/network timeout. A delayed retry may recover the payment.,STOP,Maximum retry limit reached.,3,Not recovered,0.0
2026-09-04T17:50:05,TXN100431,0.17,Customer may not have sufficient funds. Customer notification is preferable to repeated retries.,MESSAGE,Customer should resolve the balance before another payment attempt.,0,Not recovered,0.0
2026-09-04T17:50:05,TXN100432,0.394,Temporary bank-side timeout. A controlled retry may recover the payment.,MESSAGE,Technical failure has moderate recovery potential; customer notification is safer.,2,Not recovered,0.0
2026-09-04T17:50:05,TXN100433,0.258,Temporary bank-side timeout. A controlled retry may recover the payment.,MESSAGE,Technical failure has moderate recovery potential; customer notification is safer.,0,Recovered,1695.72
2026-09-04T17:50:05,TXN100434,0.624,Temporary network issue. A controlled retry is appropriate.,RETRY,Temporary technical failure with reasonable recovery probability.,1,Recovered,1443.86
2026-09-04T17:50:05,TXN100435,0.21,Temporary network issue. A controlled retry is appropriate.,STOP,Maximum retry limit reached.,3,Not recovered,0.0
2026-09-04T17:50:05,TXN100436,0.84,Temporary bank-side timeout. A controlled retry may recover the payment.,RETRY,Temporary technical failure with reasonable recovery probability.,0,Recovered,1275.97
2026-09-04T17:50:05,TXN100437,0.476,Card issuer declined the transaction. Customer may need to use another payment method.,STOP,Low recovery probability for the current payment attempt.,0,Not recovered,0.0
2026-09-04T17:50:05,TXN100438,0.197,Authentication failed. Customer action is required before another attempt.,MESSAGE,Customer authentication is required.,0,Not recovered,0.0
2026-09-04T17:50:05,TXN100439,0.61,Card issuer declined the transaction. Customer may need to use another payment method.,MESSAGE,Customer should retry using the same or another payment method.,0,Recovered,1403.04
2026-09-04T17:50:05,TXN100440,0.796,Temporary network issue. A controlled retry is appropriate.,RETRY,Temporary technical failure with reasonable recovery probability.,1,Recovered,1454.68
2026-09-04T17:50:05,TXN100441,0.689,Temporary UPI/network timeout. A delayed retry may recover the payment.,RETRY,Temporary technical failure with reasonable recovery probability.,2,Not recovered,0.0
2026-09-04T17:50:05,TXN100442,0.712,Temporary bank-side timeout. A controlled retry may recover the payment.,RETRY,Temporary technical failure with reasonable recovery probability.,0,Recovered,5738.58
2026-09-04T17:50:05,TXN100443,0.677,Temporary network issue. A controlled retry is appropriate.,RETRY,Temporary technical failure with reasonable recovery probability.,0,Recovered,5684.87
2026-09-04T17:50:05,TXN100444,0.68,Temporary network issue. A controlled retry is appropriate.,RETRY,Temporary technical failure with reasonable recovery probability.,0,Not recovered,0.0
2026-09-04T17:50:05,TXN100445,0.192,Authentication failed. Customer action is required before another attempt.,MESSAGE,Customer authentication is required.,1,Not recovered,0.0
2026-09-04T17:50:05,TXN100446,0.207,Temporary bank-side timeout. A controlled retry may recover the payment.,STOP,Very low recovery probability.,0,Not recovered,0.0
2026-09-04T17:50:05,TXN100447,0.226,Authentication failed. Customer action is required before another attempt.,MESSAGE,Customer authentication is required.,1,Not recovered,0.0
2026-09-04T17:50:05,TXN100448,0.786,Temporary bank-side timeout. A controlled retry may recover the payment.,RETRY,Temporary technical failure with reasonable recovery probability.,1,Recovered,5768.02
2026-09-04T17:50:05,TXN100449,0.455,Authentication failed. Customer action is required before another attempt.,MESSAGE,Customer authentication is required.,1,Recovered,1434.89
2026-09-04T17:50:06,TXN100450,0.254,Card issuer declined the transaction. Customer may need to use another payment method.,STOP,Low recovery probability for the current payment attempt.,0,Not recovered,0.0
2026-09-04T17:50:06,TXN100451,0.568,Temporary UPI/network timeout. A delayed retry may recover the payment.,RETRY,Temporary technical failure with reasonable recovery probability.,1,Recovered,8463.94
2026-09-04T17:50:06,TXN100452,0.58,Temporary UPI/network timeout. A delayed retry may recover the payment.,RETRY,Temporary technical failure with reasonable recovery probability.,0,Recovered,6477.91
2026-09-04T17:50:06,TXN100453,0.801,Temporary bank-side timeout. A controlled retry may recover the payment.,RETRY,Temporary technical failure with reasonable recovery probability.,0,Not recovered,0.0
2026-09-04T17:50:06,TXN100454,0.076,Customer may not have sufficient funds. Customer notification is preferable to repeated retries.,MESSAGE,Customer should resolve the balance before another payment attempt.,2,Not recovered,0.0
2026-09-04T17:50:06,TXN100455,0.668,Temporary network issue. A controlled retry is appropriate.,RETRY,Temporary technical failure with reasonable recovery probability.,1,Not recovered,0.0
2026-09-04T17:50:06,TXN100456,0.388,Temporary network issue. A controlled retry is appropriate.,MESSAGE,Technical failure has moderate recovery potential; customer notification is safer.,0,Recovered,367.05
2026-09-04T17:50:06,TXN100457,0.808,Temporary bank-side timeout. A controlled retry may recover the payment.,RETRY,Temporary technical failure with reasonable recovery probability.,0,Recovered,7135.65
2026-09-04T17:50:06,TXN100458,0.095,Authentication failed. Customer action is required before another attempt.,MESSAGE,Customer authentication is required.,0,Recovered,1032.34
2026-09-04T17:50:06,TXN100459,0.229,Customer may not have sufficient funds. Customer notification is preferable to repeated retries.,MESSAGE,Customer should resolve the balance before another payment attempt.,0,Recovered,1957.62
2026-09-04T17:50:06,TXN100460,0.594,Card issuer declined the transaction. Customer may need to use another payment method.,STOP,Low recovery probability for the current payment attempt.,0,Not recovered,0.0
2026-09-04T17:50:06,TXN100461,0.249,Authentication failed. Customer action is required before another attempt.,MESSAGE,Customer authentication is required.,0,Not recovered,0.0
2026-09-04T17:50:06,TXN100462,0.086,Authentication failed. Customer action is required before another attempt.,MESSAGE,Customer authentication is required.,1,Not recovered,0.0
2026-09-04T17:50:06,TXN100463,0.797,Temporary bank-side timeout. A controlled retry may recover the payment.,RETRY,Temporary technical failure with reasonable recovery probability.,1,Not recovered,0.0
2026-09-04T17:50:06,TXN100464,0.405,Temporary bank-side timeout. A controlled retry may recover the payment.,RETRY,Temporary technical failure with reasonable recovery probability.,1,Not recovered,0.0
2026-09-04T17:50:06,TXN100465,0.478,Temporary network issue. A controlled retry is appropriate.,RETRY,Temporary technical failure with reasonable recovery probability.,1,Recovered,5747.46
2026-09-04T17:50:06,TXN100466,0.891,Temporary bank-side timeout. A controlled retry may recover the payment.,RETRY,Temporary technical failure with reasonable recovery probability.,0,Recovered,4427.82
2026-09-04T17:50:06,TXN100467,0.755,Temporary bank-side timeout. A controlled retry may recover the payment.,STOP,Maximum retry limit reached.,3,Not recovered,0.0
2026-09-04T17:50:06,TXN100468,0.548,Temporary bank-side timeout. A controlled retry may recover the payment.,RETRY,Temporary technical failure with reasonable recovery probability.,2,Recovered,3508.44
2026-09-04T17:50:06,TXN100469,0.61,Temporary network issue. A controlled retry is appropriate.,RETRY,Temporary technical failure with reasonable recovery probability.,2,Not recovered,0.0
2026-09-04T17:50:06,TXN100470,0.72,Card issuer declined the transaction. Customer may need to use another payment method.,MESSAGE,Customer should retry using the same or another payment method.,2,Recovered,378.9
2026-09-04T17:50:06,TXN100471,0.146,Card issuer declined the transaction. Customer may need to use another payment method.,STOP,Maximum retry limit reached.,3,Not recovered,0.0
2026-09-04T17:50:06,TXN100472,0.673,Temporary bank-side timeout. A controlled retry may recover the payment.,RETRY,Temporary technical failure with reasonable recovery probability.,1,Recovered,837.81
2026-09-04T17:50:06,TXN100473,0.527,Temporary network issue. A controlled retry is appropriate.,RETRY,Temporary technical failure with reasonable recovery probability.,0,Not recovered,0.0
2026-09-04T17:50:06,TXN100474,0.392,Card issuer declined the transaction. Customer may need to use another payment method.,STOP,Low recovery probability for the current payment attempt.,1,Not recovered,0.0
2026-09-04T17:50:06,TXN100475,0.269,Authentication failed. Customer action is required before another attempt.,MESSAGE,Customer authentication is required.,1,Not recovered,0.0
2026-09-04T17:50:06,TXN100476,0.524,Card issuer declined the transaction. Customer may need to use another payment method.,STOP,Low recovery probability for the current payment attempt.,1,Not recovered,0.0
2026-09-04T17:50:06,TXN100477,0.717,Card issuer declined the transaction. Customer may need to use another payment method.,MESSAGE,Customer should retry using the same or another payment method.,1,Not recovered,0.0
2026-09-04T17:50:06,TXN100478,0.806,Temporary network issue. A controlled retry is appropriate.,RETRY,Temporary technical failure with reasonable recovery probability.,0,Not recovered,0.0
2026-09-04T17:50:06,TXN100479,0.099,Authentication failed. Customer action is required before another attempt.,MESSAGE,Customer authentication is required.,0,Not recovered,0.0
2026-09-04T17:50:06,TXN100480,0.47,Temporary network issue. A controlled retry is appropriate.,RETRY,Temporary technical failure with reasonable recovery probability.,2,Not recovered,0.0
2026-09-04T17:50:06,TXN100481,0.475,Temporary bank-side timeout. A controlled retry may recover the payment.,RETRY,Temporary technical failure with reasonable recovery probability.,1,Recovered,10496.78
2026-09-04T17:50:06,TXN100482,0.293,Temporary UPI/network timeout. A delayed retry may recover the payment.,MESSAGE,Technical failure has moderate recovery potential; customer notification is safer.,1,Not recovered,0.0
2026-09-04T17:50:06,TXN100483,0.541,Card issuer declined the transaction. Customer may need to use another payment method.,STOP,Low recovery probability for the current payment attempt.,0,Not recovered,0.0
2026-09-04T17:50:06,TXN100484,0.85,Temporary UPI/network timeout. A delayed retry may recover the payment.,RETRY,Temporary technical failure with reasonable recovery probability.,0,Recovered,8847.44
2026-09-04T17:50:06,TXN100485,0.695,Temporary network issue. A controlled retry is appropriate.,RETRY,Temporary technical failure with reasonable recovery probability.,2,Not recovered,0.0
2026-09-04T17:50:06,TXN100486,0.85,Temporary network issue. A controlled retry is appropriate.,RETRY,Temporary technical failure with reasonable recovery probability.,1,Recovered,871.65
2026-09-04T17:50:06,TXN100487,0.307,Temporary network issue. A controlled retry is appropriate.,MESSAGE,Technical failure has moderate recovery potential; customer notification is safer.,2,Recovered,4357.54
2026-09-04T17:50:06,TXN100488,0.16,Temporary UPI/network timeout. A delayed retry may recover the payment.,STOP,Very low recovery probability.,1,Not recovered,0.0
2026-09-04T17:50:06,TXN100489,0.485,Temporary network issue. A controlled retry is appropriate.,RETRY,Temporary technical failure with reasonable recovery probability.,1,Not recovered,0.0
2026-09-04T17:50:06,TXN100490,0.863,Temporary bank-side timeout. A controlled retry may recover the payment.,RETRY,Temporary technical failure with reasonable recovery probability.,0,Recovered,6943.18
2026-09-04T17:50:06,TXN100491,0.748,Temporary network issue. A controlled retry is appropriate.,RETRY,Temporary technical failure with reasonable recovery probability.,1,Recovered,9377.58
2026-09-04T17:50:06,TXN100492,0.344,Customer may not have sufficient funds. Customer notification is preferable to repeated retries.,MESSAGE,Customer should resolve the balance before another payment attempt.,0,Recovered,4304.52
2026-09-04T17:50:06,TXN100493,0.322,Temporary UPI/network timeout. A delayed retry may recover the payment.,MESSAGE,Technical failure has moderate recovery potential; customer notification is safer.,0,Recovered,2983.38
2026-09-04T17:50:06,TXN100494,0.121,Customer may not have sufficient funds. Customer notification is preferable to repeated retries.,MESSAGE,Customer should resolve the balance before another payment attempt.,1,Not recovered,0.0
2026-09-04T17:50:06,TXN100495,0.754,Temporary network issue. A controlled retry is appropriate.,STOP,Maximum retry limit reached.,3,Not recovered,0.0
2026-09-04T17:50:06,TXN100496,0.716,Temporary bank-side timeout. A controlled retry may recover the payment.,RETRY,Temporary technical failure with reasonable recovery probability.,0,Recovered,8837.69
2026-09-04T17:50:06,TXN100497,0.68,Card issuer declined the transaction. Customer may need to use another payment method.,MESSAGE,Customer should retry using the same or another payment method.,2,Recovered,1349.55
2026-09-04T17:50:06,TXN100498,0.064,Authentication failed. Customer action is required before another attempt.,MESSAGE,Customer authentication is required.,0,Not recovered,0.0
2026-09-04T17:50:06,TXN100499,0.104,Authentication failed. Customer action is required before another attempt.,MESSAGE,Customer authentication is required.,0,Not recovered,0.0
2026-09-04T17:50:06,TXN100500,0.399,Temporary network issue. A controlled retry is appropriate.,MESSAGE,Technical failure has moderate recovery potential; customer notification is safer.,0,Not recovered,0.0
2026-09-04T17:50:06,TXN100501,0.789,Temporary bank-side timeout. A controlled retry may recover the payment.,RETRY,Temporary technical failure with reasonable recovery probability.,0,Recovered,8133.76
2026-09-04T17:50:06,TXN100502,0.691,Temporary UPI/network timeout. A delayed retry may recover the payment.,RETRY,Temporary technical failure with reasonable recovery probability.,1,Recovered,4780.32
2026-09-04T17:50:06,TXN100503,0.635,Customer may not have sufficient funds. Customer notification is preferable to repeated retries.,MESSAGE,Customer should resolve the balance before another payment attempt.,0,Not recovered,0.0
2026-09-04T17:50:06,TXN100504,0.287,Customer may not have sufficient funds. Customer notification is preferable to repeated retries.,MESSAGE,Customer should resolve the balance before another payment attempt.,1,Not recovered,0.0
2026-09-04T17:50:06,TXN100505,0.179,Customer may not have sufficient funds. Customer notification is preferable to repeated retries.,MESSAGE,Customer should resolve the balance before another payment attempt.,2,Not recovered,0.0
2026-09-04T17:50:06,TXN100506,0.437,Temporary UPI/network timeout. A delayed retry may recover the payment.,RETRY,Temporary technical failure with reasonable recovery probability.,0,Not recovered,0.0
2026-09-04T17:50:06,TXN100507,0.089,Authentication failed. Customer action is required before another attempt.,MESSAGE,Customer authentication is required.,2,Not recovered,0.0
2026-09-04T17:50:06,TXN100508,0.302,Temporary bank-side timeout. A controlled retry may recover the payment.,MESSAGE,Technical failure has moderate recovery potential; customer notification is safer.,0,Not recovered,0.0
2026-09-04T17:50:06,TXN100509,0.849,Temporary UPI/network timeout. A delayed retry may recover the payment.,RETRY,Temporary technical failure with reasonable recovery probability.,1,Not recovered,0.0
2026-09-04T17:50:06,TXN100510,0.168,Customer may not have sufficient funds. Customer notification is preferable to repeated retries.,MESSAGE,Customer should resolve the balance before another payment attempt.,0,Not recovered,0.0
2026-09-04T17:50:06,TXN100511,0.828,Temporary network issue. A controlled retry is appropriate.,RETRY,Temporary technical failure with reasonable recovery probability.,0,Recovered,6389.42
2026-09-04T17:50:06,TXN100512,0.504,Card issuer declined the transaction. Customer may need to use another payment method.,STOP,Low recovery probability for the current payment attempt.,0,Not recovered,0.0
2026-09-04T17:50:06,TXN100513,0.157,Temporary UPI/network timeout. A delayed retry may recover the payment.,STOP,Very low recovery probability.,0,Not recovered,0.0
2026-09-04T17:50:06,TXN100514,0.692,Temporary UPI/network timeout. A delayed retry may recover the payment.,RETRY,Temporary technical failure with reasonable recovery probability.,0,Recovered,868.28
2026-09-04T17:50:06,TXN100515,0.23,Temporary bank-side timeout. A controlled retry may recover the payment.,STOP,Very low recovery probability.,1,Not recovered,0.0
2026-09-04T17:50:06,TXN100516,0.372,Temporary bank-side timeout. A controlled retry may recover the payment.,MESSAGE,Technical failure has moderate recovery potential; customer notification is safer.,2,Not recovered,0.0
2026-09-04T17:50:06,TXN100517,0.775,Temporary UPI/network timeout. A delayed retry may recover the payment.,RETRY,Temporary technical failure with reasonable recovery probability.,2,Not recovered,0.0
2026-09-04T17:50:06,TXN100518,0.267,Customer may not have sufficient funds. Customer notification is preferable to repeated retries.,MESSAGE,Customer should resolve the balance before another payment attempt.,1,Not recovered,0.0
2026-09-04T17:50:06,TXN100519,0.211,Card issuer declined the transaction. Customer may need to use another payment method.,STOP,Low recovery probability for the current payment attempt.,0,Not recovered,0.0
2026-09-04T17:50:06,TXN100520,0.414,Temporary bank-side timeout. A controlled retry may recover the payment.,RETRY,Temporary technical failure with reasonable recovery probability.,0,Recovered,8992.73
2026-09-04T17:50:06,TXN100521,0.182,Customer may not have sufficient funds. Customer notification is preferable to repeated retries.,MESSAGE,Customer should resolve the balance before another payment attempt.,0,Not recovered,0.0
2026-09-04T17:50:06,TXN100522,0.318,Temporary network issue. A controlled retry is appropriate.,MESSAGE,Technical failure has moderate recovery potential; customer notification is safer.,0,Not recovered,0.0
2026-09-04T17:50:06,TXN100523,0.892,Temporary bank-side timeout. A controlled retry may recover the payment.,RETRY,Temporary technical failure with reasonable recovery probability.,1,Not recovered,0.0
2026-09-04T17:50:06,TXN100524,0.107,Customer may not have sufficient funds. Customer notification is preferable to repeated retries.,MESSAGE,Customer should resolve the balance before another payment attempt.,1,Not recovered,0.0
2026-09-04T17:50:06,TXN100525,0.159,Customer may not have sufficient funds. Customer notification is preferable to repeated retries.,MESSAGE,Customer should resolve the balance before another payment attempt.,0,Not recovered,0.0
2026-09-04T17:50:06,TXN100526,0.251,Card issuer declined the transaction. Customer may need to use another payment method.,STOP,Low recovery probability for the current payment attempt.,0,Not recovered,0.0
2026-09-04T17:50:06,TXN100527,0.19,Card issuer declined the transaction. Customer may need to use another payment method.,STOP,Low recovery probability for the current payment attempt.,2,Not recovered,0.0
2026-09-04T17:50:06,TXN100528,0.309,Temporary network issue. A controlled retry is appropriate.,MESSAGE,Technical failure has moderate recovery potential; customer notification is safer.,2,Recovered,1033.41
2026-09-04T17:50:06,TXN100529,0.17,Customer may not have sufficient funds. Customer notification is preferable to repeated retries.,MESSAGE,Customer should resolve the balance before another payment attempt.,0,Not recovered,0.0
2026-09-04T17:50:07,TXN100530,0.215,Authentication failed. Customer action is required before another attempt.,MESSAGE,Customer authentication is required.,2,Not recovered,0.0
2026-09-04T17:50:07,TXN100531,0.102,Customer may not have sufficient funds. Customer notification is preferable to repeated retries.,STOP,Maximum retry limit reached.,3,Not recovered,0.0
2026-09-04T17:50:07,TXN100532,0.763,Card issuer declined the transaction. Customer may need to use another payment method.,MESSAGE,Customer should retry using the same or another payment method.,0,Not recovered,0.0
2026-09-04T17:50:07,TXN100533,0.096,Authentication failed. Customer action is required before another attempt.,MESSAGE,Customer authentication is required.,0,Not recovered,0.0
2026-09-04T17:50:07,TXN100534,0.722,Temporary bank-side timeout. A controlled retry may recover the payment.,RETRY,Temporary technical failure with reasonable recovery probability.,1,Not recovered,0.0
2026-09-04T17:50:07,TXN100535,0.17,Temporary bank-side timeout. A controlled retry may recover the payment.,STOP,Maximum retry limit reached.,3,Not recovered,0.0
2026-09-04T17:50:07,TXN100536,0.843,Temporary UPI/network timeout. A delayed retry may recover the payment.,RETRY,Temporary technical failure with reasonable recovery probability.,2,Not recovered,0.0
2026-09-04T17:50:07,TXN100537,0.429,Card issuer declined the transaction. Customer may need to use another payment method.,STOP,Low recovery probability for the current payment attempt.,0,Not recovered,0.0
2026-09-04T17:50:07,TXN100538,0.628,Temporary UPI/network timeout. A delayed retry may recover the payment.,RETRY,Temporary technical failure with reasonable recovery probability.,0,Recovered,6867.5
2026-09-04T17:50:07,TXN100539,0.577,Authentication failed. Customer action is required before another attempt.,MESSAGE,Customer authentication is required.,1,Not recovered,0.0
2026-09-04T17:50:07,TXN100540,0.276,Card issuer declined the transaction. Customer may need to use another payment method.,STOP,Low recovery probability for the current payment attempt.,1,Not recovered,0.0
2026-09-04T17:50:07,TXN100541,0.568,Temporary network issue. A controlled retry is appropriate.,RETRY,Temporary technical failure with reasonable recovery probability.,0,Recovered,9170.99
2026-09-04T17:50:07,TXN100542,0.185,Customer may not have sufficient funds. Customer notification is preferable to repeated retries.,MESSAGE,Customer should resolve the balance before another payment attempt.,2,Not recovered,0.0
2026-09-04T17:50:07,TXN100543,0.5,Temporary network issue. A controlled retry is appropriate.,RETRY,Temporary technical failure with reasonable recovery probability.,1,Not recovered,0.0
2026-09-04T17:50:07,TXN100544,0.023,Authentication failed. Customer action is required before another attempt.,MESSAGE,Customer authentication is required.,2,Not recovered,0.0
2026-09-04T17:50:07,TXN100545,0.439,Card issuer declined the transaction. Customer may need to use another payment method.,STOP,Low recovery probability for the current payment attempt.,2,Not recovered,0.0
2026-09-04T17:50:07,TXN100546,0.171,Authentication failed. Customer action is required before another attempt.,MESSAGE,Customer authentication is required.,1,Not recovered,0.0
2026-09-04T17:50:07,TXN100547,0.095,Customer may not have sufficient funds. Customer notification is preferable to repeated retries.,MESSAGE,Customer should resolve the balance before another payment attempt.,0,Not recovered,0.0
2026-09-04T17:50:07,TXN100548,0.785,Temporary bank-side timeout. A controlled retry may recover the payment.,RETRY,Temporary technical failure with reasonable recovery probability.,1,Recovered,7900.07
2026-09-04T17:50:07,TXN100549,0.763,Temporary bank-side timeout. A controlled retry may recover the payment.,RETRY,Temporary technical failure with reasonable recovery probability.,0,Not recovered,0.0
2026-09-04T17:50:07,TXN100550,0.032,Authentication failed. Customer action is required before another attempt.,MESSAGE,Customer authentication is required.,1,Not recovered,0.0
2026-09-04T17:50:07,TXN100551,0.625,Temporary UPI/network timeout. A delayed retry may recover the payment.,RETRY,Temporary technical failure with reasonable recovery probability.,0,Not recovered,0.0
2026-09-04T17:50:07,TXN100552,0.684,Card issuer declined the transaction. Customer may need to use another payment method.,MESSAGE,Customer should retry using the same or another payment method.,1,Not recovered,0.0
2026-09-04T17:50:07,TXN100553,0.45,Card issuer declined the transaction. Customer may need to use another payment method.,STOP,Low recovery probability for the current payment attempt.,0,Not recovered,0.0
2026-09-04T17:50:07,TXN100554,0.913,Temporary bank-side timeout. A controlled retry may recover the payment.,RETRY,Temporary technical failure with reasonable recovery probability.,0,Not recovered,0.0
2026-09-04T17:50:07,TXN100555,0.292,Temporary network issue. A controlled retry is appropriate.,MESSAGE,Technical failure has moderate recovery potential; customer notification is safer.,0,Not recovered,0.0
2026-09-04T17:50:07,TXN100556,0.163,Customer may not have sufficient funds. Customer notification is preferable to repeated retries.,MESSAGE,Customer should resolve the balance before another payment attempt.,0,Recovered,2182.56
2026-09-04T17:50:07,TXN100557,0.772,Temporary network issue. A controlled retry is appropriate.,RETRY,Temporary technical failure with reasonable recovery probability.,1,Recovered,625.01
2026-09-04T17:50:07,TXN100558,0.433,Temporary network issue. A controlled retry is appropriate.,RETRY,Temporary technical failure with reasonable recovery probability.,1,Not recovered,0.0
2026-09-04T17:50:07,TXN100559,0.056,Authentication failed. Customer action is required before another attempt.,MESSAGE,Customer authentication is required.,1,Not recovered,0.0
2026-09-04T17:50:07,TXN100560,0.882,Temporary bank-side timeout. A controlled retry may recover the payment.,RETRY,Temporary technical failure with reasonable recovery probability.,0,Recovered,10620.08
2026-09-04T17:50:07,TXN100561,0.667,Temporary bank-side timeout. A controlled retry may recover the payment.,RETRY,Temporary technical failure with reasonable recovery probability.,0,Recovered,3351.08
2026-09-04T17:50:07,TXN100562,0.351,Temporary bank-side timeout. A controlled retry may recover the payment.,MESSAGE,Technical failure has moderate recovery potential; customer notification is safer.,0,Recovered,2217.43
2026-09-04T17:50:07,TXN100563,0.632,Authentication failed. Customer action is required before another attempt.,MESSAGE,Customer authentication is required.,0,Recovered,414.28
2026-09-04T17:50:07,TXN100564,0.786,Temporary UPI/network timeout. A delayed retry may recover the payment.,RETRY,Temporary technical failure with reasonable recovery probability.,2,Recovered,5388.05
2026-09-04T17:50:07,TXN100565,0.335,Temporary network issue. A controlled retry is appropriate.,MESSAGE,Technical failure has moderate recovery potential; customer notification is safer.,0,Not recovered,0.0
2026-09-04T17:50:07,TXN100566,0.262,Authentication failed. Customer action is required before another attempt.,MESSAGE,Customer authentication is required.,0,Not recovered,0.0
2026-09-04T17:50:07,TXN100567,0.487,Card issuer declined the transaction. Customer may need to use another payment method.,STOP,Low recovery probability for the current payment attempt.,0,Not recovered,0.0
2026-09-04T17:50:07,TXN100568,0.165,Customer may not have sufficient funds. Customer notification is preferable to repeated retries.,MESSAGE,Customer should resolve the balance before another payment attempt.,0,Not recovered,0.0
2026-09-04T17:50:07,TXN100569,0.709,Temporary UPI/network timeout. A delayed retry may recover the payment.,RETRY,Temporary technical failure with reasonable recovery probability.,1,Recovered,5353.53
2026-09-04T17:50:07,TXN100570,0.532,Card issuer declined the transaction. Customer may need to use another payment method.,STOP,Low recovery probability for the current payment attempt.,1,Not recovered,0.0
2026-09-04T17:50:07,TXN100571,0.615,Temporary network issue. A controlled retry is appropriate.,RETRY,Temporary technical failure with reasonable recovery probability.,0,Not recovered,0.0
2026-09-04T17:50:07,TXN100572,0.875,Temporary bank-side timeout. A controlled retry may recover the payment.,RETRY,Temporary technical failure with reasonable recovery probability.,0,Recovered,6068.23
2026-09-04T17:50:07,TXN100573,0.615,Temporary network issue. A controlled retry is appropriate.,RETRY,Temporary technical failure with reasonable recovery probability.,0,Not recovered,0.0
2026-09-04T17:50:07,TXN100574,0.288,Authentication failed. Customer action is required before another attempt.,MESSAGE,Customer authentication is required.,0,Not recovered,0.0
2026-09-04T17:50:07,TXN100575,0.065,Customer may not have sufficient funds. Customer notification is preferable to repeated retries.,MESSAGE,Customer should resolve the balance before another payment attempt.,0,Not recovered,0.0
2026-09-04T17:50:07,TXN100576,0.09,Authentication failed. Customer action is required before another attempt.,STOP,Maximum retry limit reached.,3,Not recovered,0.0
2026-09-04T17:50:07,TXN100577,0.632,Temporary UPI/network timeout. A delayed retry may recover the payment.,RETRY,Temporary technical failure with reasonable recovery probability.,1,Not recovered,0.0
2026-09-04T17:50:07,TXN100578,0.783,Temporary UPI/network timeout. A delayed retry may recover the payment.,RETRY,Temporary technical failure with reasonable recovery probability.,1,Recovered,7482.81
2026-09-04T17:50:07,TXN100579,0.585,Customer may not have sufficient funds. Customer notification is preferable to repeated retries.,MESSAGE,Customer should resolve the balance before another payment attempt.,0,Not recovered,0.0
2026-09-04T17:50:07,TXN100580,0.296,Card issuer declined the transaction. Customer may need to use another payment method.,STOP,Low recovery probability for the current payment attempt.,0,Not recovered,0.0
2026-09-04T17:50:07,TXN100581,0.254,Card issuer declined the transaction. Customer may need to use another payment method.,STOP,Low recovery probability for the current payment attempt.,1,Not recovered,0.0
2026-09-04T17:50:07,TXN100582,0.25,Temporary UPI/network timeout. A delayed retry may recover the payment.,STOP,Very low recovery probability.,1,Not recovered,0.0
2026-09-04T17:50:07,TXN100583,0.831,Temporary UPI/network timeout. A delayed retry may recover the payment.,RETRY,Temporary technical failure with reasonable recovery probability.,1,Recovered,5064.85
2026-09-04T17:50:07,TXN100584,0.859,Temporary bank-side timeout. A controlled retry may recover the payment.,RETRY,Temporary technical failure with reasonable recovery probability.,0,Recovered,9573.97
2026-09-04T17:50:07,TXN100585,0.598,Card issuer declined the transaction. Customer may need to use another payment method.,STOP,Low recovery probability for the current payment attempt.,1,Not recovered,0.0
2026-09-04T17:50:07,TXN100586,0.452,Customer may not have sufficient funds. Customer notification is preferable to repeated retries.,MESSAGE,Customer should resolve the balance before another payment attempt.,0,Recovered,1321.85
2026-09-04T17:50:07,TXN100587,0.288,Card issuer declined the transaction. Customer may need to use another payment method.,STOP,Low recovery probability for the current payment attempt.,2,Not recovered,0.0
2026-09-04T17:50:07,TXN100588,0.845,Temporary bank-side timeout. A controlled retry may recover the payment.,RETRY,Temporary technical failure with reasonable recovery probability.,1,Recovered,2094.21
2026-09-04T17:50:07,TXN100589,0.617,Authentication failed. Customer action is required before another attempt.,MESSAGE,Customer authentication is required.,1,Not recovered,0.0
2026-09-04T17:50:07,TXN100590,0.853,Temporary UPI/network timeout. A delayed retry may recover the payment.,RETRY,Temporary technical failure with reasonable recovery probability.,0,Recovered,2253.78
2026-09-04T17:50:07,TXN100591,0.82,Temporary UPI/network timeout. A delayed retry may recover the payment.,RETRY,Temporary technical failure with reasonable recovery probability.,1,Recovered,9684.59
2026-09-04T17:50:07,TXN100592,0.703,Temporary bank-side timeout. A controlled retry may recover the payment.,RETRY,Temporary technical failure with reasonable recovery probability.,0,Recovered,2891.01
2026-09-04T17:50:07,TXN100593,0.504,Customer may not have sufficient funds. Customer notification is preferable to repeated retries.,MESSAGE,Customer should resolve the balance before another payment attempt.,0,Not recovered,0.0
2026-09-04T17:50:07,TXN100594,0.874,Temporary UPI/network timeout. A delayed retry may recover the payment.,RETRY,Temporary technical failure with reasonable recovery probability.,0,Not recovered,0.0
2026-09-04T17:50:07,TXN100595,0.818,Temporary network issue. A controlled retry is appropriate.,RETRY,Temporary technical failure with reasonable recovery probability.,1,Recovered,7214.11
2026-09-04T17:50:07,TXN100596,0.341,Temporary UPI/network timeout. A delayed retry may recover the payment.,MESSAGE,Technical failure has moderate recovery potential; customer notification is safer.,0,Not recovered,0.0
2026-09-04T17:50:07,TXN100597,0.718,Temporary network issue. A controlled retry is appropriate.,RETRY,Temporary technical failure with reasonable recovery probability.,0,Recovered,2749.51
2026-09-04T17:50:07,TXN100598,0.316,Temporary bank-side timeout. A controlled retry may recover the payment.,MESSAGE,Technical failure has moderate recovery potential; customer notification is safer.,2,Recovered,3045.07
2026-09-04T17:50:07,TXN100599,0.821,Temporary bank-side timeout. A controlled retry may recover the payment.,RETRY,Temporary technical failure with reasonable recovery probability.,0,Recovered,803.9
2026-09-04T17:50:07,TXN100600,0.632,Temporary UPI/network timeout. A delayed retry may recover the payment.,RETRY,Temporary technical failure with reasonable recovery probability.,1,Recovered,2699.41
2026-09-04T17:50:07,TXN100601,0.271,Card issuer declined the transaction. Customer may need to use another payment method.,STOP,Low recovery probability for the current payment attempt.,0,Not recovered,0.0
2026-09-04T17:50:07,TXN100602,0.364,Temporary network issue. A controlled retry is appropriate.,MESSAGE,Technical failure has moderate recovery potential; customer notification is safer.,0,Recovered,2818.93
2026-09-04T17:50:07,TXN100603,0.129,Customer may not have sufficient funds. Customer notification is preferable to repeated retries.,MESSAGE,Customer should resolve the balance before another payment attempt.,2,Not recovered,0.0
2026-09-04T17:50:07,TXN100604,0.796,Temporary UPI/network timeout. A delayed retry may recover the payment.,RETRY,Temporary technical failure with reasonable recovery probability.,0,Recovered,1984.53
2026-09-04T17:50:07,TXN100605,0.628,Customer may not have sufficient funds. Customer notification is preferable to repeated retries.,MESSAGE,Customer should resolve the balance before another payment attempt.,1,Not recovered,0.0
2026-09-04T17:50:07,TXN100606,0.724,Temporary UPI/network timeout. A delayed retry may recover the payment.,RETRY,Temporary technical failure with reasonable recovery probability.,1,Recovered,3252.95
2026-09-04T17:50:07,TXN100607,0.704,Card issuer declined the transaction. Customer may need to use another payment method.,MESSAGE,Customer should retry using the same or another payment method.,1,Recovered,5590.56
2026-09-04T17:50:07,TXN100608,0.296,Card issuer declined the transaction. Customer may need to use another payment method.,STOP,Low recovery probability for the current payment attempt.,1,Not recovered,0.0
2026-09-04T17:50:07,TXN100609,0.314,Card issuer declined the transaction. Customer may need to use another payment method.,STOP,Low recovery probability for the current payment attempt.,0,Not recovered,0.0
2026-09-04T17:50:07,TXN100610,0.153,Authentication failed. Customer action is required before another attempt.,MESSAGE,Customer authentication is required.,0,Recovered,780.86
2026-09-04T17:50:07,TXN100611,0.392,Card issuer declined the transaction. Customer may need to use another payment method.,STOP,Low recovery probability for the current payment attempt.,1,Not recovered,0.0
2026-09-04T17:50:07,TXN100612,0.869,Temporary bank-side timeout. A controlled retry may recover the payment.,RETRY,Temporary technical failure with reasonable recovery probability.,1,Recovered,9492.55
2026-09-04T17:50:07,TXN100613,0.452,Temporary bank-side timeout. A controlled retry may recover the payment.,RETRY,Temporary technical failure with reasonable recovery probability.,2,Recovered,1409.12
2026-09-04T17:50:08,TXN100614,0.106,Authentication failed. Customer action is required before another attempt.,MESSAGE,Customer authentication is required.,2,Not recovered,0.0
2026-09-04T17:50:08,TXN100615,0.77,Temporary network issue. A controlled retry is appropriate.,RETRY,Temporary technical failure with reasonable recovery probability.,2,Not recovered,0.0
2026-09-04T17:50:08,TXN100616,0.176,Customer may not have sufficient funds. Customer notification is preferable to repeated retries.,MESSAGE,Customer should resolve the balance before another payment attempt.,1,Recovered,1103.01
2026-09-04T17:50:08,TXN100617,0.285,Temporary UPI/network timeout. A delayed retry may recover the payment.,MESSAGE,Technical failure has moderate recovery potential; customer notification is safer.,0,Recovered,4297.07
2026-09-04T17:50:08,TXN100618,0.148,Temporary UPI/network timeout. A delayed retry may recover the payment.,STOP,Very low recovery probability.,2,Not recovered,0.0
2026-09-04T17:50:08,TXN100619,0.177,Authentication failed. Customer action is required before another attempt.,MESSAGE,Customer authentication is required.,1,Not recovered,0.0
2026-09-04T17:50:08,TXN100620,0.763,Temporary bank-side timeout. A controlled retry may recover the payment.,RETRY,Temporary technical failure with reasonable recovery probability.,0,Recovered,2930.1
2026-09-04T17:50:08,TXN100621,0.634,Temporary UPI/network timeout. A delayed retry may recover the payment.,RETRY,Temporary technical failure with reasonable recovery probability.,2,Recovered,3297.58
2026-09-04T17:50:08,TXN100622,0.405,Temporary bank-side timeout. A controlled retry may recover the payment.,RETRY,Temporary technical failure with reasonable recovery probability.,2,Recovered,5682.36
2026-09-04T17:50:08,TXN100623,0.297,Temporary network issue. A controlled retry is appropriate.,MESSAGE,Technical failure has moderate recovery potential; customer notification is safer.,1,Not recovered,0.0
2026-09-04T17:50:08,TXN100624,0.341,Customer may not have sufficient funds. Customer notification is preferable to repeated retries.,MESSAGE,Customer should resolve the balance before another payment attempt.,0,Not recovered,0.0
2026-09-04T17:50:08,TXN100625,0.314,Temporary network issue. A controlled retry is appropriate.,MESSAGE,Technical failure has moderate recovery potential; customer notification is safer.,0,Recovered,5659.29
2026-09-04T17:50:08,TXN100626,0.037,Authentication failed. Customer action is required before another attempt.,MESSAGE,Customer authentication is required.,2,Not recovered,0.0
2026-09-04T17:50:08,TXN100627,0.318,Card issuer declined the transaction. Customer may need to use another payment method.,STOP,Low recovery probability for the current payment attempt.,2,Not recovered,0.0
2026-09-04T17:50:08,TXN100628,0.57,Card issuer declined the transaction. Customer may need to use another payment method.,STOP,Low recovery probability for the current payment attempt.,0,Not recovered,0.0
2026-09-04T17:50:08,TXN100629,0.386,Card issuer declined the transaction. Customer may need to use another payment method.,STOP,Low recovery probability for the current payment attempt.,0,Not recovered,0.0
2026-09-04T17:50:08,TXN100630,0.622,Temporary network issue. A controlled retry is appropriate.,RETRY,Temporary technical failure with reasonable recovery probability.,2,Not recovered,0.0
2026-09-04T17:50:08,TXN100631,0.839,Temporary UPI/network timeout. A delayed retry may recover the payment.,RETRY,Temporary technical failure with reasonable recovery probability.,0,Not recovered,0.0
2026-09-04T17:50:08,TXN100632,0.188,Customer may not have sufficient funds. Customer notification is preferable to repeated retries.,MESSAGE,Customer should resolve the balance before another payment attempt.,1,Not recovered,0.0
2026-09-04T17:50:08,TXN100633,0.133,Card issuer declined the transaction. Customer may need to use another payment method.,STOP,Maximum retry limit reached.,3,Not recovered,0.0
2026-09-04T17:50:08,TXN100634,0.084,Authentication failed. Customer action is required before another attempt.,MESSAGE,Customer authentication is required.,0,Recovered,1785.25
2026-09-04T17:50:08,TXN100635,0.209,Authentication failed. Customer action is required before another attempt.,MESSAGE,Customer authentication is required.,1,Not recovered,0.0
2026-09-04T17:50:08,TXN100636,0.29,Card issuer declined the transaction. Customer may need to use another payment method.,STOP,Low recovery probability for the current payment attempt.,0,Not recovered,0.0
2026-09-04T17:50:08,TXN100637,0.234,Card issuer declined the transaction. Customer may need to use another payment method.,STOP,Low recovery probability for the current payment attempt.,0,Not recovered,0.0
2026-09-04T17:50:08,TXN100638,0.135,Customer may not have sufficient funds. Customer notification is preferable to repeated retries.,MESSAGE,Customer should resolve the balance before another payment attempt.,2,Not recovered,0.0
2026-09-04T17:50:08,TXN100639,0.147,Card issuer declined the transaction. Customer may need to use another payment method.,STOP,Low recovery probability for the current payment attempt.,0,Not recovered,0.0
2026-09-04T17:50:08,TXN100640,0.183,Customer may not have sufficient funds. Customer notification is preferable to repeated retries.,STOP,Maximum retry limit reached.,3,Not recovered,0.0
2026-09-04T17:50:08,TXN100641,0.241,Authentication failed. Customer action is required before another attempt.,MESSAGE,Customer authentication is required.,1,Not recovered,0.0
2026-09-04T17:50:08,TXN100642,0.338,Card issuer declined the transaction. Customer may need to use another payment method.,STOP,Low recovery probability for the current payment attempt.,0,Not recovered,0.0
2026-09-04T17:50:08,TXN100643,0.405,Temporary network issue. A controlled retry is appropriate.,RETRY,Temporary technical failure with reasonable recovery probability.,0,Recovered,5046.29
2026-09-04T17:50:08,TXN100644,0.401,Temporary network issue. A controlled retry is appropriate.,RETRY,Temporary technical failure with reasonable recovery probability.,0,Recovered,1971.6
2026-09-04T17:50:08,TXN100645,0.725,Authentication failed. Customer action is required before another attempt.,MESSAGE,Customer authentication is required.,0,Not recovered,0.0
2026-09-04T17:50:08,TXN100646,0.109,Customer may not have sufficient funds. Customer notification is preferable to repeated retries.,MESSAGE,Customer should resolve the balance before another payment attempt.,0,Not recovered,0.0
2026-09-04T17:50:08,TXN100647,0.359,Temporary network issue. A controlled retry is appropriate.,MESSAGE,Technical failure has moderate recovery potential; customer notification is safer.,0,Not recovered,0.0
2026-09-04T17:50:08,TXN100648,0.133,Customer may not have sufficient funds. Customer notification is preferable to repeated retries.,MESSAGE,Customer should resolve the balance before another payment attempt.,1,Not recovered,0.0
2026-09-04T17:50:08,TXN100649,0.29,Temporary network issue. A controlled retry is appropriate.,MESSAGE,Technical failure has moderate recovery potential; customer notification is safer.,1,Not recovered,0.0
2026-09-04T17:50:08,TXN100650,0.658,Temporary network issue. A controlled retry is appropriate.,RETRY,Temporary technical failure with reasonable recovery probability.,1,Recovered,1485.51
2026-09-04T17:50:08,TXN100651,0.08,Customer may not have sufficient funds. Customer notification is preferable to repeated retries.,MESSAGE,Customer should resolve the balance before another payment attempt.,1,Not recovered,0.0
2026-09-04T17:50:08,TXN100652,0.766,Temporary UPI/network timeout. A delayed retry may recover the payment.,RETRY,Temporary technical failure with reasonable recovery probability.,0,Recovered,8884.84
2026-09-04T17:50:08,TXN100653,0.379,Temporary network issue. A controlled retry is appropriate.,MESSAGE,Technical failure has moderate recovery potential; customer notification is safer.,0,Not recovered,0.0
2026-09-04T17:50:08,TXN100654,0.347,Card issuer declined the transaction. Customer may need to use another payment method.,STOP,Low recovery probability for the current payment attempt.,1,Not recovered,0.0
2026-09-04T17:50:08,TXN100655,0.111,Authentication failed. Customer action is required before another attempt.,MESSAGE,Customer authentication is required.,1,Recovered,2087.32
2026-09-04T17:50:08,TXN100656,0.802,Temporary UPI/network timeout. A delayed retry may recover the payment.,RETRY,Temporary technical failure with reasonable recovery probability.,0,Recovered,4399.17
2026-09-04T17:50:08,TXN100657,0.187,Customer may not have sufficient funds. Customer notification is preferable to repeated retries.,MESSAGE,Customer should resolve the balance before another payment attempt.,2,Not recovered,0.0
2026-09-04T17:50:08,TXN100658,0.757,Temporary UPI/network timeout. A delayed retry may recover the payment.,RETRY,Temporary technical failure with reasonable recovery probability.,2,Not recovered,0.0
2026-09-04T17:50:08,TXN100659,0.86,Temporary bank-side timeout. A controlled retry may recover the payment.,RETRY,Temporary technical failure with reasonable recovery probability.,1,Recovered,8647.09
2026-09-04T17:50:08,TXN100660,0.771,Temporary bank-side timeout. A controlled retry may recover the payment.,RETRY,Temporary technical failure with reasonable recovery probability.,0,Recovered,5469.59
2026-09-04T17:50:08,TXN100661,0.458,Temporary network issue. A controlled retry is appropriate.,RETRY,Temporary technical failure with reasonable recovery probability.,2,Not recovered,0.0
2026-09-04T17:50:08,TXN100662,0.521,Temporary network issue. A controlled retry is appropriate.,RETRY,Temporary technical failure with reasonable recovery probability.,1,Recovered,9165.07
2026-09-04T17:50:08,TXN100663,0.535,Card issuer declined the transaction. Customer may need to use another payment method.,STOP,Low recovery probability for the current payment attempt.,2,Not recovered,0.0
2026-09-04T17:50:08,TXN100664,0.046,Authentication failed. Customer action is required before another attempt.,MESSAGE,Customer authentication is required.,2,Not recovered,0.0
2026-09-04T17:50:08,TXN100665,0.761,Temporary UPI/network timeout. A delayed retry may recover the payment.,RETRY,Temporary technical failure with reasonable recovery probability.,2,Recovered,2461.47
2026-09-04T17:50:08,TXN100666,0.828,Temporary bank-side timeout. A controlled retry may recover the payment.,RETRY,Temporary technical failure with reasonable recovery probability.,1,Recovered,3839.42
2026-09-04T17:50:08,TXN100667,0.833,Temporary network issue. A controlled retry is appropriate.,RETRY,Temporary technical failure with reasonable recovery probability.,0,Recovered,2577.25
2026-09-04T17:50:08,TXN100668,0.157,Authentication failed. Customer action is required before another attempt.,MESSAGE,Customer authentication is required.,1,Not recovered,0.0
2026-09-04T17:50:08,TXN100669,0.747,Temporary UPI/network timeout. A delayed retry may recover the payment.,RETRY,Temporary technical failure with reasonable recovery probability.,1,Recovered,4418.69
2026-09-04T17:50:08,TXN100670,0.515,Temporary network issue. A controlled retry is appropriate.,RETRY,Temporary technical failure with reasonable recovery probability.,1,Recovered,2765.1
2026-09-04T17:50:08,TXN100671,0.773,Temporary network issue. A controlled retry is appropriate.,RETRY,Temporary technical failure with reasonable recovery probability.,0,Not recovered,0.0
2026-09-04T17:50:08,TXN100672,0.822,Temporary bank-side timeout. A controlled retry may recover the payment.,RETRY,Temporary technical failure with reasonable recovery probability.,0,Recovered,1386.54
2026-09-04T17:50:08,TXN100673,0.845,Temporary bank-side timeout. A controlled retry may recover the payment.,RETRY,Temporary technical failure with reasonable recovery probability.,2,Recovered,7962.29
2026-09-04T17:50:08,TXN100674,0.448,Temporary network issue. A controlled retry is appropriate.,RETRY,Temporary technical failure with reasonable recovery probability.,1,Recovered,6273.28
2026-09-04T17:50:08,TXN100675,0.311,Customer may not have sufficient funds. Customer notification is preferable to repeated retries.,MESSAGE,Customer should resolve the balance before another payment attempt.,2,Not recovered,0.0
2026-09-04T17:50:08,TXN100676,0.355,Temporary network issue. A controlled retry is appropriate.,MESSAGE,Technical failure has moderate recovery potential; customer notification is safer.,2,Recovered,1857.29
2026-09-04T17:50:08,TXN100677,0.191,Authentication failed. Customer action is required before another attempt.,MESSAGE,Customer authentication is required.,1,Not recovered,0.0
2026-09-04T17:50:08,TXN100678,0.731,Temporary network issue. A controlled retry is appropriate.,RETRY,Temporary technical failure with reasonable recovery probability.,1,Not recovered,0.0
2026-09-04T17:50:08,TXN100679,0.334,Card issuer declined the transaction. Customer may need to use another payment method.,STOP,Low recovery probability for the current payment attempt.,2,Not recovered,0.0
2026-09-04T17:50:08,TXN100680,0.54,Card issuer declined the transaction. Customer may need to use another payment method.,STOP,Low recovery probability for the current payment attempt.,1,Not recovered,0.0
2026-09-04T17:50:08,TXN100681,0.736,Card issuer declined the transaction. Customer may need to use another payment method.,MESSAGE,Customer should retry using the same or another payment method.,1,Recovered,4016.22
2026-09-04T17:50:08,TXN100682,0.588,Customer may not have sufficient funds. Customer notification is preferable to repeated retries.,MESSAGE,Customer should resolve the balance before another payment attempt.,0,Recovered,2728.31
2026-09-04T17:50:08,TXN100683,0.127,Customer may not have sufficient funds. Customer notification is preferable to repeated retries.,MESSAGE,Customer should resolve the balance before another payment attempt.,1,Not recovered,0.0
2026-09-04T17:50:08,TXN100684,0.836,Temporary network issue. A controlled retry is appropriate.,RETRY,Temporary technical failure with reasonable recovery probability.,1,Not recovered,0.0
2026-09-04T17:50:08,TXN100685,0.544,Card issuer declined the transaction. Customer may need to use another payment method.,STOP,Low recovery probability for the current payment attempt.,0,Not recovered,0.0
2026-09-04T17:50:08,TXN100686,0.096,Customer may not have sufficient funds. Customer notification is preferable to repeated retries.,MESSAGE,Customer should resolve the balance before another payment attempt.,0,Not recovered,0.0
2026-09-04T17:50:08,TXN100687,0.591,Temporary bank-side timeout. A controlled retry may recover the payment.,RETRY,Temporary technical failure with reasonable recovery probability.,0,Recovered,4342.97
2026-09-04T17:50:08,TXN100688,0.764,Temporary network issue. A controlled retry is appropriate.,RETRY,Temporary technical failure with reasonable recovery probability.,0,Not recovered,0.0
2026-09-04T17:50:08,TXN100689,0.175,Authentication failed. Customer action is required before another attempt.,MESSAGE,Customer authentication is required.,0,Not recovered,0.0
2026-09-04T17:50:08,TXN100690,0.53,Temporary UPI/network timeout. A delayed retry may recover the payment.,RETRY,Temporary technical failure with reasonable recovery probability.,0,Recovered,4989.78
2026-09-04T17:50:08,TXN100691,0.634,Temporary network issue. A controlled retry is appropriate.,RETRY,Temporary technical failure with reasonable recovery probability.,2,Not recovered,0.0
2026-09-04T17:50:08,TXN100692,0.249,Temporary UPI/network timeout. A delayed retry may recover the payment.,STOP,Very low recovery probability.,1,Not recovered,0.0
2026-09-04T17:50:08,TXN100693,0.352,Card issuer declined the transaction. Customer may need to use another payment method.,STOP,Low recovery probability for the current payment attempt.,0,Not recovered,0.0
2026-09-04T17:50:08,TXN100694,0.728,Temporary UPI/network timeout. A delayed retry may recover the payment.,RETRY,Temporary technical failure with reasonable recovery probability.,0,Recovered,1898.7
2026-09-04T17:50:08,TXN100695,0.139,Card issuer declined the transaction. Customer may need to use another payment method.,STOP,Low recovery probability for the current payment attempt.,1,Not recovered,0.0
2026-09-04T17:50:08,TXN100696,0.447,Temporary bank-side timeout. A controlled retry may recover the payment.,RETRY,Temporary technical failure with reasonable recovery probability.,0,Recovered,4471.02
2026-09-04T17:50:09,TXN100697,0.277,Temporary UPI/network timeout. A delayed retry may recover the payment.,MESSAGE,Technical failure has moderate recovery potential; customer notification is safer.,2,Not recovered,0.0
2026-09-04T17:50:09,TXN100698,0.778,Temporary network issue. A controlled retry is appropriate.,RETRY,Temporary technical failure with reasonable recovery probability.,1,Recovered,2483.72
2026-09-04T17:50:09,TXN100699,0.365,Card issuer declined the transaction. Customer may need to use another payment method.,STOP,Low recovery probability for the current payment attempt.,2,Not recovered,0.0
2026-09-04T17:50:09,TXN100700,0.526,Temporary network issue. A controlled retry is appropriate.,RETRY,Temporary technical failure with reasonable recovery probability.,0,Recovered,8081.86
2026-09-04T17:50:09,TXN100701,0.064,Customer may not have sufficient funds. Customer notification is preferable to repeated retries.,MESSAGE,Customer should resolve the balance before another payment attempt.,1,Not recovered,0.0
2026-09-04T17:50:09,TXN100702,0.392,Card issuer declined the transaction. Customer may need to use another payment method.,STOP,Low recovery probability for the current payment attempt.,0,Not recovered,0.0
2026-09-04T17:50:09,TXN100703,0.747,Temporary UPI/network timeout. A delayed retry may recover the payment.,STOP,Maximum retry limit reached.,3,Not recovered,0.0
2026-09-04T17:50:09,TXN100704,0.304,Card issuer declined the transaction. Customer may need to use another payment method.,STOP,Low recovery probability for the current payment attempt.,1,Not recovered,0.0
2026-09-04T17:50:09,TXN100705,0.632,Temporary network issue. A controlled retry is appropriate.,RETRY,Temporary technical failure with reasonable recovery probability.,0,Not recovered,0.0
2026-09-04T17:50:09,TXN100706,0.76,Temporary bank-side timeout. A controlled retry may recover the payment.,RETRY,Temporary technical failure with reasonable recovery probability.,0,Recovered,4970.16
2026-09-04T17:50:09,TXN100707,0.723,Card issuer declined the transaction. Customer may need to use another payment method.,MESSAGE,Customer should retry using the same or another payment method.,0,Not recovered,0.0
2026-09-04T17:50:09,TXN100708,0.364,Temporary UPI/network timeout. A delayed retry may recover the payment.,MESSAGE,Technical failure has moderate recovery potential; customer notification is safer.,1,Recovered,3967.94
2026-09-04T17:50:09,TXN100709,0.526,Customer may not have sufficient funds. Customer notification is preferable to repeated retries.,MESSAGE,Customer should resolve the balance before another payment attempt.,0,Not recovered,0.0
2026-09-04T17:50:09,TXN100710,0.037,Authentication failed. Customer action is required before another attempt.,MESSAGE,Customer authentication is required.,1,Not recovered,0.0
2026-09-04T17:50:09,TXN100711,0.858,Temporary bank-side timeout. A controlled retry may recover the payment.,RETRY,Temporary technical failure with reasonable recovery probability.,0,Recovered,9015.05
2026-09-04T17:50:09,TXN100712,0.124,Customer may not have sufficient funds. Customer notification is preferable to repeated retries.,MESSAGE,Customer should resolve the balance before another payment attempt.,1,Not recovered,0.0
2026-09-04T17:50:09,TXN100713,0.622,Card issuer declined the transaction. Customer may need to use another payment method.,MESSAGE,Customer should retry using the same or another payment method.,2,Not recovered,0.0
2026-09-04T17:50:09,TXN100714,0.755,Temporary network issue. A controlled retry is appropriate.,RETRY,Temporary technical failure with reasonable recovery probability.,2,Recovered,5362.6
2026-09-04T17:50:09,TXN100715,0.597,Temporary network issue. A controlled retry is appropriate.,RETRY,Temporary technical failure with reasonable recovery probability.,2,Not recovered,0.0
2026-09-04T17:50:09,TXN100716,0.768,Temporary UPI/network timeout. A delayed retry may recover the payment.,RETRY,Temporary technical failure with reasonable recovery probability.,0,Not recovered,0.0
2026-09-04T17:50:09,TXN100717,0.327,Temporary network issue. A controlled retry is appropriate.,MESSAGE,Technical failure has moderate recovery potential; customer notification is safer.,0,Not recovered,0.0
2026-09-04T17:50:09,TXN100718,0.491,Temporary bank-side timeout. A controlled retry may recover the payment.,RETRY,Temporary technical failure with reasonable recovery probability.,1,Recovered,2038.72
2026-09-04T17:50:09,TXN100719,0.447,Temporary network issue. A controlled retry is appropriate.,RETRY,Temporary technical failure with reasonable recovery probability.,0,Recovered,11016.57
2026-09-04T17:50:09,TXN100720,0.786,Temporary UPI/network timeout. A delayed retry may recover the payment.,RETRY,Temporary technical failure with reasonable recovery probability.,0,Not recovered,0.0
2026-09-04T17:50:09,TXN100721,0.08,Authentication failed. Customer action is required before another attempt.,MESSAGE,Customer authentication is required.,0,Not recovered,0.0
2026-09-04T17:50:09,TXN100722,0.286,Card issuer declined the transaction. Customer may need to use another payment method.,STOP,Low recovery probability for the current payment attempt.,0,Not recovered,0.0
2026-09-04T17:50:09,TXN100723,0.292,Card issuer declined the transaction. Customer may need to use another payment method.,STOP,Low recovery probability for the current payment attempt.,0,Not recovered,0.0
2026-09-04T17:50:09,TXN100724,0.627,Temporary network issue. A controlled retry is appropriate.,RETRY,Temporary technical failure with reasonable recovery probability.,2,Recovered,8701.78
2026-09-04T17:50:09,TXN100725,0.294,Customer may not have sufficient funds. Customer notification is preferable to repeated retries.,MESSAGE,Customer should resolve the balance before another payment attempt.,0,Not recovered,0.0
2026-09-04T17:50:09,TXN100726,0.681,Card issuer declined the transaction. Customer may need to use another payment method.,MESSAGE,Customer should retry using the same or another payment method.,1,Recovered,2267.77
2026-09-04T17:50:09,TXN100727,0.143,Authentication failed. Customer action is required before another attempt.,MESSAGE,Customer authentication is required.,0,Not recovered,0.0
2026-09-04T17:50:09,TXN100728,0.729,Temporary network issue. A controlled retry is appropriate.,RETRY,Temporary technical failure with reasonable recovery probability.,1,Recovered,3183.29
2026-09-04T17:50:09,TXN100729,0.673,Temporary UPI/network timeout. A delayed retry may recover the payment.,RETRY,Temporary technical failure with reasonable recovery probability.,0,Recovered,2621.27
2026-09-04T17:50:09,TXN100730,0.078,Authentication failed. Customer action is required before another attempt.,MESSAGE,Customer authentication is required.,2,Not recovered,0.0
2026-09-04T17:50:09,TXN100731,0.764,Temporary network issue. A controlled retry is appropriate.,RETRY,Temporary technical failure with reasonable recovery probability.,2,Not recovered,0.0
2026-09-04T17:50:09,TXN100732,0.118,Authentication failed. Customer action is required before another attempt.,MESSAGE,Customer authentication is required.,0,Not recovered,0.0
2026-09-04T17:50:09,TXN100733,0.396,Card issuer declined the transaction. Customer may need to use another payment method.,STOP,Low recovery probability for the current payment attempt.,2,Not recovered,0.0
2026-09-04T17:50:09,TXN100734,0.292,Temporary UPI/network timeout. A delayed retry may recover the payment.,STOP,Maximum retry limit reached.,3,Not recovered,0.0
2026-09-04T17:50:09,TXN100735,0.462,Temporary network issue. A controlled retry is appropriate.,RETRY,Temporary technical failure with reasonable recovery probability.,2,Not recovered,0.0
2026-09-04T17:50:09,TXN100736,0.721,Temporary bank-side timeout. A controlled retry may recover the payment.,RETRY,Temporary technical failure with reasonable recovery probability.,2,Recovered,6007.58
2026-09-04T17:50:09,TXN100737,0.897,Temporary UPI/network timeout. A delayed retry may recover the payment.,RETRY,Temporary technical failure with reasonable recovery probability.,0,Recovered,12285.49
2026-09-04T17:50:09,TXN100738,0.29,Temporary bank-side timeout. A controlled retry may recover the payment.,MESSAGE,Technical failure has moderate recovery potential; customer notification is safer.,1,Not recovered,0.0
2026-09-04T17:50:09,TXN100739,0.113,Authentication failed. Customer action is required before another attempt.,MESSAGE,Customer authentication is required.,0,Not recovered,0.0
2026-09-04T17:50:09,TXN100740,0.102,Customer may not have sufficient funds. Customer notification is preferable to repeated retries.,MESSAGE,Customer should resolve the balance before another payment attempt.,0,Not recovered,0.0
2026-09-04T17:50:09,TXN100741,0.308,Temporary UPI/network timeout. A delayed retry may recover the payment.,STOP,Maximum retry limit reached.,3,Not recovered,0.0
2026-09-04T17:50:09,TXN100742,0.652,Authentication failed. Customer action is required before another attempt.,MESSAGE,Customer authentication is required.,0,Not recovered,0.0
2026-09-04T17:50:09,TXN100743,0.633,Temporary bank-side timeout. A controlled retry may recover the payment.,RETRY,Temporary technical failure with reasonable recovery probability.,1,Recovered,7639.76
2026-09-04T17:50:09,TXN100744,0.212,Card issuer declined the transaction. Customer may need to use another payment method.,STOP,Low recovery probability for the current payment attempt.,2,Not recovered,0.0
2026-09-04T17:50:09,TXN100745,0.213,Card issuer declined the transaction. Customer may need to use another payment method.,STOP,Low recovery probability for the current payment attempt.,2,Not recovered,0.0
2026-09-04T17:50:09,TXN100746,0.077,Customer may not have sufficient funds. Customer notification is preferable to repeated retries.,STOP,Maximum retry limit reached.,3,Not recovered,0.0
2026-09-04T17:50:09,TXN100747,0.795,Temporary UPI/network timeout. A delayed retry may recover the payment.,RETRY,Temporary technical failure with reasonable recovery probability.,0,Recovered,8244.13
2026-09-04T17:50:09,TXN100748,0.314,Temporary UPI/network timeout. A delayed retry may recover the payment.,MESSAGE,Technical failure has moderate recovery potential; customer notification is safer.,0,Not recovered,0.0
2026-09-04T17:50:09,TXN100749,0.616,Temporary UPI/network timeout. A delayed retry may recover the payment.,RETRY,Temporary technical failure with reasonable recovery probability.,0,Recovered,9438.35
2026-09-04T17:50:09,TXN100750,0.178,Authentication failed. Customer action is required before another attempt.,MESSAGE,Customer authentication is required.,0,Recovered,1929.21
2026-09-04T17:50:09,TXN100751,0.189,Customer may not have sufficient funds. Customer notification is preferable to repeated retries.,MESSAGE,Customer should resolve the balance before another payment attempt.,0,Not recovered,0.0
2026-09-04T17:50:09,TXN100752,0.264,Temporary UPI/network timeout. A delayed retry may recover the payment.,MESSAGE,Technical failure has moderate recovery potential; customer notification is safer.,0,Not recovered,0.0
2026-09-04T17:50:09,TXN100753,0.049,Authentication failed. Customer action is required before another attempt.,MESSAGE,Customer authentication is required.,2,Not recovered,0.0
2026-09-04T17:50:09,TXN100754,0.387,Card issuer declined the transaction. Customer may need to use another payment method.,STOP,Low recovery probability for the current payment attempt.,1,Not recovered,0.0
2026-09-04T17:50:09,TXN100755,0.878,Temporary bank-side timeout. A controlled retry may recover the payment.,RETRY,Temporary technical failure with reasonable recovery probability.,0,Not recovered,0.0
2026-09-04T17:50:09,TXN100756,0.095,Authentication failed. Customer action is required before another attempt.,MESSAGE,Customer authentication is required.,1,Not recovered,0.0
2026-09-04T17:50:09,TXN100757,0.352,Card issuer declined the transaction. Customer may need to use another payment method.,STOP,Low recovery probability for the current payment attempt.,0,Not recovered,0.0
2026-09-04T17:50:09,TXN100758,0.278,Card issuer declined the transaction. Customer may need to use another payment method.,STOP,Low recovery probability for the current payment attempt.,0,Not recovered,0.0
2026-09-04T17:50:09,TXN100759,0.707,Temporary bank-side timeout. A controlled retry may recover the payment.,RETRY,Temporary technical failure with reasonable recovery probability.,2,Not recovered,0.0
2026-09-04T17:50:09,TXN100760,0.709,Card issuer declined the transaction. Customer may need to use another payment method.,MESSAGE,Customer should retry using the same or another payment method.,1,Recovered,2443.94
2026-09-04T17:50:09,TXN100761,0.185,Customer may not have sufficient funds. Customer notification is preferable to repeated retries.,MESSAGE,Customer should resolve the balance before another payment attempt.,2,Not recovered,0.0
2026-09-04T17:50:09,TXN100762,0.7,Temporary bank-side timeout. A controlled retry may recover the payment.,RETRY,Temporary technical failure with reasonable recovery probability.,0,Recovered,3876.89
2026-09-04T17:50:09,TXN100763,0.219,Card issuer declined the transaction. Customer may need to use another payment method.,STOP,Low recovery probability for the current payment attempt.,2,Not recovered,0.0
2026-09-04T17:50:09,TXN100764,0.547,Temporary network issue. A controlled retry is appropriate.,RETRY,Temporary technical failure with reasonable recovery probability.,1,Recovered,695.31
2026-09-04T17:50:09,TXN100765,0.646,Authentication failed. Customer action is required before another attempt.,MESSAGE,Customer authentication is required.,1,Not recovered,0.0
2026-09-04T17:50:09,TXN100766,0.22,Card issuer declined the transaction. Customer may need to use another payment method.,STOP,Low recovery probability for the current payment attempt.,1,Not recovered,0.0
2026-09-04T17:50:09,TXN100767,0.049,Customer may not have sufficient funds. Customer notification is preferable to repeated retries.,MESSAGE,Customer should resolve the balance before another payment attempt.,2,Not recovered,0.0
2026-09-04T17:50:09,TXN100768,0.332,Temporary UPI/network timeout. A delayed retry may recover the payment.,MESSAGE,Technical failure has moderate recovery potential; customer notification is safer.,1,Recovered,5262.15
2026-09-04T17:50:09,TXN100769,0.166,Card issuer declined the transaction. Customer may need to use another payment method.,STOP,Low recovery probability for the current payment attempt.,1,Not recovered,0.0
2026-09-04T17:50:09,TXN100770,0.253,Temporary UPI/network timeout. A delayed retry may recover the payment.,STOP,Maximum retry limit reached.,3,Not recovered,0.0
2026-09-04T17:50:09,TXN100771,0.33,Temporary network issue. A controlled retry is appropriate.,MESSAGE,Technical failure has moderate recovery potential; customer notification is safer.,2,Not recovered,0.0
2026-09-04T17:50:09,TXN100772,0.199,Card issuer declined the transaction. Customer may need to use another payment method.,STOP,Low recovery probability for the current payment attempt.,0,Not recovered,0.0
2026-09-04T17:50:09,TXN100773,0.803,Temporary bank-side timeout. A controlled retry may recover the payment.,RETRY,Temporary technical failure with reasonable recovery probability.,1,Recovered,6079.25
2026-09-04T17:50:09,TXN100774,0.601,Temporary UPI/network timeout. A delayed retry may recover the payment.,RETRY,Temporary technical failure with reasonable recovery probability.,0,Not recovered,0.0
2026-09-04T17:50:09,TXN100775,0.367,Temporary network issue. A controlled retry is appropriate.,MESSAGE,Technical failure has moderate recovery potential; customer notification is safer.,0,Recovered,2417.93
2026-09-04T17:50:09,TXN100776,0.449,Temporary bank-side timeout. A controlled retry may recover the payment.,RETRY,Temporary technical failure with reasonable recovery probability.,1,Recovered,3592.15
2026-09-04T17:50:09,TXN100777,0.299,Temporary bank-side timeout. A controlled retry may recover the payment.,MESSAGE,Technical failure has moderate recovery potential; customer notification is safer.,2,Not recovered,0.0
2026-09-04T17:50:10,TXN100778,0.206,Temporary bank-side timeout. A controlled retry may recover the payment.,STOP,Very low recovery probability.,2,Not recovered,0.0
2026-09-04T17:50:10,TXN100779,0.778,Temporary bank-side timeout. A controlled retry may recover the payment.,RETRY,Temporary technical failure with reasonable recovery probability.,0,Not recovered,0.0
2026-09-04T17:50:10,TXN100780,0.275,Card issuer declined the transaction. Customer may need to use another payment method.,STOP,Low recovery probability for the current payment attempt.,1,Not recovered,0.0
2026-09-04T17:50:10,TXN100781,0.117,Authentication failed. Customer action is required before another attempt.,MESSAGE,Customer authentication is required.,0,Not recovered,0.0
2026-09-04T17:50:10,TXN100782,0.119,Card issuer declined the transaction. Customer may need to use another payment method.,STOP,Maximum retry limit reached.,3,Not recovered,0.0
2026-09-04T17:50:10,TXN100783,0.175,Card issuer declined the transaction. Customer may need to use another payment method.,STOP,Maximum retry limit reached.,3,Not recovered,0.0
2026-09-04T17:50:10,TXN100784,0.431,Temporary network issue. A controlled retry is appropriate.,RETRY,Temporary technical failure with reasonable recovery probability.,1,Recovered,2886.83
2026-09-04T17:50:10,TXN100785,0.663,Temporary network issue. A controlled retry is appropriate.,RETRY,Temporary technical failure with reasonable recovery probability.,2,Not recovered,0.0
2026-09-04T17:50:10,TXN100786,0.203,Authentication failed. Customer action is required before another attempt.,MESSAGE,Customer authentication is required.,1,Not recovered,0.0
2026-09-04T17:50:10,TXN100787,0.831,Temporary network issue. A controlled retry is appropriate.,RETRY,Temporary technical failure with reasonable recovery probability.,1,Recovered,6132.0
2026-09-04T17:50:10,TXN100788,0.336,Customer may not have sufficient funds. Customer notification is preferable to repeated retries.,MESSAGE,Customer should resolve the balance before another payment attempt.,0,Not recovered,0.0
2026-09-04T17:50:10,TXN100789,0.228,Authentication failed. Customer action is required before another attempt.,MESSAGE,Customer authentication is required.,1,Not recovered,0.0
2026-09-04T17:50:10,TXN100790,0.727,Temporary network issue. A controlled retry is appropriate.,RETRY,Temporary technical failure with reasonable recovery probability.,1,Recovered,2468.75
2026-09-04T17:50:10,TXN100791,0.567,Authentication failed. Customer action is required before another attempt.,MESSAGE,Customer authentication is required.,1,Not recovered,0.0
2026-09-04T17:50:10,TXN100792,0.278,Card issuer declined the transaction. Customer may need to use another payment method.,STOP,Low recovery probability for the current payment attempt.,0,Not recovered,0.0
2026-09-04T17:50:10,TXN100793,0.114,Card issuer declined the transaction. Customer may need to use another payment method.,STOP,Maximum retry limit reached.,3,Not recovered,0.0
2026-09-04T17:50:10,TXN100794,0.185,Authentication failed. Customer action is required before another attempt.,MESSAGE,Customer authentication is required.,0,Recovered,467.05
2026-09-04T17:50:10,TXN100795,0.145,Customer may not have sufficient funds. Customer notification is preferable to repeated retries.,MESSAGE,Customer should resolve the balance before another payment attempt.,1,Not recovered,0.0
2026-09-04T17:50:10,TXN100796,0.224,Customer may not have sufficient funds. Customer notification is preferable to repeated retries.,MESSAGE,Customer should resolve the balance before another payment attempt.,1,Not recovered,0.0
2026-09-04T17:50:10,TXN100797,0.636,Authentication failed. Customer action is required before another attempt.,MESSAGE,Customer authentication is required.,1,Not recovered,0.0
2026-09-04T17:50:10,TXN100798,0.514,Temporary network issue. A controlled retry is appropriate.,RETRY,Temporary technical failure with reasonable recovery probability.,1,Not recovered,0.0
2026-09-04T17:50:10,TXN100799,0.743,Temporary UPI/network timeout. A delayed retry may recover the payment.,RETRY,Temporary technical failure with reasonable recovery probability.,0,Not recovered,0.0
2026-09-04T17:50:10,TXN100800,0.102,Customer may not have sufficient funds. Customer notification is preferable to repeated retries.,MESSAGE,Customer should resolve the balance before another payment attempt.,0,Not recovered,0.0
2026-09-04T17:50:10,TXN100801,0.601,Temporary bank-side timeout. A controlled retry may recover the payment.,RETRY,Temporary technical failure with reasonable recovery probability.,1,Recovered,2456.73
2026-09-04T17:50:10,TXN100802,0.483,Card issuer declined the transaction. Customer may need to use another payment method.,STOP,Low recovery probability for the current payment attempt.,1,Not recovered,0.0
2026-09-04T17:50:10,TXN100803,0.109,Authentication failed. Customer action is required before another attempt.,MESSAGE,Customer authentication is required.,0,Not recovered,0.0
2026-09-04T17:50:10,TXN100804,0.721,Temporary bank-side timeout. A controlled retry may recover the payment.,RETRY,Temporary technical failure with reasonable recovery probability.,1,Recovered,6476.56
2026-09-04T17:50:10,TXN100805,0.114,Authentication failed. Customer action is required before another attempt.,MESSAGE,Customer authentication is required.,1,Not recovered,0.0
2026-09-04T17:50:10,TXN100806,0.153,Card issuer declined the transaction. Customer may need to use another payment method.,STOP,Low recovery probability for the current payment attempt.,1,Not recovered,0.0
2026-09-04T17:50:10,TXN100807,0.536,Card issuer declined the transaction. Customer may need to use another payment method.,STOP,Low recovery probability for the current payment attempt.,2,Not recovered,0.0
2026-09-04T17:50:10,TXN100808,0.141,Customer may not have sufficient funds. Customer notification is preferable to repeated retries.,MESSAGE,Customer should resolve the balance before another payment attempt.,0,Not recovered,0.0
2026-09-04T17:50:10,TXN100809,0.265,Customer may not have sufficient funds. Customer notification is preferable to repeated retries.,MESSAGE,Customer should resolve the balance before another payment attempt.,0,Recovered,1875.04
2026-09-04T17:50:10,TXN100810,0.111,Temporary bank-side timeout. A controlled retry may recover the payment.,STOP,Very low recovery probability.,2,Not recovered,0.0
2026-09-04T17:50:10,TXN100811,0.088,Authentication failed. Customer action is required before another attempt.,MESSAGE,Customer authentication is required.,1,Not recovered,0.0
2026-09-04T17:50:10,TXN100812,0.379,Card issuer declined the transaction. Customer may need to use another payment method.,STOP,Low recovery probability for the current payment attempt.,1,Not recovered,0.0
2026-09-04T17:50:10,TXN100813,0.713,Temporary bank-side timeout. A controlled retry may recover the payment.,RETRY,Temporary technical failure with reasonable recovery probability.,2,Not recovered,0.0
2026-09-04T17:50:10,TXN100814,0.676,Temporary UPI/network timeout. A delayed retry may recover the payment.,RETRY,Temporary technical failure with reasonable recovery probability.,2,Not recovered,0.0
2026-09-04T17:50:10,TXN100815,0.225,Temporary bank-side timeout. A controlled retry may recover the payment.,STOP,Maximum retry limit reached.,3,Not recovered,0.0
2026-09-04T17:50:10,TXN100816,0.288,Temporary network issue. A controlled retry is appropriate.,MESSAGE,Technical failure has moderate recovery potential; customer notification is safer.,1,Not recovered,0.0
2026-09-04T17:50:10,TXN100817,0.772,Temporary bank-side timeout. A controlled retry may recover the payment.,RETRY,Temporary technical failure with reasonable recovery probability.,1,Recovered,6104.64
2026-09-04T17:50:10,TXN100818,0.77,Temporary network issue. A controlled retry is appropriate.,RETRY,Temporary technical failure with reasonable recovery probability.,0,Recovered,1009.53
2026-09-04T17:50:10,TXN100819,0.506,Temporary network issue. A controlled retry is appropriate.,RETRY,Temporary technical failure with reasonable recovery probability.,0,Recovered,5160.25
2026-09-04T17:50:10,TXN100820,0.448,Temporary network issue. A controlled retry is appropriate.,RETRY,Temporary technical failure with reasonable recovery probability.,1,Not recovered,0.0
2026-09-04T17:50:10,TXN100821,0.231,Temporary UPI/network timeout. A delayed retry may recover the payment.,STOP,Very low recovery probability.,0,Not recovered,0.0
2026-09-04T17:50:10,TXN100822,0.776,Temporary bank-side timeout. A controlled retry may recover the payment.,RETRY,Temporary technical failure with reasonable recovery probability.,2,Recovered,5135.12
2026-09-04T17:50:10,TXN100823,0.691,Temporary bank-side timeout. A controlled retry may recover the payment.,RETRY,Temporary technical failure with reasonable recovery probability.,1,Recovered,6092.29
2026-09-04T17:50:10,TXN100824,0.593,Temporary UPI/network timeout. A delayed retry may recover the payment.,RETRY,Temporary technical failure with reasonable recovery probability.,1,Recovered,8152.99
2026-09-04T17:50:10,TXN100825,0.553,Card issuer declined the transaction. Customer may need to use another payment method.,STOP,Low recovery probability for the current payment attempt.,0,Not recovered,0.0
2026-09-04T17:50:10,TXN100826,0.127,Customer may not have sufficient funds. Customer notification is preferable to repeated retries.,MESSAGE,Customer should resolve the balance before another payment attempt.,0,Not recovered,0.0
2026-09-04T17:50:10,TXN100827,0.858,Temporary bank-side timeout. A controlled retry may recover the payment.,RETRY,Temporary technical failure with reasonable recovery probability.,0,Recovered,5334.25
2026-09-04T17:50:10,TXN100828,0.114,Customer may not have sufficient funds. Customer notification is preferable to repeated retries.,MESSAGE,Customer should resolve the balance before another payment attempt.,0,Not recovered,0.0
2026-09-04T17:50:10,TXN100829,0.052,Authentication failed. Customer action is required before another attempt.,MESSAGE,Customer authentication is required.,0,Not recovered,0.0
2026-09-04T17:50:10,TXN100830,0.067,Authentication failed. Customer action is required before another attempt.,MESSAGE,Customer authentication is required.,1,Not recovered,0.0
2026-09-04T17:50:10,TXN100831,0.626,Temporary UPI/network timeout. A delayed retry may recover the payment.,RETRY,Temporary technical failure with reasonable recovery probability.,2,Recovered,6895.56
2026-09-04T17:50:10,TXN100832,0.137,Authentication failed. Customer action is required before another attempt.,MESSAGE,Customer authentication is required.,2,Not recovered,0.0
2026-09-04T17:50:10,TXN100833,0.699,Authentication failed. Customer action is required before another attempt.,MESSAGE,Customer authentication is required.,1,Recovered,2809.7
2026-09-04T17:50:10,TXN100834,0.24,Card issuer declined the transaction. Customer may need to use another payment method.,STOP,Low recovery probability for the current payment attempt.,0,Not recovered,0.0
2026-09-04T17:50:10,TXN100835,0.598,Card issuer declined the transaction. Customer may need to use another payment method.,STOP,Low recovery probability for the current payment attempt.,2,Not recovered,0.0
2026-09-04T17:50:10,TXN100836,0.249,Card issuer declined the transaction. Customer may need to use another payment method.,STOP,Low recovery probability for the current payment attempt.,2,Not recovered,0.0
2026-09-04T17:50:10,TXN100837,0.114,Authentication failed. Customer action is required before another attempt.,MESSAGE,Customer authentication is required.,0,Not recovered,0.0
2026-09-04T17:50:10,TXN100838,0.744,Temporary UPI/network timeout. A delayed retry may recover the payment.,RETRY,Temporary technical failure with reasonable recovery probability.,1,Recovered,8792.29
2026-09-04T17:50:10,TXN100839,0.402,Temporary network issue. A controlled retry is appropriate.,RETRY,Temporary technical failure with reasonable recovery probability.,0,Not recovered,0.0
2026-09-04T17:50:10,TXN100840,0.378,Temporary network issue. A controlled retry is appropriate.,MESSAGE,Technical failure has moderate recovery potential; customer notification is safer.,2,Recovered,392.81
2026-09-04T17:50:10,TXN100841,0.048,Customer may not have sufficient funds. Customer notification is preferable to repeated retries.,STOP,Maximum retry limit reached.,3,Not recovered,0.0
2026-09-04T17:50:10,TXN100842,0.845,Temporary network issue. A controlled retry is appropriate.,RETRY,Temporary technical failure with reasonable recovery probability.,0,Recovered,2834.11
2026-09-04T17:50:10,TXN100843,0.319,Temporary network issue. A controlled retry is appropriate.,MESSAGE,Technical failure has moderate recovery potential; customer notification is safer.,2,Not recovered,0.0
2026-09-04T17:50:10,TXN100844,0.207,Card issuer declined the transaction. Customer may need to use another payment method.,STOP,Low recovery probability for the current payment attempt.,1,Not recovered,0.0
2026-09-04T17:50:10,TXN100845,0.131,Card issuer declined the transaction. Customer may need to use another payment method.,STOP,Maximum retry limit reached.,3,Not recovered,0.0
2026-09-04T17:50:10,TXN100846,0.039,Authentication failed. Customer action is required before another attempt.,MESSAGE,Customer authentication is required.,1,Not recovered,0.0
2026-09-04T17:50:10,TXN100847,0.71,Customer may not have sufficient funds. Customer notification is preferable to repeated retries.,MESSAGE,Customer should resolve the balance before another payment attempt.,2,Not recovered,0.0
2026-09-04T17:50:10,TXN100848,0.631,Temporary bank-side timeout. A controlled retry may recover the payment.,RETRY,Temporary technical failure with reasonable recovery probability.,0,Recovered,7631.99
2026-09-04T17:50:10,TXN100849,0.214,Customer may not have sufficient funds. Customer notification is preferable to repeated retries.,MESSAGE,Customer should resolve the balance before another payment attempt.,0,Not recovered,0.0
2026-09-04T17:50:10,TXN100850,0.249,Customer may not have sufficient funds. Customer notification is preferable to repeated retries.,MESSAGE,Customer should resolve the balance before another payment attempt.,0,Recovered,1191.8
2026-09-04T17:50:11,TXN100851,0.303,Temporary UPI/network timeout. A delayed retry may recover the payment.,STOP,Maximum retry limit reached.,3,Not recovered,0.0
2026-09-04T17:50:11,TXN100852,0.089,Authentication failed. Customer action is required before another attempt.,MESSAGE,Customer authentication is required.,2,Not recovered,0.0
2026-09-04T17:50:11,TXN100853,0.392,Temporary UPI/network timeout. A delayed retry may recover the payment.,MESSAGE,Technical failure has moderate recovery potential; customer notification is safer.,2,Not recovered,0.0
2026-09-04T17:50:11,TXN100854,0.078,Customer may not have sufficient funds. Customer notification is preferable to repeated retries.,STOP,Maximum retry limit reached.,3,Not recovered,0.0
2026-09-04T17:50:11,TXN100855,0.199,Customer may not have sufficient funds. Customer notification is preferable to repeated retries.,MESSAGE,Customer should resolve the balance before another payment attempt.,0,Not recovered,0.0
2026-09-04T17:50:11,TXN100856,0.296,Customer may not have sufficient funds. Customer notification is preferable to repeated retries.,MESSAGE,Customer should resolve the balance before another payment attempt.,0,Recovered,739.97
2026-09-04T17:50:11,TXN100857,0.698,Temporary network issue. A controlled retry is appropriate.,RETRY,Temporary technical failure with reasonable recovery probability.,0,Recovered,7186.06
2026-09-04T17:50:11,TXN100858,0.864,Temporary UPI/network timeout. A delayed retry may recover the payment.,RETRY,Temporary technical failure with reasonable recovery probability.,0,Recovered,8559.21
2026-09-04T17:50:11,TXN100859,0.659,Customer may not have sufficient funds. Customer notification is preferable to repeated retries.,MESSAGE,Customer should resolve the balance before another payment attempt.,0,Recovered,1171.55
2026-09-04T17:50:11,TXN100860,0.158,Card issuer declined the transaction. Customer may need to use another payment method.,STOP,Low recovery probability for the current payment attempt.,1,Not recovered,0.0
2026-09-04T17:50:11,TXN100861,0.141,Authentication failed. Customer action is required before another attempt.,MESSAGE,Customer authentication is required.,0,Not recovered,0.0
2026-09-04T17:50:11,TXN100862,0.056,Authentication failed. Customer action is required before another attempt.,MESSAGE,Customer authentication is required.,0,Not recovered,0.0
2026-09-04T17:50:11,TXN100863,0.603,Card issuer declined the transaction. Customer may need to use another payment method.,MESSAGE,Customer should retry using the same or another payment method.,0,Not recovered,0.0
2026-09-04T17:50:11,TXN100864,0.137,Authentication failed. Customer action is required before another attempt.,MESSAGE,Customer authentication is required.,0,Not recovered,0.0
2026-09-04T17:50:11,TXN100865,0.273,Temporary network issue. A controlled retry is appropriate.,STOP,Maximum retry limit reached.,3,Not recovered,0.0
2026-09-04T17:50:11,TXN100866,0.323,Temporary network issue. A controlled retry is appropriate.,MESSAGE,Technical failure has moderate recovery potential; customer notification is safer.,2,Recovered,2496.71
2026-09-04T17:50:11,TXN100867,0.467,Temporary bank-side timeout. A controlled retry may recover the payment.,STOP,Maximum retry limit reached.,3,Not recovered,0.0
2026-09-04T17:50:11,TXN100868,0.263,Temporary bank-side timeout. A controlled retry may recover the payment.,MESSAGE,Technical failure has moderate recovery potential; customer notification is safer.,0,Not recovered,0.0
2026-09-04T17:50:11,TXN100869,0.577,Temporary bank-side timeout. A controlled retry may recover the payment.,RETRY,Temporary technical failure with reasonable recovery probability.,0,Not recovered,0.0
2026-09-04T17:50:11,TXN100870,0.067,Authentication failed. Customer action is required before another attempt.,MESSAGE,Customer authentication is required.,2,Not recovered,0.0
2026-09-04T17:50:11,TXN100871,0.561,Temporary network issue. A controlled retry is appropriate.,RETRY,Temporary technical failure with reasonable recovery probability.,0,Recovered,4206.29
2026-09-04T17:50:11,TXN100872,0.343,Temporary network issue. A controlled retry is appropriate.,MESSAGE,Technical failure has moderate recovery potential; customer notification is safer.,0,Not recovered,0.0
2026-09-04T17:50:11,TXN100873,0.775,Temporary network issue. A controlled retry is appropriate.,RETRY,Temporary technical failure with reasonable recovery probability.,0,Recovered,6248.67
2026-09-04T17:50:11,TXN100874,0.604,Card issuer declined the transaction. Customer may need to use another payment method.,MESSAGE,Customer should retry using the same or another payment method.,0,Recovered,574.74
2026-09-04T17:50:11,TXN100875,0.802,Temporary network issue. A controlled retry is appropriate.,RETRY,Temporary technical failure with reasonable recovery probability.,0,Recovered,2510.21
2026-09-04T17:50:11,TXN100876,0.281,Card issuer declined the transaction. Customer may need to use another payment method.,STOP,Low recovery probability for the current payment attempt.,0,Not recovered,0.0
2026-09-04T17:50:11,TXN100877,0.816,Temporary bank-side timeout. A controlled retry may recover the payment.,RETRY,Temporary technical failure with reasonable recovery probability.,1,Recovered,9951.73
2026-09-04T17:50:11,TXN100878,0.61,Temporary bank-side timeout. A controlled retry may recover the payment.,RETRY,Temporary technical failure with reasonable recovery probability.,0,Recovered,600.05
2026-09-04T17:50:11,TXN100879,0.526,Authentication failed. Customer action is required before another attempt.,MESSAGE,Customer authentication is required.,0,Not recovered,0.0
2026-09-04T17:50:11,TXN100880,0.279,Temporary bank-side timeout. A controlled retry may recover the payment.,MESSAGE,Technical failure has moderate recovery potential; customer notification is safer.,2,Recovered,3619.14
2026-09-04T17:50:11,TXN100881,0.077,Authentication failed. Customer action is required before another attempt.,MESSAGE,Customer authentication is required.,0,Not recovered,0.0
2026-09-04T17:50:11,TXN100882,0.216,Customer may not have sufficient funds. Customer notification is preferable to repeated retries.,MESSAGE,Customer should resolve the balance before another payment attempt.,0,Recovered,490.74
2026-09-04T17:50:11,TXN100883,0.202,Customer may not have sufficient funds. Customer notification is preferable to repeated retries.,MESSAGE,Customer should resolve the balance before another payment attempt.,2,Not recovered,0.0
2026-09-04T17:50:11,TXN100884,0.287,Temporary UPI/network timeout. A delayed retry may recover the payment.,MESSAGE,Technical failure has moderate recovery potential; customer notification is safer.,0,Not recovered,0.0
2026-09-04T17:50:11,TXN100885,0.342,Authentication failed. Customer action is required before another attempt.,MESSAGE,Customer authentication is required.,0,Not recovered,0.0
2026-09-04T17:50:11,TXN100886,0.705,Temporary UPI/network timeout. A delayed retry may recover the payment.,RETRY,Temporary technical failure with reasonable recovery probability.,1,Not recovered,0.0
2026-09-04T17:50:11,TXN100887,0.356,Temporary UPI/network timeout. A delayed retry may recover the payment.,MESSAGE,Technical failure has moderate recovery potential; customer notification is safer.,0,Recovered,3724.34
2026-09-04T17:50:11,TXN100888,0.215,Customer may not have sufficient funds. Customer notification is preferable to repeated retries.,MESSAGE,Customer should resolve the balance before another payment attempt.,1,Recovered,1670.83
2026-09-04T17:50:11,TXN100889,0.07,Authentication failed. Customer action is required before another attempt.,MESSAGE,Customer authentication is required.,2,Not recovered,0.0
2026-09-04T17:50:11,TXN100890,0.331,Customer may not have sufficient funds. Customer notification is preferable to repeated retries.,MESSAGE,Customer should resolve the balance before another payment attempt.,0,Not recovered,0.0
2026-09-04T17:50:11,TXN100891,0.243,Temporary UPI/network timeout. A delayed retry may recover the payment.,STOP,Very low recovery probability.,1,Not recovered,0.0
2026-09-04T17:50:11,TXN100892,0.733,Authentication failed. Customer action is required before another attempt.,MESSAGE,Customer authentication is required.,1,Not recovered,0.0
2026-09-04T17:50:11,TXN100893,0.594,Temporary UPI/network timeout. A delayed retry may recover the payment.,RETRY,Temporary technical failure with reasonable recovery probability.,0,Recovered,6077.71
2026-09-04T17:50:11,TXN100894,0.664,Temporary network issue. A controlled retry is appropriate.,RETRY,Temporary technical failure with reasonable recovery probability.,1,Not recovered,0.0
2026-09-04T17:50:11,TXN100895,0.316,Authentication failed. Customer action is required before another attempt.,MESSAGE,Customer authentication is required.,0,Recovered,3232.97
2026-09-04T17:50:11,TXN100896,0.119,Authentication failed. Customer action is required before another attempt.,MESSAGE,Customer authentication is required.,1,Not recovered,0.0
2026-09-04T17:50:11,TXN100897,0.281,Temporary UPI/network timeout. A delayed retry may recover the payment.,MESSAGE,Technical failure has moderate recovery potential; customer notification is safer.,0,Not recovered,0.0
2026-09-04T17:50:11,TXN100898,0.824,Temporary network issue. A controlled retry is appropriate.,RETRY,Temporary technical failure with reasonable recovery probability.,1,Recovered,391.44
2026-09-04T17:50:11,TXN100899,0.667,Card issuer declined the transaction. Customer may need to use another payment method.,MESSAGE,Customer should retry using the same or another payment method.,0,Recovered,1464.61
2026-09-04T17:50:11,TXN100900,0.041,Customer may not have sufficient funds. Customer notification is preferable to repeated retries.,MESSAGE,Customer should resolve the balance before another payment attempt.,2,Not recovered,0.0
2026-09-04T17:50:11,TXN100901,0.391,Temporary UPI/network timeout. A delayed retry may recover the payment.,MESSAGE,Technical failure has moderate recovery potential; customer notification is safer.,0,Recovered,591.7
2026-09-04T17:50:11,TXN100902,0.208,Authentication failed. Customer action is required before another attempt.,MESSAGE,Customer authentication is required.,0,Not recovered,0.0
2026-09-04T17:50:11,TXN100903,0.161,Customer may not have sufficient funds. Customer notification is preferable to repeated retries.,MESSAGE,Customer should resolve the balance before another payment attempt.,1,Not recovered,0.0
2026-09-04T17:50:11,TXN100904,0.305,Customer may not have sufficient funds. Customer notification is preferable to repeated retries.,MESSAGE,Customer should resolve the balance before another payment attempt.,1,Not recovered,0.0
2026-09-04T17:50:11,TXN100905,0.11,Customer may not have sufficient funds. Customer notification is preferable to repeated retries.,MESSAGE,Customer should resolve the balance before another payment attempt.,1,Not recovered,0.0
2026-09-04T17:50:11,TXN100906,0.388,Card issuer declined the transaction. Customer may need to use another payment method.,STOP,Low recovery probability for the current payment attempt.,1,Not recovered,0.0
2026-09-04T17:50:11,TXN100907,0.711,Temporary bank-side timeout. A controlled retry may recover the payment.,RETRY,Temporary technical failure with reasonable recovery probability.,2,Recovered,5258.24
2026-09-04T17:50:11,TXN100908,0.682,Temporary UPI/network timeout. A delayed retry may recover the payment.,RETRY,Temporary technical failure with reasonable recovery probability.,2,Recovered,4038.73
2026-09-04T17:50:11,TXN100909,0.459,Temporary bank-side timeout. A controlled retry may recover the payment.,RETRY,Temporary technical failure with reasonable recovery probability.,0,Recovered,5818.83
2026-09-04T17:50:11,TXN100910,0.826,Temporary bank-side timeout. A controlled retry may recover the payment.,RETRY,Temporary technical failure with reasonable recovery probability.,1,Recovered,8935.96
2026-09-04T17:50:11,TXN100911,0.294,Temporary bank-side timeout. A controlled retry may recover the payment.,MESSAGE,Technical failure has moderate recovery potential; customer notification is safer.,2,Recovered,4166.61
2026-09-04T17:50:11,TXN100912,0.056,Customer may not have sufficient funds. Customer notification is preferable to repeated retries.,STOP,Maximum retry limit reached.,3,Not recovered,0.0
2026-09-04T17:50:11,TXN100913,0.455,Temporary network issue. A controlled retry is appropriate.,RETRY,Temporary technical failure with reasonable recovery probability.,2,Recovered,6258.7
2026-09-04T17:50:11,TXN100914,0.204,Customer may not have sufficient funds. Customer notification is preferable to repeated retries.,MESSAGE,Customer should resolve the balance before another payment attempt.,0,Not recovered,0.0
2026-09-04T17:50:11,TXN100915,0.366,Customer may not have sufficient funds. Customer notification is preferable to repeated retries.,MESSAGE,Customer should resolve the balance before another payment attempt.,0,Not recovered,0.0
2026-09-04T17:50:11,TXN100916,0.628,Authentication failed. Customer action is required before another attempt.,MESSAGE,Customer authentication is required.,1,Not recovered,0.0
2026-09-04T17:50:11,TXN100917,0.636,Authentication failed. Customer action is required before another attempt.,MESSAGE,Customer authentication is required.,1,Not recovered,0.0
2026-09-04T17:50:11,TXN100918,0.833,Temporary bank-side timeout. A controlled retry may recover the payment.,RETRY,Temporary technical failure with reasonable recovery probability.,1,Not recovered,0.0
2026-09-04T17:50:11,TXN100919,0.12,Customer may not have sufficient funds. Customer notification is preferable to repeated retries.,MESSAGE,Customer should resolve the balance before another payment attempt.,1,Not recovered,0.0
2026-09-04T17:50:11,TXN100920,0.733,Temporary bank-side timeout. A controlled retry may recover the payment.,RETRY,Temporary technical failure with reasonable recovery probability.,2,Not recovered,0.0
2026-09-04T17:50:11,TXN100921,0.091,Authentication failed. Customer action is required before another attempt.,MESSAGE,Customer authentication is required.,0,Not recovered,0.0
2026-09-04T17:50:11,TXN100922,0.691,Temporary network issue. A controlled retry is appropriate.,RETRY,Temporary technical failure with reasonable recovery probability.,2,Not recovered,0.0
2026-09-04T17:50:11,TXN100923,0.23,Temporary UPI/network timeout. A delayed retry may recover the payment.,STOP,Very low recovery probability.,0,Not recovered,0.0
2026-09-04T17:50:11,TXN100924,0.903,Temporary bank-side timeout. A controlled retry may recover the payment.,RETRY,Temporary technical failure with reasonable recovery probability.,0,Recovered,6492.59
2026-09-04T17:50:11,TXN100925,0.816,Temporary network issue. A controlled retry is appropriate.,RETRY,Temporary technical failure with reasonable recovery probability.,1,Recovered,531.57
2026-09-04T17:50:11,TXN100926,0.805,Temporary UPI/network timeout. A delayed retry may recover the payment.,RETRY,Temporary technical failure with reasonable recovery probability.,2,Recovered,4175.69
2026-09-04T17:50:12,TXN100927,0.36,Card issuer declined the transaction. Customer may need to use another payment method.,STOP,Low recovery probability for the current payment attempt.,0,Not recovered,0.0
2026-09-04T17:50:12,TXN100928,0.815,Temporary bank-side timeout. A controlled retry may recover the payment.,RETRY,Temporary technical failure with reasonable recovery probability.,0,Recovered,9575.11
2026-09-04T17:50:12,TXN100929,0.255,Temporary bank-side timeout. A controlled retry may recover the payment.,STOP,Maximum retry limit reached.,3,Not recovered,0.0
2026-09-04T17:50:12,TXN100930,0.746,Card issuer declined the transaction. Customer may need to use another payment method.,MESSAGE,Customer should retry using the same or another payment method.,0,Recovered,2261.61
2026-09-04T17:50:12,TXN100931,0.516,Card issuer declined the transaction. Customer may need to use another payment method.,STOP,Low recovery probability for the current payment attempt.,1,Not recovered,0.0
2026-09-04T17:50:12,TXN100932,0.366,Temporary bank-side timeout. A controlled retry may recover the payment.,MESSAGE,Technical failure has moderate recovery potential; customer notification is safer.,1,Not recovered,0.0
2026-09-04T17:50:12,TXN100933,0.4,Card issuer declined the transaction. Customer may need to use another payment method.,STOP,Low recovery probability for the current payment attempt.,1,Not recovered,0.0
2026-09-04T17:50:12,TXN100934,0.175,Customer may not have sufficient funds. Customer notification is preferable to repeated retries.,MESSAGE,Customer should resolve the balance before another payment attempt.,1,Recovered,2740.03
2026-09-04T17:50:12,TXN100935,0.658,Temporary UPI/network timeout. A delayed retry may recover the payment.,RETRY,Temporary technical failure with reasonable recovery probability.,0,Recovered,4229.42
2026-09-04T17:50:12,TXN100936,0.643,Temporary UPI/network timeout. A delayed retry may recover the payment.,RETRY,Temporary technical failure with reasonable recovery probability.,1,Recovered,471.2
2026-09-04T17:50:12,TXN100937,0.822,Temporary UPI/network timeout. A delayed retry may recover the payment.,RETRY,Temporary technical failure with reasonable recovery probability.,0,Not recovered,0.0
2026-09-04T17:50:12,TXN100938,0.097,Customer may not have sufficient funds. Customer notification is preferable to repeated retries.,MESSAGE,Customer should resolve the balance before another payment attempt.,1,Not recovered,0.0
2026-09-04T17:50:12,TXN100939,0.377,Card issuer declined the transaction. Customer may need to use another payment method.,STOP,Low recovery probability for the current payment attempt.,0,Not recovered,0.0
2026-09-04T17:50:12,TXN100940,0.592,Temporary network issue. A controlled retry is appropriate.,RETRY,Temporary technical failure with reasonable recovery probability.,1,Recovered,4255.29
2026-09-04T17:50:12,TXN100941,0.547,Card issuer declined the transaction. Customer may need to use another payment method.,STOP,Low recovery probability for the current payment attempt.,0,Not recovered,0.0
2026-09-04T17:50:12,TXN100942,0.827,Temporary bank-side timeout. A controlled retry may recover the payment.,RETRY,Temporary technical failure with reasonable recovery probability.,0,Not recovered,0.0
2026-09-04T17:50:12,TXN100943,0.198,Authentication failed. Customer action is required before another attempt.,MESSAGE,Customer authentication is required.,0,Not recovered,0.0
2026-09-04T17:50:12,TXN100944,0.839,Temporary UPI/network timeout. A delayed retry may recover the payment.,RETRY,Temporary technical failure with reasonable recovery probability.,0,Recovered,3254.24
2026-09-04T17:50:12,TXN100945,0.34,Card issuer declined the transaction. Customer may need to use another payment method.,STOP,Low recovery probability for the current payment attempt.,2,Not recovered,0.0
2026-09-04T17:50:12,TXN100946,0.828,Temporary network issue. A controlled retry is appropriate.,RETRY,Temporary technical failure with reasonable recovery probability.,0,Recovered,2225.04
2026-09-04T17:50:12,TXN100947,0.814,Temporary bank-side timeout. A controlled retry may recover the payment.,RETRY,Temporary technical failure with reasonable recovery probability.,2,Not recovered,0.0
2026-09-04T17:50:12,TXN100948,0.038,Customer may not have sufficient funds. Customer notification is preferable to repeated retries.,STOP,Maximum retry limit reached.,3,Not recovered,0.0
2026-09-04T17:50:12,TXN100949,0.56,Customer may not have sufficient funds. Customer notification is preferable to repeated retries.,MESSAGE,Customer should resolve the balance before another payment attempt.,1,Not recovered,0.0
2026-09-04T17:50:12,TXN100950,0.684,Temporary network issue. A controlled retry is appropriate.,RETRY,Temporary technical failure with reasonable recovery probability.,0,Recovered,9087.25
2026-09-04T17:50:12,TXN100951,0.881,Temporary bank-side timeout. A controlled retry may recover the payment.,RETRY,Temporary technical failure with reasonable recovery probability.,0,Recovered,10042.21
2026-09-04T17:50:12,TXN100952,0.271,Temporary UPI/network timeout. A delayed retry may recover the payment.,MESSAGE,Technical failure has moderate recovery potential; customer notification is safer.,2,Recovered,2794.67
2026-09-04T17:50:12,TXN100953,0.746,Card issuer declined the transaction. Customer may need to use another payment method.,MESSAGE,Customer should retry using the same or another payment method.,0,Not recovered,0.0
2026-09-04T17:50:12,TXN100954,0.874,Temporary bank-side timeout. A controlled retry may recover the payment.,RETRY,Temporary technical failure with reasonable recovery probability.,0,Recovered,6397.22
2026-09-04T17:50:12,TXN100955,0.169,Customer may not have sufficient funds. Customer notification is preferable to repeated retries.,MESSAGE,Customer should resolve the balance before another payment attempt.,1,Not recovered,0.0
2026-09-04T17:50:12,TXN100956,0.311,Temporary network issue. A controlled retry is appropriate.,MESSAGE,Technical failure has moderate recovery potential; customer notification is safer.,2,Not recovered,0.0
2026-09-04T17:50:12,TXN100957,0.701,Temporary network issue. A controlled retry is appropriate.,RETRY,Temporary technical failure with reasonable recovery probability.,2,Recovered,894.14
2026-09-04T17:50:12,TXN100958,0.436,Card issuer declined the transaction. Customer may need to use another payment method.,STOP,Low recovery probability for the current payment attempt.,0,Not recovered,0.0
2026-09-04T17:50:12,TXN100959,0.373,Temporary network issue. A controlled retry is appropriate.,MESSAGE,Technical failure has moderate recovery potential; customer notification is safer.,1,Not recovered,0.0
2026-09-04T17:50:12,TXN100960,0.396,Temporary network issue. A controlled retry is appropriate.,MESSAGE,Technical failure has moderate recovery potential; customer notification is safer.,0,Recovered,1424.5
2026-09-04T17:50:12,TXN100961,0.795,Temporary bank-side timeout. A controlled retry may recover the payment.,RETRY,Temporary technical failure with reasonable recovery probability.,0,Recovered,9126.25
2026-09-04T17:50:12,TXN100962,0.874,Temporary UPI/network timeout. A delayed retry may recover the payment.,RETRY,Temporary technical failure with reasonable recovery probability.,2,Recovered,3830.41
2026-09-04T17:50:12,TXN100963,0.404,Card issuer declined the transaction. Customer may need to use another payment method.,STOP,Low recovery probability for the current payment attempt.,0,Not recovered,0.0
2026-09-04T17:50:12,TXN100964,0.872,Temporary bank-side timeout. A controlled retry may recover the payment.,RETRY,Temporary technical failure with reasonable recovery probability.,0,Recovered,4471.96
2026-09-04T17:50:12,TXN100965,0.402,Temporary UPI/network timeout. A delayed retry may recover the payment.,RETRY,Temporary technical failure with reasonable recovery probability.,0,Recovered,5463.31
2026-09-04T17:50:12,TXN100966,0.299,Temporary bank-side timeout. A controlled retry may recover the payment.,MESSAGE,Technical failure has moderate recovery potential; customer notification is safer.,2,Not recovered,0.0
2026-09-04T17:50:12,TXN100967,0.067,Authentication failed. Customer action is required before another attempt.,MESSAGE,Customer authentication is required.,2,Not recovered,0.0
2026-09-04T17:50:12,TXN100968,0.571,Temporary bank-side timeout. A controlled retry may recover the payment.,RETRY,Temporary technical failure with reasonable recovery probability.,1,Recovered,8582.36
2026-09-04T17:50:12,TXN100969,0.625,Temporary network issue. A controlled retry is appropriate.,RETRY,Temporary technical failure with reasonable recovery probability.,2,Recovered,7245.02
2026-09-04T17:50:12,TXN100970,0.741,Temporary UPI/network timeout. A delayed retry may recover the payment.,RETRY,Temporary technical failure with reasonable recovery probability.,0,Not recovered,0.0
2026-09-04T17:50:12,TXN100971,0.29,Card issuer declined the transaction. Customer may need to use another payment method.,STOP,Low recovery probability for the current payment attempt.,1,Not recovered,0.0
2026-09-04T17:50:12,TXN100972,0.47,Card issuer declined the transaction. Customer may need to use another payment method.,STOP,Low recovery probability for the current payment attempt.,0,Not recovered,0.0
2026-09-04T17:50:12,TXN100973,0.422,Temporary UPI/network timeout. A delayed retry may recover the payment.,RETRY,Temporary technical failure with reasonable recovery probability.,0,Recovered,3380.33
2026-09-04T17:50:12,TXN100974,0.358,Temporary network issue. A controlled retry is appropriate.,MESSAGE,Technical failure has moderate recovery potential; customer notification is safer.,1,Recovered,660.54
2026-09-04T17:50:12,TXN100975,0.13,Customer may not have sufficient funds. Customer notification is preferable to repeated retries.,MESSAGE,Customer should resolve the balance before another payment attempt.,2,Not recovered,0.0
2026-09-04T17:50:12,TXN100976,0.763,Temporary bank-side timeout. A controlled retry may recover the payment.,RETRY,Temporary technical failure with reasonable recovery probability.,0,Recovered,9006.75
2026-09-04T17:50:12,TXN100977,0.815,Temporary network issue. A controlled retry is appropriate.,RETRY,Temporary technical failure with reasonable recovery probability.,0,Recovered,960.15
2026-09-04T17:50:12,TXN100978,0.093,Authentication failed. Customer action is required before another attempt.,MESSAGE,Customer authentication is required.,0,Not recovered,0.0
2026-09-04T17:50:12,TXN100979,0.635,Temporary UPI/network timeout. A delayed retry may recover the payment.,RETRY,Temporary technical failure with reasonable recovery probability.,0,Recovered,9032.87
2026-09-04T17:50:12,TXN100980,0.605,Temporary bank-side timeout. A controlled retry may recover the payment.,RETRY,Temporary technical failure with reasonable recovery probability.,2,Recovered,5146.14
2026-09-04T17:50:12,TXN100981,0.276,Card issuer declined the transaction. Customer may need to use another payment method.,STOP,Low recovery probability for the current payment attempt.,1,Not recovered,0.0
2026-09-04T17:50:12,TXN100982,0.106,Customer may not have sufficient funds. Customer notification is preferable to repeated retries.,MESSAGE,Customer should resolve the balance before another payment attempt.,1,Not recovered,0.0
2026-09-04T17:50:12,TXN100983,0.082,Authentication failed. Customer action is required before another attempt.,MESSAGE,Customer authentication is required.,2,Not recovered,0.0
2026-09-04T17:50:12,TXN100984,0.3,Card issuer declined the transaction. Customer may need to use another payment method.,STOP,Low recovery probability for the current payment attempt.,0,Not recovered,0.0
2026-09-04T17:50:12,TXN100985,0.711,Temporary UPI/network timeout. A delayed retry may recover the payment.,RETRY,Temporary technical failure with reasonable recovery probability.,1,Recovered,7532.77
2026-09-04T17:50:12,TXN100986,0.432,Temporary bank-side timeout. A controlled retry may recover the payment.,RETRY,Temporary technical failure with reasonable recovery probability.,0,Not recovered,0.0
2026-09-04T17:50:12,TXN100987,0.832,Temporary UPI/network timeout. A delayed retry may recover the payment.,RETRY,Temporary technical failure with reasonable recovery probability.,1,Recovered,6634.88
2026-09-04T17:50:12,TXN100988,0.089,Temporary bank-side timeout. A controlled retry may recover the payment.,STOP,Maximum retry limit reached.,3,Not recovered,0.0
2026-09-04T17:50:12,TXN100989,0.439,Temporary network issue. A controlled retry is appropriate.,RETRY,Temporary technical failure with reasonable recovery probability.,2,Not recovered,0.0
2026-09-04T17:50:12,TXN100990,0.087,Customer may not have sufficient funds. Customer notification is preferable to repeated retries.,MESSAGE,Customer should resolve the balance before another payment attempt.,0,Not recovered,0.0
2026-09-04T17:50:12,TXN100991,0.694,Temporary network issue. A controlled retry is appropriate.,RETRY,Temporary technical failure with reasonable recovery probability.,2,Not recovered,0.0
2026-09-04T17:50:12,TXN100992,0.516,Temporary network issue. A controlled retry is appropriate.,RETRY,Temporary technical failure with reasonable recovery probability.,0,Recovered,4227.02
2026-09-04T17:50:12,TXN100993,0.592,Temporary UPI/network timeout. A delayed retry may recover the payment.,RETRY,Temporary technical failure with reasonable recovery probability.,0,Recovered,8935.0
2026-09-04T17:50:12,TXN100994,0.173,Customer may not have sufficient funds. Customer notification is preferable to repeated retries.,MESSAGE,Customer should resolve the balance before another payment attempt.,0,Not recovered,0.0
2026-09-04T17:50:12,TXN100995,0.559,Temporary bank-side timeout. A controlled retry may recover the payment.,RETRY,Temporary technical failure with reasonable recovery probability.,0,Recovered,1554.51
2026-09-04T17:50:12,TXN100996,0.836,Temporary bank-side timeout. A controlled retry may recover the payment.,RETRY,Temporary technical failure with reasonable recovery probability.,1,Not recovered,0.0
2026-09-04T17:50:12,TXN100997,0.59,Authentication failed. Customer action is required before another attempt.,MESSAGE,Customer authentication is required.,1,Not recovered,0.0
2026-09-04T17:50:12,TXN100998,0.259,Card issuer declined the transaction. Customer may need to use another payment method.,STOP,Low recovery probability for the current payment attempt.,2,Not recovered,0.0
2026-09-04T17:50:12,TXN100999,0.072,Authentication failed. Customer action is required before another attempt.,MESSAGE,Customer authentication is required.,1,Not recovered,0.0
2026-09-04T20:35:52,TXN100000,0.446,Temporary UPI/network timeout. A delayed retry may recover the payment.,MESSAGE,Recovery probability is moderate; customer intervention is safer.,2,Not recovered,0.0
2026-09-04T20:35:52,TXN100001,0.59,Card issuer declined the transaction. Customer may need to use another payment method.,MESSAGE,Recovery probability is moderate; customer intervention is safer.,0,Not recovered,0.0
2026-09-04T20:35:52,TXN100002,0.771,Temporary UPI/network timeout. A delayed retry may recover the payment.,RETRY,Temporary technical failure with a strong recovery probability.,1,Not recovered,0.0
2026-09-04T20:35:52,TXN100003,0.2,Authentication failed. Customer action is required before another attempt.,MESSAGE,Customer action is required before another payment attempt.,1,Not recovered,0.0
2026-09-04T20:35:52,TXN100004,0.285,Customer may not have sufficient funds. Customer notification is preferable to repeated retries.,MESSAGE,Customer action is required before another payment attempt.,0,Recovered,2508.23
2026-09-04T20:35:52,TXN100005,0.155,Authentication failed. Customer action is required before another attempt.,MESSAGE,Customer action is required before another payment attempt.,0,Not recovered,0.0
2026-09-04T20:35:52,TXN100006,0.651,Customer may not have sufficient funds. Customer notification is preferable to repeated retries.,MESSAGE,Customer action is required before another payment attempt.,1,Recovered,1058.7
2026-09-04T20:35:52,TXN100007,0.372,Temporary bank-side timeout. A controlled retry may recover the payment.,MESSAGE,Recovery probability is moderate; customer intervention is safer.,1,Not recovered,0.0
2026-09-04T20:35:52,TXN100008,0.732,Temporary network issue. A controlled retry is appropriate.,RETRY,Temporary technical failure with a strong recovery probability.,0,Recovered,9096.1
2026-09-04T20:35:52,TXN100009,0.075,Authentication failed. Customer action is required before another attempt.,MESSAGE,Customer action is required before another payment attempt.,1,Not recovered,0.0
2026-09-04T20:35:52,TXN100010,0.778,Temporary UPI/network timeout. A delayed retry may recover the payment.,RETRY,Temporary technical failure with a strong recovery probability.,0,Recovered,503.67
2026-09-04T20:35:52,TXN100011,0.286,Temporary bank-side timeout. A controlled retry may recover the payment.,STOP,"Recovery probability is low, so another automated attempt is not justified.",1,Not recovered,0.0
2026-09-04T20:35:52,TXN100012,0.559,Temporary network issue. A controlled retry is appropriate.,MESSAGE,Recovery probability is moderate; customer intervention is safer.,0,Not recovered,0.0
2026-09-04T20:35:52,TXN100013,0.496,Temporary UPI/network timeout. A delayed retry may recover the payment.,MESSAGE,Recovery probability is moderate; customer intervention is safer.,2,Recovered,3341.83
2026-09-04T20:35:52,TXN100014,0.593,Card issuer declined the transaction. Customer may need to use another payment method.,MESSAGE,Recovery probability is moderate; customer intervention is safer.,0,Recovered,2890.19
2026-09-04T20:35:52,TXN100015,0.736,Temporary UPI/network timeout. A delayed retry may recover the payment.,RETRY,Temporary technical failure with a strong recovery probability.,0,Recovered,2913.57
2026-09-04T20:35:52,TXN100016,0.538,Customer may not have sufficient funds. Customer notification is preferable to repeated retries.,MESSAGE,Customer action is required before another payment attempt.,0,Not recovered,0.0
2026-09-04T20:35:52,TXN100017,0.147,Customer may not have sufficient funds. Customer notification is preferable to repeated retries.,MESSAGE,Customer action is required before another payment attempt.,0,Not recovered,0.0
2026-09-04T20:35:52,TXN100018,0.716,Card issuer declined the transaction. Customer may need to use another payment method.,RETRY,Temporary technical failure with a strong recovery probability.,1,Recovered,6592.22
2026-09-04T20:35:52,TXN100019,0.873,Temporary bank-side timeout. A controlled retry may recover the payment.,RETRY,Temporary technical failure with a strong recovery probability.,0,Recovered,4509.48
2026-09-04T20:35:52,TXN100020,0.51,Temporary network issue. A controlled retry is appropriate.,MESSAGE,Recovery probability is moderate; customer intervention is safer.,2,Not recovered,0.0
2026-09-04T20:35:52,TXN100021,0.702,Temporary UPI/network timeout. A delayed retry may recover the payment.,RETRY,Temporary technical failure with a strong recovery probability.,0,Recovered,2263.65
2026-09-04T20:35:52,TXN100022,0.22,Customer may not have sufficient funds. Customer notification is preferable to repeated retries.,MESSAGE,Customer action is required before another payment attempt.,0,Not recovered,0.0
2026-09-04T20:35:52,TXN100023,0.938,Temporary bank-side timeout. A controlled retry may recover the payment.,RETRY,Temporary technical failure with a strong recovery probability.,0,Recovered,5621.52
2026-09-04T20:35:52,TXN100024,0.329,Card issuer declined the transaction. Customer may need to use another payment method.,STOP,"Recovery probability is low, so another automated attempt is not justified.",0,Not recovered,0.0
2026-09-04T20:35:52,TXN100025,0.158,Authentication failed. Customer action is required before another attempt.,MESSAGE,Customer action is required before another payment attempt.,0,Not recovered,0.0
2026-09-04T20:35:52,TXN100026,0.179,Customer may not have sufficient funds. Customer notification is preferable to repeated retries.,MESSAGE,Customer action is required before another payment attempt.,0,Not recovered,0.0
2026-09-04T20:35:52,TXN100027,0.458,Card issuer declined the transaction. Customer may need to use another payment method.,MESSAGE,Recovery probability is moderate; customer intervention is safer.,1,Not recovered,0.0
2026-09-04T20:35:52,TXN100028,0.782,Temporary UPI/network timeout. A delayed retry may recover the payment.,RETRY,Temporary technical failure with a strong recovery probability.,0,Recovered,8967.33
2026-09-04T20:35:52,TXN100029,0.835,Temporary network issue. A controlled retry is appropriate.,RETRY,Temporary technical failure with a strong recovery probability.,1,Recovered,886.51
2026-09-04T20:35:52,TXN100030,0.619,Customer may not have sufficient funds. Customer notification is preferable to repeated retries.,MESSAGE,Customer action is required before another payment attempt.,1,Not recovered,0.0
2026-09-04T20:35:52,TXN100031,0.381,Customer may not have sufficient funds. Customer notification is preferable to repeated retries.,MESSAGE,Customer action is required before another payment attempt.,0,Recovered,2722.93
2026-09-04T20:35:52,TXN100032,0.783,Temporary UPI/network timeout. A delayed retry may recover the payment.,RETRY,Temporary technical failure with a strong recovery probability.,1,Recovered,1161.83
2026-09-04T20:35:52,TXN100033,0.049,Authentication failed. Customer action is required before another attempt.,STOP,Retry limit reached. Further automated attempts are blocked.,3,Not recovered,0.0
2026-09-04T20:35:52,TXN100034,0.557,Temporary bank-side timeout. A controlled retry may recover the payment.,MESSAGE,Recovery probability is moderate; customer intervention is safer.,1,Not recovered,0.0
2026-09-04T20:35:52,TXN100035,0.753,Temporary network issue. A controlled retry is appropriate.,RETRY,Temporary technical failure with a strong recovery probability.,1,Not recovered,0.0
2026-09-04T20:35:52,TXN100036,0.199,Customer may not have sufficient funds. Customer notification is preferable to repeated retries.,MESSAGE,Customer action is required before another payment attempt.,0,Not recovered,0.0
2026-09-04T20:35:52,TXN100037,0.393,Temporary network issue. A controlled retry is appropriate.,MESSAGE,Recovery probability is moderate; customer intervention is safer.,2,Recovered,1644.64
2026-09-04T20:35:52,TXN100038,0.178,Customer may not have sufficient funds. Customer notification is preferable to repeated retries.,MESSAGE,Customer action is required before another payment attempt.,2,Not recovered,0.0
2026-09-04T20:35:52,TXN100039,0.852,Temporary network issue. A controlled retry is appropriate.,RETRY,Temporary technical failure with a strong recovery probability.,1,Recovered,6713.7
2026-09-04T20:35:52,TXN100040,0.636,Card issuer declined the transaction. Customer may need to use another payment method.,STOP,Retry limit reached. Further automated attempts are blocked.,3,Not recovered,0.0
2026-09-04T20:35:52,TXN100041,0.117,Customer may not have sufficient funds. Customer notification is preferable to repeated retries.,MESSAGE,Customer action is required before another payment attempt.,0,Not recovered,0.0
2026-09-04T20:35:52,TXN100042,0.503,Temporary network issue. A controlled retry is appropriate.,MESSAGE,Recovery probability is moderate; customer intervention is safer.,0,Recovered,707.98
2026-09-04T20:35:52,TXN100043,0.475,Temporary bank-side timeout. A controlled retry may recover the payment.,MESSAGE,Recovery probability is moderate; customer intervention is safer.,2,Not recovered,0.0
2026-09-04T20:35:52,TXN100044,0.312,Card issuer declined the transaction. Customer may need to use another payment method.,STOP,"Recovery probability is low, so another automated attempt is not justified.",2,Not recovered,0.0
2026-09-04T20:35:52,TXN100045,0.15,Card issuer declined the transaction. Customer may need to use another payment method.,STOP,"Recovery probability is low, so another automated attempt is not justified.",0,Not recovered,0.0
2026-09-04T20:35:52,TXN100046,0.829,Temporary bank-side timeout. A controlled retry may recover the payment.,RETRY,Temporary technical failure with a strong recovery probability.,0,Recovered,4812.64
2026-09-04T20:35:52,TXN100047,0.77,Temporary network issue. A controlled retry is appropriate.,RETRY,Temporary technical failure with a strong recovery probability.,0,Recovered,7896.53
2026-09-04T20:35:52,TXN100048,0.373,Temporary UPI/network timeout. A delayed retry may recover the payment.,MESSAGE,Recovery probability is moderate; customer intervention is safer.,0,Not recovered,0.0
2026-09-04T20:35:52,TXN100049,0.677,Temporary bank-side timeout. A controlled retry may recover the payment.,RETRY,Temporary technical failure with a strong recovery probability.,2,Recovered,2935.03
2026-09-04T20:35:52,TXN100050,0.713,Temporary network issue. A controlled retry is appropriate.,RETRY,Temporary technical failure with a strong recovery probability.,1,Not recovered,0.0
2026-09-04T20:35:52,TXN100051,0.872,Temporary bank-side timeout. A controlled retry may recover the payment.,RETRY,Temporary technical failure with a strong recovery probability.,0,Not recovered,0.0
2026-09-04T20:35:52,TXN100052,0.678,Temporary bank-side timeout. A controlled retry may recover the payment.,RETRY,Temporary technical failure with a strong recovery probability.,0,Not recovered,0.0
2026-09-04T20:35:52,TXN100053,0.037,Customer may not have sufficient funds. Customer notification is preferable to repeated retries.,MESSAGE,Customer action is required before another payment attempt.,0,Not recovered,0.0
2026-09-04T20:35:52,TXN100054,0.397,Temporary network issue. A controlled retry is appropriate.,MESSAGE,Recovery probability is moderate; customer intervention is safer.,0,Not recovered,0.0
2026-09-04T20:35:52,TXN100055,0.427,Temporary UPI/network timeout. A delayed retry may recover the payment.,MESSAGE,Recovery probability is moderate; customer intervention is safer.,1,Not recovered,0.0
2026-09-04T20:35:52,TXN100056,0.086,Customer may not have sufficient funds. Customer notification is preferable to repeated retries.,STOP,Retry limit reached. Further automated attempts are blocked.,3,Not recovered,0.0
2026-09-04T20:35:52,TXN100057,0.514,Temporary bank-side timeout. A controlled retry may recover the payment.,MESSAGE,Recovery probability is moderate; customer intervention is safer.,2,Recovered,3099.74
2026-09-04T20:35:52,TXN100058,0.163,Authentication failed. Customer action is required before another attempt.,MESSAGE,Customer action is required before another payment attempt.,0,Recovered,868.41
2026-09-04T20:35:52,TXN100059,0.342,Temporary bank-side timeout. A controlled retry may recover the payment.,STOP,"Recovery probability is low, so another automated attempt is not justified.",2,Not recovered,0.0
2026-09-04T20:35:52,TXN100060,0.632,Temporary bank-side timeout. A controlled retry may recover the payment.,RETRY,Temporary technical failure with a strong recovery probability.,2,Recovered,5951.81
2026-09-04T20:35:52,TXN100061,0.308,Temporary network issue. A controlled retry is appropriate.,STOP,"Recovery probability is low, so another automated attempt is not justified.",2,Not recovered,0.0
2026-09-04T20:35:52,TXN100062,0.533,Temporary network issue. A controlled retry is appropriate.,MESSAGE,Recovery probability is moderate; customer intervention is safer.,1,Not recovered,0.0
2026-09-04T20:35:52,TXN100063,0.154,Customer may not have sufficient funds. Customer notification is preferable to repeated retries.,MESSAGE,Customer action is required before another payment attempt.,0,Not recovered,0.0
2026-09-04T20:35:52,TXN100064,0.641,Temporary UPI/network timeout. A delayed retry may recover the payment.,RETRY,Temporary technical failure with a strong recovery probability.,0,Recovered,4357.11
2026-09-04T20:35:52,TXN100065,0.302,Customer may not have sufficient funds. Customer notification is preferable to repeated retries.,MESSAGE,Customer action is required before another payment attempt.,0,Not recovered,0.0
2026-09-04T20:35:52,TXN100066,0.247,Card issuer declined the transaction. Customer may need to use another payment method.,STOP,"Recovery probability is low, so another automated attempt is not justified.",0,Not recovered,0.0
2026-09-04T20:35:52,TXN100067,0.832,Temporary bank-side timeout. A controlled retry may recover the payment.,RETRY,Temporary technical failure with a strong recovery probability.,0,Not recovered,0.0
2026-09-04T20:35:52,TXN100068,0.197,Authentication failed. Customer action is required before another attempt.,MESSAGE,Customer action is required before another payment attempt.,1,Recovered,1302.42
2026-09-04T20:35:52,TXN100069,0.813,Temporary bank-side timeout. A controlled retry may recover the payment.,RETRY,Temporary technical failure with a strong recovery probability.,1,Not recovered,0.0
2026-09-04T20:35:52,TXN100070,0.784,Temporary bank-side timeout. A controlled retry may recover the payment.,RETRY,Temporary technical failure with a strong recovery probability.,1,Not recovered,0.0
2026-09-04T20:35:52,TXN100071,0.569,Customer may not have sufficient funds. Customer notification is preferable to repeated retries.,MESSAGE,Customer action is required before another payment attempt.,0,Recovered,3140.19
2026-09-04T20:35:52,TXN100072,0.038,Authentication failed. Customer action is required before another attempt.,STOP,Retry limit reached. Further automated attempts are blocked.,3,Not recovered,0.0
2026-09-04T20:35:52,TXN100073,0.149,Authentication failed. Customer action is required before another attempt.,STOP,Retry limit reached. Further automated attempts are blocked.,3,Not recovered,0.0
2026-09-04T20:35:52,TXN100074,0.04,Authentication failed. Customer action is required before another attempt.,MESSAGE,Customer action is required before another payment attempt.,2,Not recovered,0.0
2026-09-04T20:35:52,TXN100075,0.16,Customer may not have sufficient funds. Customer notification is preferable to repeated retries.,STOP,Retry limit reached. Further automated attempts are blocked.,3,Not recovered,0.0
2026-09-04T20:35:52,TXN100076,0.85,Temporary bank-side timeout. A controlled retry may recover the payment.,RETRY,Temporary technical failure with a strong recovery probability.,1,Not recovered,0.0
2026-09-04T20:35:52,TXN100077,0.096,Customer may not have sufficient funds. Customer notification is preferable to repeated retries.,STOP,Retry limit reached. Further automated attempts are blocked.,3,Not recovered,0.0
2026-09-04T20:35:52,TXN100078,0.512,Temporary network issue. A controlled retry is appropriate.,MESSAGE,Recovery probability is moderate; customer intervention is safer.,0,Recovered,5504.65
2026-09-04T20:35:52,TXN100079,0.779,Temporary network issue. A controlled retry is appropriate.,RETRY,Temporary technical failure with a strong recovery probability.,0,Recovered,1913.98
2026-09-04T20:35:53,TXN100080,0.13,Customer may not have sufficient funds. Customer notification is preferable to repeated retries.,MESSAGE,Customer action is required before another payment attempt.,0,Not recovered,0.0
2026-09-04T20:35:53,TXN100081,0.191,Authentication failed. Customer action is required before another attempt.,MESSAGE,Customer action is required before another payment attempt.,0,Not recovered,0.0
2026-09-04T20:35:53,TXN100082,0.78,Temporary bank-side timeout. A controlled retry may recover the payment.,RETRY,Temporary technical failure with a strong recovery probability.,0,Recovered,5096.62
2026-09-04T20:35:53,TXN100083,0.259,Customer may not have sufficient funds. Customer notification is preferable to repeated retries.,MESSAGE,Customer action is required before another payment attempt.,1,Recovered,1139.73
2026-09-04T20:35:53,TXN100084,0.587,Customer may not have sufficient funds. Customer notification is preferable to repeated retries.,MESSAGE,Customer action is required before another payment attempt.,2,Not recovered,0.0
2026-09-04T20:35:53,TXN100085,0.619,Customer may not have sufficient funds. Customer notification is preferable to repeated retries.,MESSAGE,Customer action is required before another payment attempt.,1,Not recovered,0.0
2026-09-04T20:35:53,TXN100086,0.312,Card issuer declined the transaction. Customer may need to use another payment method.,STOP,"Recovery probability is low, so another automated attempt is not justified.",0,Not recovered,0.0
2026-09-04T20:35:53,TXN100087,0.416,Temporary network issue. A controlled retry is appropriate.,MESSAGE,Recovery probability is moderate; customer intervention is safer.,2,Not recovered,0.0
2026-09-04T20:35:53,TXN100088,0.356,Authentication failed. Customer action is required before another attempt.,MESSAGE,Customer action is required before another payment attempt.,1,Not recovered,0.0
2026-09-04T20:35:53,TXN100089,0.78,Temporary UPI/network timeout. A delayed retry may recover the payment.,RETRY,Temporary technical failure with a strong recovery probability.,0,Recovered,7188.25
2026-09-04T20:35:53,TXN100090,0.174,Authentication failed. Customer action is required before another attempt.,MESSAGE,Customer action is required before another payment attempt.,1,Recovered,1969.11
2026-09-04T20:35:53,TXN100091,0.587,Temporary UPI/network timeout. A delayed retry may recover the payment.,MESSAGE,Recovery probability is moderate; customer intervention is safer.,0,Not recovered,0.0
2026-09-04T20:35:53,TXN100092,0.271,Card issuer declined the transaction. Customer may need to use another payment method.,STOP,"Recovery probability is low, so another automated attempt is not justified.",0,Not recovered,0.0
2026-09-04T20:35:53,TXN100093,0.301,Customer may not have sufficient funds. Customer notification is preferable to repeated retries.,MESSAGE,Customer action is required before another payment attempt.,2,Not recovered,0.0
2026-09-04T20:35:53,TXN100094,0.306,Card issuer declined the transaction. Customer may need to use another payment method.,STOP,"Recovery probability is low, so another automated attempt is not justified.",0,Not recovered,0.0
2026-09-04T20:35:53,TXN100095,0.454,Card issuer declined the transaction. Customer may need to use another payment method.,MESSAGE,Recovery probability is moderate; customer intervention is safer.,1,Not recovered,0.0
2026-09-04T20:35:53,TXN100096,0.403,Temporary bank-side timeout. A controlled retry may recover the payment.,MESSAGE,Recovery probability is moderate; customer intervention is safer.,2,Not recovered,0.0
2026-09-04T20:35:53,TXN100097,0.322,Temporary network issue. A controlled retry is appropriate.,STOP,"Recovery probability is low, so another automated attempt is not justified.",1,Not recovered,0.0
2026-09-04T20:35:53,TXN100098,0.854,Temporary UPI/network timeout. A delayed retry may recover the payment.,RETRY,Temporary technical failure with a strong recovery probability.,0,Recovered,575.23
2026-09-04T20:35:53,TXN100099,0.063,Customer may not have sufficient funds. Customer notification is preferable to repeated retries.,MESSAGE,Customer action is required before another payment attempt.,0,Not recovered,0.0
2026-09-04T20:35:53,TXN100100,0.257,Temporary UPI/network timeout. A delayed retry may recover the payment.,STOP,"Recovery probability is low, so another automated attempt is not justified.",0,Not recovered,0.0
2026-09-04T20:35:53,TXN100101,0.05,Authentication failed. Customer action is required before another attempt.,MESSAGE,Customer action is required before another payment attempt.,1,Not recovered,0.0
2026-09-04T20:35:53,TXN100102,0.636,Temporary UPI/network timeout. A delayed retry may recover the payment.,RETRY,Temporary technical failure with a strong recovery probability.,0,Recovered,4851.78
2026-09-04T20:35:53,TXN100103,0.092,Authentication failed. Customer action is required before another attempt.,MESSAGE,Customer action is required before another payment attempt.,0,Not recovered,0.0
2026-09-04T20:35:53,TXN100104,0.732,Temporary network issue. A controlled retry is appropriate.,STOP,Retry limit reached. Further automated attempts are blocked.,3,Not recovered,0.0
2026-09-04T20:35:53,TXN100105,0.136,Authentication failed. Customer action is required before another attempt.,MESSAGE,Customer action is required before another payment attempt.,1,Not recovered,0.0
2026-09-04T20:35:53,TXN100106,0.694,Temporary UPI/network timeout. A delayed retry may recover the payment.,RETRY,Temporary technical failure with a strong recovery probability.,0,Recovered,6273.08
2026-09-04T20:35:53,TXN100107,0.816,Temporary UPI/network timeout. A delayed retry may recover the payment.,RETRY,Temporary technical failure with a strong recovery probability.,1,Not recovered,0.0
2026-09-04T20:35:53,TXN100108,0.232,Authentication failed. Customer action is required before another attempt.,MESSAGE,Customer action is required before another payment attempt.,1,Not recovered,0.0
2026-09-04T20:35:53,TXN100109,0.615,Card issuer declined the transaction. Customer may need to use another payment method.,RETRY,Temporary technical failure with a strong recovery probability.,0,Recovered,1338.38
2026-09-04T20:35:53,TXN100110,0.749,Temporary network issue. A controlled retry is appropriate.,RETRY,Temporary technical failure with a strong recovery probability.,0,Recovered,4487.61
2026-09-04T20:35:53,TXN100111,0.808,Temporary bank-side timeout. A controlled retry may recover the payment.,RETRY,Temporary technical failure with a strong recovery probability.,2,Recovered,2585.24
2026-09-04T20:35:53,TXN100112,0.179,Customer may not have sufficient funds. Customer notification is preferable to repeated retries.,MESSAGE,Customer action is required before another payment attempt.,1,Not recovered,0.0
2026-09-04T20:35:53,TXN100113,0.828,Temporary UPI/network timeout. A delayed retry may recover the payment.,RETRY,Temporary technical failure with a strong recovery probability.,1,Not recovered,0.0
2026-09-04T20:35:53,TXN100114,0.126,Customer may not have sufficient funds. Customer notification is preferable to repeated retries.,MESSAGE,Customer action is required before another payment attempt.,0,Not recovered,0.0
2026-09-04T20:35:53,TXN100115,0.536,Temporary bank-side timeout. A controlled retry may recover the payment.,MESSAGE,Recovery probability is moderate; customer intervention is safer.,0,Not recovered,0.0
2026-09-04T20:35:53,TXN100116,0.202,Customer may not have sufficient funds. Customer notification is preferable to repeated retries.,MESSAGE,Customer action is required before another payment attempt.,0,Not recovered,0.0
2026-09-04T20:35:53,TXN100117,0.806,Temporary bank-side timeout. A controlled retry may recover the payment.,RETRY,Temporary technical failure with a strong recovery probability.,0,Recovered,2960.42
2026-09-04T20:35:53,TXN100118,0.078,Authentication failed. Customer action is required before another attempt.,MESSAGE,Customer action is required before another payment attempt.,0,Not recovered,0.0
2026-09-04T20:35:53,TXN100119,0.206,Card issuer declined the transaction. Customer may need to use another payment method.,STOP,"Recovery probability is low, so another automated attempt is not justified.",0,Not recovered,0.0
2026-09-04T20:35:53,TXN100120,0.363,Temporary UPI/network timeout. A delayed retry may recover the payment.,MESSAGE,Recovery probability is moderate; customer intervention is safer.,2,Not recovered,0.0
2026-09-04T20:35:53,TXN100121,0.853,Temporary bank-side timeout. A controlled retry may recover the payment.,STOP,Retry limit reached. Further automated attempts are blocked.,3,Not recovered,0.0
2026-09-04T20:35:53,TXN100122,0.058,Customer may not have sufficient funds. Customer notification is preferable to repeated retries.,MESSAGE,Customer action is required before another payment attempt.,2,Not recovered,0.0
2026-09-04T20:35:53,TXN100123,0.616,Temporary UPI/network timeout. A delayed retry may recover the payment.,RETRY,Temporary technical failure with a strong recovery probability.,2,Recovered,1827.88
2026-09-04T20:35:53,TXN100124,0.7,Card issuer declined the transaction. Customer may need to use another payment method.,RETRY,Temporary technical failure with a strong recovery probability.,0,Recovered,3572.67
2026-09-04T20:35:53,TXN100125,0.116,Authentication failed. Customer action is required before another attempt.,STOP,Retry limit reached. Further automated attempts are blocked.,3,Not recovered,0.0
2026-09-04T20:35:53,TXN100126,0.859,Temporary UPI/network timeout. A delayed retry may recover the payment.,RETRY,Temporary technical failure with a strong recovery probability.,0,Not recovered,0.0
2026-09-04T20:35:53,TXN100127,0.296,Temporary bank-side timeout. A controlled retry may recover the payment.,STOP,Retry limit reached. Further automated attempts are blocked.,3,Not recovered,0.0
2026-09-04T20:35:53,TXN100128,0.733,Card issuer declined the transaction. Customer may need to use another payment method.,STOP,Retry limit reached. Further automated attempts are blocked.,3,Not recovered,0.0
2026-09-04T20:35:53,TXN100129,0.164,Customer may not have sufficient funds. Customer notification is preferable to repeated retries.,MESSAGE,Customer action is required before another payment attempt.,1,Not recovered,0.0
2026-09-04T20:35:53,TXN100130,0.204,Card issuer declined the transaction. Customer may need to use another payment method.,STOP,Retry limit reached. Further automated attempts are blocked.,3,Not recovered,0.0
2026-09-04T20:35:53,TXN100131,0.253,Card issuer declined the transaction. Customer may need to use another payment method.,STOP,"Recovery probability is low, so another automated attempt is not justified.",1,Not recovered,0.0
2026-09-04T20:35:53,TXN100132,0.561,Temporary network issue. A controlled retry is appropriate.,MESSAGE,Recovery probability is moderate; customer intervention is safer.,0,Recovered,1973.13
2026-09-04T20:35:53,TXN100133,0.553,Card issuer declined the transaction. Customer may need to use another payment method.,MESSAGE,Recovery probability is moderate; customer intervention is safer.,0,Recovered,5196.04
2026-09-04T20:35:53,TXN100134,0.306,Card issuer declined the transaction. Customer may need to use another payment method.,STOP,"Recovery probability is low, so another automated attempt is not justified.",1,Not recovered,0.0
2026-09-04T20:35:53,TXN100135,0.498,Temporary UPI/network timeout. A delayed retry may recover the payment.,MESSAGE,Recovery probability is moderate; customer intervention is safer.,0,Recovered,4982.73
2026-09-04T20:35:53,TXN100136,0.094,Customer may not have sufficient funds. Customer notification is preferable to repeated retries.,MESSAGE,Customer action is required before another payment attempt.,1,Not recovered,0.0
2026-09-04T20:35:53,TXN100137,0.626,Temporary UPI/network timeout. A delayed retry may recover the payment.,STOP,Retry limit reached. Further automated attempts are blocked.,3,Not recovered,0.0
2026-09-04T20:35:53,TXN100138,0.603,Temporary UPI/network timeout. A delayed retry may recover the payment.,RETRY,Temporary technical failure with a strong recovery probability.,0,Recovered,5581.08
2026-09-04T20:35:53,TXN100139,0.22,Temporary bank-side timeout. A controlled retry may recover the payment.,STOP,"Recovery probability is low, so another automated attempt is not justified.",2,Not recovered,0.0
2026-09-04T20:35:53,TXN100140,0.77,Temporary UPI/network timeout. A delayed retry may recover the payment.,RETRY,Temporary technical failure with a strong recovery probability.,2,Not recovered,0.0
2026-09-04T20:35:53,TXN100141,0.376,Temporary network issue. A controlled retry is appropriate.,STOP,Retry limit reached. Further automated attempts are blocked.,3,Not recovered,0.0
2026-09-04T20:35:53,TXN100142,0.159,Temporary network issue. A controlled retry is appropriate.,STOP,Retry limit reached. Further automated attempts are blocked.,3,Not recovered,0.0
2026-09-04T20:35:53,TXN100143,0.713,Temporary bank-side timeout. A controlled retry may recover the payment.,RETRY,Temporary technical failure with a strong recovery probability.,1,Recovered,4652.3
2026-09-04T20:35:53,TXN100144,0.205,Authentication failed. Customer action is required before another attempt.,STOP,Retry limit reached. Further automated attempts are blocked.,3,Not recovered,0.0
2026-09-04T20:35:53,TXN100145,0.642,Customer may not have sufficient funds. Customer notification is preferable to repeated retries.,MESSAGE,Customer action is required before another payment attempt.,2,Recovered,744.96
2026-09-04T20:35:53,TXN100146,0.115,Customer may not have sufficient funds. Customer notification is preferable to repeated retries.,MESSAGE,Customer action is required before another payment attempt.,0,Not recovered,0.0
2026-09-04T20:35:53,TXN100147,0.796,Temporary UPI/network timeout. A delayed retry may recover the payment.,RETRY,Temporary technical failure with a strong recovery probability.,1,Recovered,7639.15
2026-09-04T20:35:53,TXN100148,0.853,Temporary UPI/network timeout. A delayed retry may recover the payment.,RETRY,Temporary technical failure with a strong recovery probability.,1,Recovered,960.94
2026-09-04T20:35:53,TXN100149,0.634,Authentication failed. Customer action is required before another attempt.,MESSAGE,Customer action is required before another payment attempt.,0,Not recovered,0.0
2026-09-04T20:35:53,TXN100150,0.69,Temporary UPI/network timeout. A delayed retry may recover the payment.,RETRY,Temporary technical failure with a strong recovery probability.,1,Not recovered,0.0
2026-09-04T20:35:53,TXN100151,0.561,Customer may not have sufficient funds. Customer notification is preferable to repeated retries.,MESSAGE,Customer action is required before another payment attempt.,1,Not recovered,0.0
2026-09-04T20:35:53,TXN100152,0.308,Card issuer declined the transaction. Customer may need to use another payment method.,STOP,"Recovery probability is low, so another automated attempt is not justified.",0,Not recovered,0.0
2026-09-04T20:35:53,TXN100153,0.796,Temporary network issue. A controlled retry is appropriate.,RETRY,Temporary technical failure with a strong recovery probability.,1,Recovered,7443.39
2026-09-04T20:35:53,TXN100154,0.166,Card issuer declined the transaction. Customer may need to use another payment method.,STOP,"Recovery probability is low, so another automated attempt is not justified.",2,Not recovered,0.0
2026-09-04T20:35:53,TXN100155,0.201,Card issuer declined the transaction. Customer may need to use another payment method.,STOP,"Recovery probability is low, so another automated attempt is not justified.",1,Not recovered,0.0
2026-09-04T20:35:53,TXN100156,0.554,Customer may not have sufficient funds. Customer notification is preferable to repeated retries.,MESSAGE,Customer action is required before another payment attempt.,0,Not recovered,0.0
2026-09-04T20:35:53,TXN100157,0.226,Card issuer declined the transaction. Customer may need to use another payment method.,STOP,"Recovery probability is low, so another automated attempt is not justified.",0,Not recovered,0.0
2026-09-04T20:35:54,TXN100158,0.21,Authentication failed. Customer action is required before another attempt.,MESSAGE,Customer action is required before another payment attempt.,0,Not recovered,0.0
2026-09-04T20:35:54,TXN100159,0.199,Temporary bank-side timeout. A controlled retry may recover the payment.,STOP,"Recovery probability is low, so another automated attempt is not justified.",2,Not recovered,0.0
2026-09-04T20:35:54,TXN100160,0.364,Temporary UPI/network timeout. A delayed retry may recover the payment.,MESSAGE,Recovery probability is moderate; customer intervention is safer.,0,Recovered,5642.56
2026-09-04T20:35:54,TXN100161,0.887,Temporary bank-side timeout. A controlled retry may recover the payment.,RETRY,Temporary technical failure with a strong recovery probability.,1,Recovered,9557.76
2026-09-04T20:35:54,TXN100162,0.579,Temporary network issue. A controlled retry is appropriate.,MESSAGE,Recovery probability is moderate; customer intervention is safer.,0,Not recovered,0.0
2026-09-04T20:35:54,TXN100163,0.698,Temporary UPI/network timeout. A delayed retry may recover the payment.,RETRY,Temporary technical failure with a strong recovery probability.,0,Recovered,8129.0
2026-09-04T20:35:54,TXN100164,0.587,Card issuer declined the transaction. Customer may need to use another payment method.,MESSAGE,Recovery probability is moderate; customer intervention is safer.,2,Recovered,1535.38
2026-09-04T20:35:54,TXN100165,0.385,Temporary network issue. A controlled retry is appropriate.,MESSAGE,Recovery probability is moderate; customer intervention is safer.,1,Not recovered,0.0
2026-09-04T20:35:54,TXN100166,0.413,Temporary UPI/network timeout. A delayed retry may recover the payment.,MESSAGE,Recovery probability is moderate; customer intervention is safer.,0,Recovered,4946.87
2026-09-04T20:35:54,TXN100167,0.285,Authentication failed. Customer action is required before another attempt.,MESSAGE,Customer action is required before another payment attempt.,0,Recovered,2959.66
2026-09-04T20:35:54,TXN100168,0.077,Authentication failed. Customer action is required before another attempt.,MESSAGE,Customer action is required before another payment attempt.,0,Recovered,802.51
2026-09-04T20:35:54,TXN100169,0.097,Authentication failed. Customer action is required before another attempt.,MESSAGE,Customer action is required before another payment attempt.,1,Not recovered,0.0
2026-09-04T20:35:54,TXN100170,0.14,Authentication failed. Customer action is required before another attempt.,MESSAGE,Customer action is required before another payment attempt.,1,Not recovered,0.0
2026-09-04T20:35:54,TXN100171,0.278,Card issuer declined the transaction. Customer may need to use another payment method.,STOP,"Recovery probability is low, so another automated attempt is not justified.",0,Not recovered,0.0
2026-09-04T20:35:54,TXN100172,0.764,Temporary bank-side timeout. A controlled retry may recover the payment.,RETRY,Temporary technical failure with a strong recovery probability.,0,Recovered,7778.49
2026-09-04T20:35:54,TXN100173,0.594,Temporary UPI/network timeout. A delayed retry may recover the payment.,MESSAGE,Recovery probability is moderate; customer intervention is safer.,0,Recovered,3551.36
2026-09-04T20:35:54,TXN100174,0.224,Card issuer declined the transaction. Customer may need to use another payment method.,STOP,"Recovery probability is low, so another automated attempt is not justified.",2,Not recovered,0.0
2026-09-04T20:35:54,TXN100175,0.122,Authentication failed. Customer action is required before another attempt.,STOP,Retry limit reached. Further automated attempts are blocked.,3,Not recovered,0.0
2026-09-04T20:35:54,TXN100176,0.703,Temporary bank-side timeout. A controlled retry may recover the payment.,RETRY,Temporary technical failure with a strong recovery probability.,0,Not recovered,0.0
2026-09-04T20:35:54,TXN100177,0.57,Temporary network issue. A controlled retry is appropriate.,MESSAGE,Recovery probability is moderate; customer intervention is safer.,2,Recovered,5923.07
2026-09-04T20:35:54,TXN100178,0.745,Temporary network issue. A controlled retry is appropriate.,RETRY,Temporary technical failure with a strong recovery probability.,0,Not recovered,0.0
2026-09-04T20:35:54,TXN100179,0.669,Temporary network issue. A controlled retry is appropriate.,RETRY,Temporary technical failure with a strong recovery probability.,0,Recovered,2234.45
2026-09-04T20:35:54,TXN100180,0.139,Authentication failed. Customer action is required before another attempt.,MESSAGE,Customer action is required before another payment attempt.,2,Not recovered,0.0
2026-09-04T20:35:54,TXN100181,0.727,Temporary network issue. A controlled retry is appropriate.,RETRY,Temporary technical failure with a strong recovery probability.,2,Recovered,1878.52
2026-09-04T20:35:54,TXN100182,0.057,Customer may not have sufficient funds. Customer notification is preferable to repeated retries.,STOP,Retry limit reached. Further automated attempts are blocked.,3,Not recovered,0.0
2026-09-04T20:35:54,TXN100183,0.41,Temporary UPI/network timeout. A delayed retry may recover the payment.,MESSAGE,Recovery probability is moderate; customer intervention is safer.,1,Not recovered,0.0
2026-09-04T20:35:54,TXN100184,0.556,Temporary UPI/network timeout. A delayed retry may recover the payment.,MESSAGE,Recovery probability is moderate; customer intervention is safer.,0,Recovered,4016.79
2026-09-04T20:35:54,TXN100185,0.05,Authentication failed. Customer action is required before another attempt.,MESSAGE,Customer action is required before another payment attempt.,2,Not recovered,0.0
2026-09-04T20:35:54,TXN100186,0.211,Customer may not have sufficient funds. Customer notification is preferable to repeated retries.,MESSAGE,Customer action is required before another payment attempt.,0,Not recovered,0.0
2026-09-04T20:35:54,TXN100187,0.648,Card issuer declined the transaction. Customer may need to use another payment method.,RETRY,Temporary technical failure with a strong recovery probability.,1,Not recovered,0.0
2026-09-04T20:35:54,TXN100188,0.655,Card issuer declined the transaction. Customer may need to use another payment method.,RETRY,Temporary technical failure with a strong recovery probability.,0,Not recovered,0.0
2026-09-04T20:35:54,TXN100189,0.766,Temporary network issue. A controlled retry is appropriate.,RETRY,Temporary technical failure with a strong recovery probability.,1,Recovered,3778.66
2026-09-04T20:35:54,TXN100190,0.81,Temporary bank-side timeout. A controlled retry may recover the payment.,RETRY,Temporary technical failure with a strong recovery probability.,0,Recovered,1577.01
2026-09-04T20:35:54,TXN100191,0.321,Card issuer declined the transaction. Customer may need to use another payment method.,STOP,"Recovery probability is low, so another automated attempt is not justified.",0,Not recovered,0.0
2026-09-04T20:35:54,TXN100192,0.756,Temporary bank-side timeout. A controlled retry may recover the payment.,RETRY,Temporary technical failure with a strong recovery probability.,2,Not recovered,0.0
2026-09-04T20:35:54,TXN100193,0.785,Temporary UPI/network timeout. A delayed retry may recover the payment.,RETRY,Temporary technical failure with a strong recovery probability.,0,Recovered,9569.53
2026-09-04T20:35:54,TXN100194,0.311,Temporary bank-side timeout. A controlled retry may recover the payment.,STOP,"Recovery probability is low, so another automated attempt is not justified.",1,Not recovered,0.0
2026-09-04T20:35:54,TXN100195,0.695,Temporary UPI/network timeout. A delayed retry may recover the payment.,RETRY,Temporary technical failure with a strong recovery probability.,0,Recovered,5367.65
2026-09-04T20:35:54,TXN100196,0.097,Customer may not have sufficient funds. Customer notification is preferable to repeated retries.,MESSAGE,Customer action is required before another payment attempt.,0,Not recovered,0.0
2026-09-04T20:35:54,TXN100197,0.133,Customer may not have sufficient funds. Customer notification is preferable to repeated retries.,MESSAGE,Customer action is required before another payment attempt.,0,Not recovered,0.0
2026-09-04T20:35:54,TXN100198,0.184,Authentication failed. Customer action is required before another attempt.,MESSAGE,Customer action is required before another payment attempt.,0,Not recovered,0.0
2026-09-04T20:35:54,TXN100199,0.053,Authentication failed. Customer action is required before another attempt.,MESSAGE,Customer action is required before another payment attempt.,2,Not recovered,0.0
2026-09-04T20:35:54,TXN100200,0.453,Temporary network issue. A controlled retry is appropriate.,MESSAGE,Recovery probability is moderate; customer intervention is safer.,0,Not recovered,0.0
2026-09-04T20:35:54,TXN100201,0.298,Card issuer declined the transaction. Customer may need to use another payment method.,STOP,Retry limit reached. Further automated attempts are blocked.,3,Not recovered,0.0
2026-09-04T20:35:54,TXN100202,0.737,Temporary network issue. A controlled retry is appropriate.,RETRY,Temporary technical failure with a strong recovery probability.,1,Recovered,2591.27
2026-09-04T20:35:54,TXN100203,0.905,Temporary UPI/network timeout. A delayed retry may recover the payment.,RETRY,Temporary technical failure with a strong recovery probability.,0,Not recovered,0.0
2026-09-04T20:35:54,TXN100204,0.363,Temporary network issue. A controlled retry is appropriate.,MESSAGE,Recovery probability is moderate; customer intervention is safer.,1,Not recovered,0.0
2026-09-04T20:35:54,TXN100205,0.332,Temporary bank-side timeout. A controlled retry may recover the payment.,STOP,"Recovery probability is low, so another automated attempt is not justified.",1,Not recovered,0.0
2026-09-04T20:35:54,TXN100206,0.401,Temporary UPI/network timeout. A delayed retry may recover the payment.,MESSAGE,Recovery probability is moderate; customer intervention is safer.,2,Recovered,1700.88
2026-09-04T20:35:54,TXN100207,0.08,Authentication failed. Customer action is required before another attempt.,MESSAGE,Customer action is required before another payment attempt.,0,Not recovered,0.0
2026-09-04T20:35:54,TXN100208,0.099,Customer may not have sufficient funds. Customer notification is preferable to repeated retries.,MESSAGE,Customer action is required before another payment attempt.,0,Recovered,273.92
2026-09-04T20:35:54,TXN100209,0.072,Authentication failed. Customer action is required before another attempt.,MESSAGE,Customer action is required before another payment attempt.,2,Not recovered,0.0
2026-09-04T20:35:54,TXN100210,0.253,Card issuer declined the transaction. Customer may need to use another payment method.,STOP,Retry limit reached. Further automated attempts are blocked.,3,Not recovered,0.0
2026-09-04T20:35:54,TXN100211,0.35,Temporary UPI/network timeout. A delayed retry may recover the payment.,MESSAGE,Recovery probability is moderate; customer intervention is safer.,2,Not recovered,0.0
2026-09-04T20:35:54,TXN100212,0.328,Temporary UPI/network timeout. A delayed retry may recover the payment.,STOP,"Recovery probability is low, so another automated attempt is not justified.",0,Not recovered,0.0
2026-09-04T20:35:54,TXN100213,0.757,Temporary bank-side timeout. A controlled retry may recover the payment.,RETRY,Temporary technical failure with a strong recovery probability.,2,Recovered,3518.41
2026-09-04T20:35:54,TXN100214,0.162,Card issuer declined the transaction. Customer may need to use another payment method.,STOP,"Recovery probability is low, so another automated attempt is not justified.",1,Not recovered,0.0
2026-09-04T20:35:54,TXN100215,0.38,Customer may not have sufficient funds. Customer notification is preferable to repeated retries.,MESSAGE,Customer action is required before another payment attempt.,1,Not recovered,0.0
2026-09-04T20:35:54,TXN100216,0.263,Temporary UPI/network timeout. A delayed retry may recover the payment.,STOP,"Recovery probability is low, so another automated attempt is not justified.",0,Not recovered,0.0
2026-09-04T20:35:54,TXN100217,0.258,Temporary UPI/network timeout. A delayed retry may recover the payment.,STOP,"Recovery probability is low, so another automated attempt is not justified.",1,Not recovered,0.0
2026-09-04T20:35:54,TXN100218,0.87,Temporary bank-side timeout. A controlled retry may recover the payment.,RETRY,Temporary technical failure with a strong recovery probability.,0,Recovered,9814.22
2026-09-04T20:35:54,TXN100219,0.8,Temporary network issue. A controlled retry is appropriate.,RETRY,Temporary technical failure with a strong recovery probability.,0,Not recovered,0.0
2026-09-04T20:35:54,TXN100220,0.047,Customer may not have sufficient funds. Customer notification is preferable to repeated retries.,MESSAGE,Customer action is required before another payment attempt.,2,Not recovered,0.0
2026-09-04T20:35:54,TXN100221,0.217,Authentication failed. Customer action is required before another attempt.,MESSAGE,Customer action is required before another payment attempt.,0,Not recovered,0.0
2026-09-04T20:35:54,TXN100222,0.677,Card issuer declined the transaction. Customer may need to use another payment method.,RETRY,Temporary technical failure with a strong recovery probability.,0,Recovered,1585.48
2026-09-04T20:35:54,TXN100223,0.743,Temporary UPI/network timeout. A delayed retry may recover the payment.,RETRY,Temporary technical failure with a strong recovery probability.,0,Recovered,5641.56
2026-09-04T20:35:54,TXN100224,0.179,Temporary UPI/network timeout. A delayed retry may recover the payment.,STOP,Retry limit reached. Further automated attempts are blocked.,3,Not recovered,0.0
2026-09-04T20:35:54,TXN100225,0.279,Authentication failed. Customer action is required before another attempt.,MESSAGE,Customer action is required before another payment attempt.,1,Not recovered,0.0
2026-09-04T20:35:54,TXN100226,0.674,Customer may not have sufficient funds. Customer notification is preferable to repeated retries.,MESSAGE,Customer action is required before another payment attempt.,0,Not recovered,0.0
2026-09-04T20:35:54,TXN100227,0.337,Temporary network issue. A controlled retry is appropriate.,STOP,"Recovery probability is low, so another automated attempt is not justified.",2,Not recovered,0.0
2026-09-04T20:35:54,TXN100228,0.773,Temporary UPI/network timeout. A delayed retry may recover the payment.,RETRY,Temporary technical failure with a strong recovery probability.,2,Not recovered,0.0
2026-09-04T20:35:54,TXN100229,0.602,Customer may not have sufficient funds. Customer notification is preferable to repeated retries.,MESSAGE,Customer action is required before another payment attempt.,0,Not recovered,0.0
2026-09-04T20:35:54,TXN100230,0.693,Authentication failed. Customer action is required before another attempt.,MESSAGE,Customer action is required before another payment attempt.,1,Not recovered,0.0
2026-09-04T20:35:54,TXN100231,0.307,Temporary bank-side timeout. A controlled retry may recover the payment.,STOP,"Recovery probability is low, so another automated attempt is not justified.",2,Not recovered,0.0
2026-09-04T20:35:54,TXN100232,0.216,Temporary network issue. A controlled retry is appropriate.,STOP,"Recovery probability is low, so another automated attempt is not justified.",1,Not recovered,0.0
2026-09-04T20:35:54,TXN100233,0.551,Card issuer declined the transaction. Customer may need to use another payment method.,MESSAGE,Recovery probability is moderate; customer intervention is safer.,0,Not recovered,0.0
2026-09-04T20:35:54,TXN100234,0.709,Temporary UPI/network timeout. A delayed retry may recover the payment.,RETRY,Temporary technical failure with a strong recovery probability.,2,Recovered,3088.79
2026-09-04T20:35:54,TXN100235,0.536,Customer may not have sufficient funds. Customer notification is preferable to repeated retries.,MESSAGE,Customer action is required before another payment attempt.,1,Not recovered,0.0
2026-09-04T20:35:54,TXN100236,0.726,Temporary bank-side timeout. A controlled retry may recover the payment.,RETRY,Temporary technical failure with a strong recovery probability.,0,Recovered,4354.71
2026-09-04T20:35:54,TXN100237,0.589,Card issuer declined the transaction. Customer may need to use another payment method.,MESSAGE,Recovery probability is moderate; customer intervention is safer.,0,Recovered,558.9
2026-09-04T20:35:54,TXN100238,0.052,Customer may not have sufficient funds. Customer notification is preferable to repeated retries.,MESSAGE,Customer action is required before another payment attempt.,0,Not recovered,0.0
2026-09-04T20:35:54,TXN100239,0.289,Customer may not have sufficient funds. Customer notification is preferable to repeated retries.,MESSAGE,Customer action is required before another payment attempt.,0,Recovered,2820.42
2026-09-04T20:35:54,TXN100240,0.316,Card issuer declined the transaction. Customer may need to use another payment method.,STOP,"Recovery probability is low, so another automated attempt is not justified.",2,Not recovered,0.0
2026-09-04T20:35:54,TXN100241,0.782,Temporary bank-side timeout. A controlled retry may recover the payment.,RETRY,Temporary technical failure with a strong recovery probability.,0,Not recovered,0.0
2026-09-04T20:35:55,TXN100242,0.279,Authentication failed. Customer action is required before another attempt.,MESSAGE,Customer action is required before another payment attempt.,0,Not recovered,0.0
2026-09-04T20:35:55,TXN100243,0.798,Temporary bank-side timeout. A controlled retry may recover the payment.,RETRY,Temporary technical failure with a strong recovery probability.,1,Recovered,5677.72
2026-09-04T20:35:55,TXN100244,0.377,Temporary network issue. A controlled retry is appropriate.,MESSAGE,Recovery probability is moderate; customer intervention is safer.,0,Recovered,427.77
2026-09-04T20:35:55,TXN100245,0.208,Temporary UPI/network timeout. A delayed retry may recover the payment.,STOP,Retry limit reached. Further automated attempts are blocked.,3,Not recovered,0.0
2026-09-04T20:35:55,TXN100246,0.218,Card issuer declined the transaction. Customer may need to use another payment method.,STOP,"Recovery probability is low, so another automated attempt is not justified.",0,Not recovered,0.0
2026-09-04T20:35:55,TXN100247,0.06,Authentication failed. Customer action is required before another attempt.,MESSAGE,Customer action is required before another payment attempt.,0,Not recovered,0.0
2026-09-04T20:35:55,TXN100248,0.168,Card issuer declined the transaction. Customer may need to use another payment method.,STOP,"Recovery probability is low, so another automated attempt is not justified.",0,Not recovered,0.0
2026-09-04T20:35:55,TXN100249,0.542,Card issuer declined the transaction. Customer may need to use another payment method.,MESSAGE,Recovery probability is moderate; customer intervention is safer.,0,Not recovered,0.0
2026-09-04T20:35:55,TXN100250,0.415,Temporary bank-side timeout. A controlled retry may recover the payment.,MESSAGE,Recovery probability is moderate; customer intervention is safer.,0,Recovered,4557.14
2026-09-04T20:35:55,TXN100251,0.419,Temporary UPI/network timeout. A delayed retry may recover the payment.,MESSAGE,Recovery probability is moderate; customer intervention is safer.,1,Recovered,5898.83
2026-09-04T20:35:55,TXN100252,0.175,Temporary network issue. A controlled retry is appropriate.,STOP,Retry limit reached. Further automated attempts are blocked.,3,Not recovered,0.0
2026-09-04T20:35:55,TXN100253,0.109,Customer may not have sufficient funds. Customer notification is preferable to repeated retries.,MESSAGE,Customer action is required before another payment attempt.,0,Not recovered,0.0
2026-09-04T20:35:55,TXN100254,0.209,Customer may not have sufficient funds. Customer notification is preferable to repeated retries.,MESSAGE,Customer action is required before another payment attempt.,1,Not recovered,0.0
2026-09-04T20:35:55,TXN100255,0.575,Card issuer declined the transaction. Customer may need to use another payment method.,MESSAGE,Recovery probability is moderate; customer intervention is safer.,1,Not recovered,0.0
2026-09-04T20:35:55,TXN100256,0.681,Temporary UPI/network timeout. A delayed retry may recover the payment.,RETRY,Temporary technical failure with a strong recovery probability.,2,Not recovered,0.0
2026-09-04T20:35:55,TXN100257,0.146,Authentication failed. Customer action is required before another attempt.,MESSAGE,Customer action is required before another payment attempt.,0,Not recovered,0.0
2026-09-04T20:35:55,TXN100258,0.314,Temporary bank-side timeout. A controlled retry may recover the payment.,STOP,"Recovery probability is low, so another automated attempt is not justified.",0,Not recovered,0.0
2026-09-04T20:35:55,TXN100259,0.685,Temporary UPI/network timeout. A delayed retry may recover the payment.,RETRY,Temporary technical failure with a strong recovery probability.,0,Recovered,1637.31
2026-09-04T20:35:55,TXN100260,0.447,Temporary UPI/network timeout. A delayed retry may recover the payment.,MESSAGE,Recovery probability is moderate; customer intervention is safer.,1,Not recovered,0.0
2026-09-04T20:35:55,TXN100261,0.599,Temporary bank-side timeout. A controlled retry may recover the payment.,MESSAGE,Recovery probability is moderate; customer intervention is safer.,2,Not recovered,0.0
2026-09-04T20:35:55,TXN100262,0.614,Card issuer declined the transaction. Customer may need to use another payment method.,RETRY,Temporary technical failure with a strong recovery probability.,0,Recovered,2272.38
2026-09-04T20:35:55,TXN100263,0.147,Temporary UPI/network timeout. A delayed retry may recover the payment.,STOP,"Recovery probability is low, so another automated attempt is not justified.",0,Not recovered,0.0
2026-09-04T20:35:55,TXN100264,0.093,Customer may not have sufficient funds. Customer notification is preferable to repeated retries.,MESSAGE,Customer action is required before another payment attempt.,2,Not recovered,0.0
2026-09-04T20:35:55,TXN100265,0.828,Temporary bank-side timeout. A controlled retry may recover the payment.,RETRY,Temporary technical failure with a strong recovery probability.,2,Not recovered,0.0
2026-09-04T20:35:55,TXN100266,0.1,Authentication failed. Customer action is required before another attempt.,STOP,Retry limit reached. Further automated attempts are blocked.,3,Not recovered,0.0
2026-09-04T20:35:55,TXN100267,0.522,Temporary network issue. A controlled retry is appropriate.,MESSAGE,Recovery probability is moderate; customer intervention is safer.,2,Not recovered,0.0
2026-09-04T20:35:55,TXN100268,0.656,Card issuer declined the transaction. Customer may need to use another payment method.,RETRY,Temporary technical failure with a strong recovery probability.,0,Recovered,5519.83
2026-09-04T20:35:55,TXN100269,0.619,Temporary bank-side timeout. A controlled retry may recover the payment.,RETRY,Temporary technical failure with a strong recovery probability.,1,Recovered,4544.45
2026-09-04T20:35:55,TXN100270,0.812,Temporary network issue. A controlled retry is appropriate.,RETRY,Temporary technical failure with a strong recovery probability.,1,Not recovered,0.0
2026-09-04T20:35:55,TXN100271,0.801,Temporary network issue. A controlled retry is appropriate.,RETRY,Temporary technical failure with a strong recovery probability.,0,Not recovered,0.0
2026-09-04T20:35:55,TXN100272,0.215,Authentication failed. Customer action is required before another attempt.,MESSAGE,Customer action is required before another payment attempt.,1,Not recovered,0.0
2026-09-04T20:35:55,TXN100273,0.383,Temporary UPI/network timeout. A delayed retry may recover the payment.,MESSAGE,Recovery probability is moderate; customer intervention is safer.,1,Not recovered,0.0
2026-09-04T20:35:55,TXN100274,0.582,Authentication failed. Customer action is required before another attempt.,MESSAGE,Customer action is required before another payment attempt.,0,Not recovered,0.0
2026-09-04T20:35:55,TXN100275,0.412,Temporary UPI/network timeout. A delayed retry may recover the payment.,MESSAGE,Recovery probability is moderate; customer intervention is safer.,2,Not recovered,0.0
2026-09-04T20:35:55,TXN100276,0.616,Temporary UPI/network timeout. A delayed retry may recover the payment.,RETRY,Temporary technical failure with a strong recovery probability.,1,Not recovered,0.0
2026-09-04T20:35:55,TXN100277,0.578,Temporary bank-side timeout. A controlled retry may recover the payment.,STOP,Retry limit reached. Further automated attempts are blocked.,3,Not recovered,0.0
2026-09-04T20:35:55,TXN100278,0.82,Temporary bank-side timeout. A controlled retry may recover the payment.,RETRY,Temporary technical failure with a strong recovery probability.,0,Not recovered,0.0
2026-09-04T20:35:55,TXN100279,0.284,Card issuer declined the transaction. Customer may need to use another payment method.,STOP,"Recovery probability is low, so another automated attempt is not justified.",0,Not recovered,0.0
2026-09-04T20:35:55,TXN100280,0.791,Temporary UPI/network timeout. A delayed retry may recover the payment.,RETRY,Temporary technical failure with a strong recovery probability.,1,Not recovered,0.0
2026-09-04T20:35:55,TXN100281,0.652,Temporary network issue. A controlled retry is appropriate.,RETRY,Temporary technical failure with a strong recovery probability.,0,Recovered,5201.67
2026-09-04T20:35:55,TXN100282,0.275,Customer may not have sufficient funds. Customer notification is preferable to repeated retries.,MESSAGE,Customer action is required before another payment attempt.,1,Not recovered,0.0
2026-09-04T20:35:55,TXN100283,0.661,Card issuer declined the transaction. Customer may need to use another payment method.,RETRY,Temporary technical failure with a strong recovery probability.,2,Recovered,1590.03
2026-09-04T20:35:55,TXN100284,0.377,Temporary bank-side timeout. A controlled retry may recover the payment.,MESSAGE,Recovery probability is moderate; customer intervention is safer.,0,Not recovered,0.0
2026-09-04T20:35:55,TXN100285,0.102,Authentication failed. Customer action is required before another attempt.,MESSAGE,Customer action is required before another payment attempt.,1,Not recovered,0.0
2026-09-04T20:35:55,TXN100286,0.192,Card issuer declined the transaction. Customer may need to use another payment method.,STOP,"Recovery probability is low, so another automated attempt is not justified.",1,Not recovered,0.0
2026-09-04T20:35:55,TXN100287,0.347,Card issuer declined the transaction. Customer may need to use another payment method.,STOP,"Recovery probability is low, so another automated attempt is not justified.",0,Not recovered,0.0
2026-09-04T20:35:55,TXN100288,0.681,Card issuer declined the transaction. Customer may need to use another payment method.,STOP,Retry limit reached. Further automated attempts are blocked.,3,Not recovered,0.0
2026-09-04T20:35:55,TXN100289,0.406,Card issuer declined the transaction. Customer may need to use another payment method.,MESSAGE,Recovery probability is moderate; customer intervention is safer.,2,Not recovered,0.0
2026-09-04T20:35:55,TXN100290,0.309,Customer may not have sufficient funds. Customer notification is preferable to repeated retries.,MESSAGE,Customer action is required before another payment attempt.,1,Recovered,650.43
2026-09-04T20:35:55,TXN100291,0.228,Authentication failed. Customer action is required before another attempt.,MESSAGE,Customer action is required before another payment attempt.,1,Recovered,751.79
2026-09-04T20:35:55,TXN100292,0.147,Authentication failed. Customer action is required before another attempt.,MESSAGE,Customer action is required before another payment attempt.,1,Not recovered,0.0
2026-09-04T20:35:55,TXN100293,0.082,Authentication failed. Customer action is required before another attempt.,MESSAGE,Customer action is required before another payment attempt.,2,Not recovered,0.0
2026-09-04T20:35:55,TXN100294,0.711,Temporary UPI/network timeout. A delayed retry may recover the payment.,RETRY,Temporary technical failure with a strong recovery probability.,1,Recovered,2079.62
2026-09-04T20:35:55,TXN100295,0.562,Temporary network issue. A controlled retry is appropriate.,MESSAGE,Recovery probability is moderate; customer intervention is safer.,1,Not recovered,0.0
2026-09-04T20:35:55,TXN100296,0.082,Authentication failed. Customer action is required before another attempt.,MESSAGE,Customer action is required before another payment attempt.,2,Not recovered,0.0
2026-09-04T20:35:55,TXN100297,0.657,Card issuer declined the transaction. Customer may need to use another payment method.,RETRY,Temporary technical failure with a strong recovery probability.,0,Recovered,3393.37
2026-09-04T20:35:55,TXN100298,0.409,Card issuer declined the transaction. Customer may need to use another payment method.,MESSAGE,Recovery probability is moderate; customer intervention is safer.,2,Not recovered,0.0
2026-09-04T20:35:55,TXN100299,0.629,Authentication failed. Customer action is required before another attempt.,MESSAGE,Customer action is required before another payment attempt.,0,Recovered,1462.23
2026-09-04T20:35:55,TXN100300,0.047,Authentication failed. Customer action is required before another attempt.,MESSAGE,Customer action is required before another payment attempt.,0,Not recovered,0.0
2026-09-04T20:35:55,TXN100301,0.323,Card issuer declined the transaction. Customer may need to use another payment method.,STOP,"Recovery probability is low, so another automated attempt is not justified.",0,Not recovered,0.0
2026-09-04T20:35:55,TXN100302,0.763,Temporary UPI/network timeout. A delayed retry may recover the payment.,STOP,Retry limit reached. Further automated attempts are blocked.,3,Not recovered,0.0
2026-09-04T20:35:55,TXN100303,0.268,Temporary bank-side timeout. A controlled retry may recover the payment.,STOP,"Recovery probability is low, so another automated attempt is not justified.",2,Not recovered,0.0
2026-09-04T20:35:55,TXN100304,0.782,Temporary bank-side timeout. A controlled retry may recover the payment.,RETRY,Temporary technical failure with a strong recovery probability.,1,Not recovered,0.0
2026-09-04T20:35:55,TXN100305,0.06,Authentication failed. Customer action is required before another attempt.,MESSAGE,Customer action is required before another payment attempt.,1,Not recovered,0.0
2026-09-04T20:35:55,TXN100306,0.199,Customer may not have sufficient funds. Customer notification is preferable to repeated retries.,MESSAGE,Customer action is required before another payment attempt.,1,Not recovered,0.0
2026-09-04T20:35:55,TXN100307,0.143,Authentication failed. Customer action is required before another attempt.,STOP,Retry limit reached. Further automated attempts are blocked.,3,Not recovered,0.0
2026-09-04T20:35:55,TXN100308,0.493,Authentication failed. Customer action is required before another attempt.,MESSAGE,Customer action is required before another payment attempt.,1,Not recovered,0.0
2026-09-04T20:35:55,TXN100309,0.803,Temporary bank-side timeout. A controlled retry may recover the payment.,RETRY,Temporary technical failure with a strong recovery probability.,0,Recovered,4207.59
2026-09-04T20:35:55,TXN100310,0.362,Card issuer declined the transaction. Customer may need to use another payment method.,MESSAGE,Recovery probability is moderate; customer intervention is safer.,0,Not recovered,0.0
2026-09-04T20:35:55,TXN100311,0.043,Authentication failed. Customer action is required before another attempt.,MESSAGE,Customer action is required before another payment attempt.,2,Not recovered,0.0
2026-09-04T20:35:55,TXN100312,0.667,Card issuer declined the transaction. Customer may need to use another payment method.,RETRY,Temporary technical failure with a strong recovery probability.,1,Recovered,574.22
2026-09-04T20:35:55,TXN100313,0.205,Card issuer declined the transaction. Customer may need to use another payment method.,STOP,"Recovery probability is low, so another automated attempt is not justified.",0,Not recovered,0.0
2026-09-04T20:35:55,TXN100314,0.192,Customer may not have sufficient funds. Customer notification is preferable to repeated retries.,MESSAGE,Customer action is required before another payment attempt.,0,Not recovered,0.0
2026-09-04T20:35:55,TXN100315,0.133,Card issuer declined the transaction. Customer may need to use another payment method.,STOP,"Recovery probability is low, so another automated attempt is not justified.",2,Not recovered,0.0
2026-09-04T20:35:55,TXN100316,0.436,Temporary bank-side timeout. A controlled retry may recover the payment.,MESSAGE,Recovery probability is moderate; customer intervention is safer.,0,Recovered,6251.91
2026-09-04T20:35:55,TXN100317,0.319,Temporary UPI/network timeout. A delayed retry may recover the payment.,STOP,"Recovery probability is low, so another automated attempt is not justified.",1,Not recovered,0.0
2026-09-04T20:35:55,TXN100318,0.154,Temporary UPI/network timeout. A delayed retry may recover the payment.,STOP,Retry limit reached. Further automated attempts are blocked.,3,Not recovered,0.0
2026-09-04T20:35:55,TXN100319,0.446,Temporary network issue. A controlled retry is appropriate.,MESSAGE,Recovery probability is moderate; customer intervention is safer.,0,Recovered,3902.85
2026-09-04T20:35:55,TXN100320,0.141,Authentication failed. Customer action is required before another attempt.,MESSAGE,Customer action is required before another payment attempt.,0,Not recovered,0.0
2026-09-04T20:35:56,TXN100321,0.813,Temporary bank-side timeout. A controlled retry may recover the payment.,RETRY,Temporary technical failure with a strong recovery probability.,1,Not recovered,0.0
2026-09-04T20:35:56,TXN100322,0.148,Card issuer declined the transaction. Customer may need to use another payment method.,STOP,"Recovery probability is low, so another automated attempt is not justified.",2,Not recovered,0.0
2026-09-04T20:35:56,TXN100323,0.627,Temporary UPI/network timeout. A delayed retry may recover the payment.,RETRY,Temporary technical failure with a strong recovery probability.,1,Recovered,4342.3
2026-09-04T20:35:56,TXN100324,0.385,Temporary bank-side timeout. A controlled retry may recover the payment.,STOP,Retry limit reached. Further automated attempts are blocked.,3,Not recovered,0.0
2026-09-04T20:35:56,TXN100325,0.407,Temporary UPI/network timeout. A delayed retry may recover the payment.,MESSAGE,Recovery probability is moderate; customer intervention is safer.,0,Not recovered,0.0
2026-09-04T20:35:56,TXN100326,0.677,Card issuer declined the transaction. Customer may need to use another payment method.,RETRY,Temporary technical failure with a strong recovery probability.,1,Not recovered,0.0
2026-09-04T20:35:56,TXN100327,0.825,Temporary UPI/network timeout. A delayed retry may recover the payment.,RETRY,Temporary technical failure with a strong recovery probability.,1,Recovered,9253.08
2026-09-04T20:35:56,TXN100328,0.065,Authentication failed. Customer action is required before another attempt.,MESSAGE,Customer action is required before another payment attempt.,2,Not recovered,0.0
2026-09-04T20:35:56,TXN100329,0.689,Authentication failed. Customer action is required before another attempt.,MESSAGE,Customer action is required before another payment attempt.,0,Not recovered,0.0
2026-09-04T20:35:56,TXN100330,0.424,Temporary network issue. A controlled retry is appropriate.,MESSAGE,Recovery probability is moderate; customer intervention is safer.,2,Recovered,5467.75
2026-09-04T20:35:56,TXN100331,0.385,Temporary network issue. A controlled retry is appropriate.,MESSAGE,Recovery probability is moderate; customer intervention is safer.,1,Not recovered,0.0
2026-09-04T20:35:56,TXN100332,0.448,Temporary UPI/network timeout. A delayed retry may recover the payment.,MESSAGE,Recovery probability is moderate; customer intervention is safer.,0,Recovered,412.04
2026-09-04T20:35:56,TXN100333,0.862,Temporary bank-side timeout. A controlled retry may recover the payment.,RETRY,Temporary technical failure with a strong recovery probability.,0,Recovered,1916.99
2026-09-04T20:35:56,TXN100334,0.062,Authentication failed. Customer action is required before another attempt.,MESSAGE,Customer action is required before another payment attempt.,2,Not recovered,0.0
2026-09-04T20:35:56,TXN100335,0.68,Temporary bank-side timeout. A controlled retry may recover the payment.,RETRY,Temporary technical failure with a strong recovery probability.,0,Recovered,801.83
2026-09-04T20:35:56,TXN100336,0.723,Temporary bank-side timeout. A controlled retry may recover the payment.,RETRY,Temporary technical failure with a strong recovery probability.,0,Not recovered,0.0
2026-09-04T20:35:56,TXN100337,0.233,Temporary UPI/network timeout. A delayed retry may recover the payment.,STOP,"Recovery probability is low, so another automated attempt is not justified.",0,Not recovered,0.0
2026-09-04T20:35:56,TXN100338,0.726,Temporary bank-side timeout. A controlled retry may recover the payment.,RETRY,Temporary technical failure with a strong recovery probability.,2,Recovered,7217.25
2026-09-04T20:35:56,TXN100339,0.079,Authentication failed. Customer action is required before another attempt.,MESSAGE,Customer action is required before another payment attempt.,1,Not recovered,0.0
2026-09-04T20:35:56,TXN100340,0.285,Card issuer declined the transaction. Customer may need to use another payment method.,STOP,"Recovery probability is low, so another automated attempt is not justified.",2,Not recovered,0.0
2026-09-04T20:35:56,TXN100341,0.588,Temporary network issue. A controlled retry is appropriate.,MESSAGE,Recovery probability is moderate; customer intervention is safer.,0,Recovered,7206.86
2026-09-04T20:35:56,TXN100342,0.281,Card issuer declined the transaction. Customer may need to use another payment method.,STOP,"Recovery probability is low, so another automated attempt is not justified.",1,Not recovered,0.0
2026-09-04T20:35:56,TXN100343,0.519,Temporary bank-side timeout. A controlled retry may recover the payment.,MESSAGE,Recovery probability is moderate; customer intervention is safer.,1,Recovered,6620.44
2026-09-04T20:35:56,TXN100344,0.388,Card issuer declined the transaction. Customer may need to use another payment method.,MESSAGE,Recovery probability is moderate; customer intervention is safer.,2,Not recovered,0.0
2026-09-04T20:35:56,TXN100345,0.07,Authentication failed. Customer action is required before another attempt.,MESSAGE,Customer action is required before another payment attempt.,2,Not recovered,0.0
2026-09-04T20:35:56,TXN100346,0.088,Authentication failed. Customer action is required before another attempt.,MESSAGE,Customer action is required before another payment attempt.,0,Not recovered,0.0
2026-09-04T20:35:56,TXN100347,0.77,Temporary bank-side timeout. A controlled retry may recover the payment.,RETRY,Temporary technical failure with a strong recovery probability.,1,Recovered,869.54
2026-09-04T20:35:56,TXN100348,0.735,Temporary UPI/network timeout. A delayed retry may recover the payment.,RETRY,Temporary technical failure with a strong recovery probability.,0,Recovered,5743.64
2026-09-04T20:35:56,TXN100349,0.181,Card issuer declined the transaction. Customer may need to use another payment method.,STOP,"Recovery probability is low, so another automated attempt is not justified.",1,Not recovered,0.0
2026-09-04T20:35:56,TXN100350,0.748,Temporary UPI/network timeout. A delayed retry may recover the payment.,RETRY,Temporary technical failure with a strong recovery probability.,0,Recovered,7645.92
2026-09-04T20:35:56,TXN100351,0.299,Temporary UPI/network timeout. A delayed retry may recover the payment.,STOP,"Recovery probability is low, so another automated attempt is not justified.",0,Not recovered,0.0
2026-09-04T20:35:56,TXN100352,0.332,Customer may not have sufficient funds. Customer notification is preferable to repeated retries.,MESSAGE,Customer action is required before another payment attempt.,0,Not recovered,0.0
2026-09-04T20:35:56,TXN100353,0.581,Temporary bank-side timeout. A controlled retry may recover the payment.,MESSAGE,Recovery probability is moderate; customer intervention is safer.,1,Recovered,2610.59
2026-09-04T20:35:56,TXN100354,0.271,Temporary network issue. A controlled retry is appropriate.,STOP,"Recovery probability is low, so another automated attempt is not justified.",0,Not recovered,0.0
2026-09-04T20:35:56,TXN100355,0.105,Authentication failed. Customer action is required before another attempt.,MESSAGE,Customer action is required before another payment attempt.,1,Not recovered,0.0
2026-09-04T20:35:56,TXN100356,0.093,Authentication failed. Customer action is required before another attempt.,MESSAGE,Customer action is required before another payment attempt.,0,Recovered,591.39
2026-09-04T20:35:56,TXN100357,0.549,Temporary bank-side timeout. A controlled retry may recover the payment.,MESSAGE,Recovery probability is moderate; customer intervention is safer.,0,Not recovered,0.0
2026-09-04T20:35:56,TXN100358,0.795,Temporary network issue. A controlled retry is appropriate.,RETRY,Temporary technical failure with a strong recovery probability.,2,Not recovered,0.0
2026-09-04T20:35:56,TXN100359,0.146,Authentication failed. Customer action is required before another attempt.,MESSAGE,Customer action is required before another payment attempt.,0,Not recovered,0.0
2026-09-04T20:35:56,TXN100360,0.594,Temporary bank-side timeout. A controlled retry may recover the payment.,MESSAGE,Recovery probability is moderate; customer intervention is safer.,0,Recovered,5944.3
2026-09-04T20:35:56,TXN100361,0.167,Authentication failed. Customer action is required before another attempt.,MESSAGE,Customer action is required before another payment attempt.,1,Not recovered,0.0
2026-09-04T20:35:56,TXN100362,0.581,Temporary UPI/network timeout. A delayed retry may recover the payment.,MESSAGE,Recovery probability is moderate; customer intervention is safer.,0,Recovered,6981.6
2026-09-04T20:35:56,TXN100363,0.369,Card issuer declined the transaction. Customer may need to use another payment method.,MESSAGE,Recovery probability is moderate; customer intervention is safer.,0,Not recovered,0.0
2026-09-04T20:35:56,TXN100364,0.42,Card issuer declined the transaction. Customer may need to use another payment method.,MESSAGE,Recovery probability is moderate; customer intervention is safer.,0,Not recovered,0.0
2026-09-04T20:35:56,TXN100365,0.66,Authentication failed. Customer action is required before another attempt.,STOP,Retry limit reached. Further automated attempts are blocked.,3,Not recovered,0.0
2026-09-04T20:35:56,TXN100366,0.214,Customer may not have sufficient funds. Customer notification is preferable to repeated retries.,MESSAGE,Customer action is required before another payment attempt.,1,Not recovered,0.0
2026-09-04T20:35:56,TXN100367,0.798,Temporary network issue. A controlled retry is appropriate.,RETRY,Temporary technical failure with a strong recovery probability.,1,Not recovered,0.0
2026-09-04T20:35:56,TXN100368,0.453,Temporary network issue. A controlled retry is appropriate.,MESSAGE,Recovery probability is moderate; customer intervention is safer.,1,Recovered,3096.9
2026-09-04T20:35:56,TXN100369,0.602,Temporary network issue. A controlled retry is appropriate.,RETRY,Temporary technical failure with a strong recovery probability.,0,Recovered,1225.62
2026-09-04T20:35:56,TXN100370,0.668,Temporary UPI/network timeout. A delayed retry may recover the payment.,RETRY,Temporary technical failure with a strong recovery probability.,0,Recovered,1690.62
2026-09-04T20:35:56,TXN100371,0.747,Temporary network issue. A controlled retry is appropriate.,RETRY,Temporary technical failure with a strong recovery probability.,2,Recovered,468.7
2026-09-04T20:35:56,TXN100372,0.283,Card issuer declined the transaction. Customer may need to use another payment method.,STOP,"Recovery probability is low, so another automated attempt is not justified.",0,Not recovered,0.0
2026-09-04T20:35:56,TXN100373,0.208,Temporary UPI/network timeout. A delayed retry may recover the payment.,STOP,"Recovery probability is low, so another automated attempt is not justified.",0,Not recovered,0.0
2026-09-04T20:35:56,TXN100374,0.469,Temporary bank-side timeout. A controlled retry may recover the payment.,MESSAGE,Recovery probability is moderate; customer intervention is safer.,0,Recovered,1252.66
2026-09-04T20:35:56,TXN100375,0.451,Temporary network issue. A controlled retry is appropriate.,MESSAGE,Recovery probability is moderate; customer intervention is safer.,0,Recovered,4920.16
2026-09-04T20:35:56,TXN100376,0.247,Temporary network issue. A controlled retry is appropriate.,STOP,Retry limit reached. Further automated attempts are blocked.,3,Not recovered,0.0
2026-09-04T20:35:56,TXN100377,0.737,Temporary bank-side timeout. A controlled retry may recover the payment.,RETRY,Temporary technical failure with a strong recovery probability.,0,Recovered,543.45
2026-09-04T20:35:56,TXN100378,0.756,Temporary network issue. A controlled retry is appropriate.,RETRY,Temporary technical failure with a strong recovery probability.,1,Not recovered,0.0
2026-09-04T20:35:56,TXN100379,0.422,Temporary bank-side timeout. A controlled retry may recover the payment.,MESSAGE,Recovery probability is moderate; customer intervention is safer.,0,Recovered,4370.73
2026-09-04T20:35:56,TXN100380,0.216,Temporary UPI/network timeout. A delayed retry may recover the payment.,STOP,Retry limit reached. Further automated attempts are blocked.,3,Not recovered,0.0
2026-09-04T20:35:56,TXN100381,0.351,Card issuer declined the transaction. Customer may need to use another payment method.,MESSAGE,Recovery probability is moderate; customer intervention is safer.,0,Not recovered,0.0
2026-09-04T20:35:56,TXN100382,0.357,Temporary bank-side timeout. A controlled retry may recover the payment.,MESSAGE,Recovery probability is moderate; customer intervention is safer.,0,Not recovered,0.0
2026-09-04T20:35:56,TXN100383,0.107,Customer may not have sufficient funds. Customer notification is preferable to repeated retries.,MESSAGE,Customer action is required before another payment attempt.,1,Not recovered,0.0
2026-09-04T20:35:56,TXN100384,0.309,Temporary bank-side timeout. A controlled retry may recover the payment.,STOP,"Recovery probability is low, so another automated attempt is not justified.",1,Not recovered,0.0
2026-09-04T20:35:56,TXN100385,0.711,Temporary network issue. A controlled retry is appropriate.,RETRY,Temporary technical failure with a strong recovery probability.,0,Not recovered,0.0
2026-09-04T20:35:56,TXN100386,0.621,Temporary UPI/network timeout. A delayed retry may recover the payment.,RETRY,Temporary technical failure with a strong recovery probability.,0,Recovered,4373.39
2026-09-04T20:35:56,TXN100387,0.2,Authentication failed. Customer action is required before another attempt.,MESSAGE,Customer action is required before another payment attempt.,0,Not recovered,0.0
2026-09-04T20:35:56,TXN100388,0.722,Temporary UPI/network timeout. A delayed retry may recover the payment.,RETRY,Temporary technical failure with a strong recovery probability.,0,Recovered,11308.85
2026-09-04T20:35:56,TXN100389,0.584,Authentication failed. Customer action is required before another attempt.,MESSAGE,Customer action is required before another payment attempt.,0,Not recovered,0.0
2026-09-04T20:35:56,TXN100390,0.559,Temporary bank-side timeout. A controlled retry may recover the payment.,MESSAGE,Recovery probability is moderate; customer intervention is safer.,1,Not recovered,0.0
2026-09-04T20:35:56,TXN100391,0.74,Card issuer declined the transaction. Customer may need to use another payment method.,RETRY,Temporary technical failure with a strong recovery probability.,0,Recovered,6306.15
2026-09-04T20:35:56,TXN100392,0.136,Customer may not have sufficient funds. Customer notification is preferable to repeated retries.,MESSAGE,Customer action is required before another payment attempt.,0,Not recovered,0.0
2026-09-04T20:35:56,TXN100393,0.852,Temporary UPI/network timeout. A delayed retry may recover the payment.,RETRY,Temporary technical failure with a strong recovery probability.,1,Not recovered,0.0
2026-09-04T20:35:56,TXN100394,0.29,Temporary network issue. A controlled retry is appropriate.,STOP,Retry limit reached. Further automated attempts are blocked.,3,Not recovered,0.0
2026-09-04T20:35:56,TXN100395,0.045,Authentication failed. Customer action is required before another attempt.,MESSAGE,Customer action is required before another payment attempt.,1,Not recovered,0.0
2026-09-04T20:35:56,TXN100396,0.33,Temporary network issue. A controlled retry is appropriate.,STOP,"Recovery probability is low, so another automated attempt is not justified.",0,Not recovered,0.0
2026-09-04T20:35:56,TXN100397,0.744,Card issuer declined the transaction. Customer may need to use another payment method.,RETRY,Temporary technical failure with a strong recovery probability.,0,Recovered,6548.54
2026-09-04T20:35:56,TXN100398,0.046,Authentication failed. Customer action is required before another attempt.,STOP,Retry limit reached. Further automated attempts are blocked.,3,Not recovered,0.0
2026-09-04T20:35:56,TXN100399,0.48,Temporary UPI/network timeout. A delayed retry may recover the payment.,MESSAGE,Recovery probability is moderate; customer intervention is safer.,0,Not recovered,0.0
2026-09-04T20:35:56,TXN100400,0.658,Temporary bank-side timeout. A controlled retry may recover the payment.,RETRY,Temporary technical failure with a strong recovery probability.,0,Recovered,1725.34
2026-09-04T20:35:56,TXN100401,0.22,Temporary network issue. A controlled retry is appropriate.,STOP,"Recovery probability is low, so another automated attempt is not justified.",1,Not recovered,0.0
2026-09-04T20:35:56,TXN100402,0.596,Card issuer declined the transaction. Customer may need to use another payment method.,MESSAGE,Recovery probability is moderate; customer intervention is safer.,1,Not recovered,0.0
2026-09-04T20:35:57,TXN100403,0.735,Temporary UPI/network timeout. A delayed retry may recover the payment.,RETRY,Temporary technical failure with a strong recovery probability.,1,Not recovered,0.0
2026-09-04T20:35:57,TXN100404,0.697,Temporary UPI/network timeout. A delayed retry may recover the payment.,RETRY,Temporary technical failure with a strong recovery probability.,0,Recovered,4936.05
2026-09-04T20:35:57,TXN100405,0.714,Temporary UPI/network timeout. A delayed retry may recover the payment.,RETRY,Temporary technical failure with a strong recovery probability.,0,Not recovered,0.0
2026-09-04T20:35:57,TXN100406,0.659,Temporary UPI/network timeout. A delayed retry may recover the payment.,STOP,Retry limit reached. Further automated attempts are blocked.,3,Not recovered,0.0
2026-09-04T20:35:57,TXN100407,0.155,Authentication failed. Customer action is required before another attempt.,MESSAGE,Customer action is required before another payment attempt.,0,Recovered,359.41
2026-09-04T20:35:57,TXN100408,0.332,Temporary UPI/network timeout. A delayed retry may recover the payment.,STOP,"Recovery probability is low, so another automated attempt is not justified.",1,Not recovered,0.0
2026-09-04T20:35:57,TXN100409,0.73,Temporary network issue. A controlled retry is appropriate.,RETRY,Temporary technical failure with a strong recovery probability.,1,Recovered,1550.13
2026-09-04T20:35:57,TXN100410,0.342,Card issuer declined the transaction. Customer may need to use another payment method.,STOP,"Recovery probability is low, so another automated attempt is not justified.",1,Not recovered,0.0
2026-09-04T20:35:57,TXN100411,0.033,Authentication failed. Customer action is required before another attempt.,MESSAGE,Customer action is required before another payment attempt.,0,Not recovered,0.0
2026-09-04T20:35:57,TXN100412,0.592,Temporary UPI/network timeout. A delayed retry may recover the payment.,MESSAGE,Recovery probability is moderate; customer intervention is safer.,0,Not recovered,0.0
2026-09-04T20:35:57,TXN100413,0.112,Customer may not have sufficient funds. Customer notification is preferable to repeated retries.,MESSAGE,Customer action is required before another payment attempt.,1,Not recovered,0.0
2026-09-04T20:35:57,TXN100414,0.176,Customer may not have sufficient funds. Customer notification is preferable to repeated retries.,MESSAGE,Customer action is required before another payment attempt.,2,Not recovered,0.0
2026-09-04T20:35:57,TXN100415,0.721,Card issuer declined the transaction. Customer may need to use another payment method.,STOP,Retry limit reached. Further automated attempts are blocked.,3,Not recovered,0.0
2026-09-04T20:35:57,TXN100416,0.392,Temporary bank-side timeout. A controlled retry may recover the payment.,MESSAGE,Recovery probability is moderate; customer intervention is safer.,0,Recovered,4538.81
2026-09-04T20:35:57,TXN100417,0.868,Temporary bank-side timeout. A controlled retry may recover the payment.,RETRY,Temporary technical failure with a strong recovery probability.,0,Recovered,5063.56
2026-09-04T20:35:57,TXN100418,0.095,Authentication failed. Customer action is required before another attempt.,STOP,Retry limit reached. Further automated attempts are blocked.,3,Not recovered,0.0
2026-09-04T20:35:57,TXN100419,0.121,Authentication failed. Customer action is required before another attempt.,MESSAGE,Customer action is required before another payment attempt.,1,Not recovered,0.0
2026-09-04T20:35:57,TXN100420,0.185,Authentication failed. Customer action is required before another attempt.,MESSAGE,Customer action is required before another payment attempt.,2,Not recovered,0.0
2026-09-04T20:35:57,TXN100421,0.202,Temporary bank-side timeout. A controlled retry may recover the payment.,STOP,"Recovery probability is low, so another automated attempt is not justified.",0,Not recovered,0.0
2026-09-04T20:35:57,TXN100422,0.156,Customer may not have sufficient funds. Customer notification is preferable to repeated retries.,MESSAGE,Customer action is required before another payment attempt.,1,Recovered,1548.94
2026-09-04T20:35:57,TXN100423,0.381,Temporary bank-side timeout. A controlled retry may recover the payment.,MESSAGE,Recovery probability is moderate; customer intervention is safer.,1,Not recovered,0.0
2026-09-04T20:35:57,TXN100424,0.779,Temporary network issue. A controlled retry is appropriate.,RETRY,Temporary technical failure with a strong recovery probability.,1,Recovered,1050.93
2026-09-04T20:35:57,TXN100425,0.824,Temporary UPI/network timeout. A delayed retry may recover the payment.,RETRY,Temporary technical failure with a strong recovery probability.,0,Recovered,8332.58
2026-09-04T20:35:57,TXN100426,0.035,Authentication failed. Customer action is required before another attempt.,MESSAGE,Customer action is required before another payment attempt.,0,Not recovered,0.0
2026-09-04T20:35:57,TXN100427,0.146,Customer may not have sufficient funds. Customer notification is preferable to repeated retries.,MESSAGE,Customer action is required before another payment attempt.,1,Not recovered,0.0
2026-09-04T20:35:57,TXN100428,0.764,Card issuer declined the transaction. Customer may need to use another payment method.,RETRY,Temporary technical failure with a strong recovery probability.,0,Recovered,5392.89
2026-09-04T20:35:57,TXN100429,0.413,Card issuer declined the transaction. Customer may need to use another payment method.,MESSAGE,Recovery probability is moderate; customer intervention is safer.,1,Recovered,1931.71
2026-09-04T20:35:57,TXN100430,0.709,Temporary UPI/network timeout. A delayed retry may recover the payment.,STOP,Retry limit reached. Further automated attempts are blocked.,3,Not recovered,0.0
2026-09-04T20:35:57,TXN100431,0.17,Customer may not have sufficient funds. Customer notification is preferable to repeated retries.,MESSAGE,Customer action is required before another payment attempt.,0,Not recovered,0.0
2026-09-04T20:35:57,TXN100432,0.394,Temporary bank-side timeout. A controlled retry may recover the payment.,MESSAGE,Recovery probability is moderate; customer intervention is safer.,2,Not recovered,0.0
2026-09-04T20:35:57,TXN100433,0.258,Temporary bank-side timeout. A controlled retry may recover the payment.,STOP,"Recovery probability is low, so another automated attempt is not justified.",0,Not recovered,0.0
2026-09-04T20:35:57,TXN100434,0.624,Temporary network issue. A controlled retry is appropriate.,RETRY,Temporary technical failure with a strong recovery probability.,1,Recovered,1443.86
2026-09-04T20:35:57,TXN100435,0.21,Temporary network issue. A controlled retry is appropriate.,STOP,Retry limit reached. Further automated attempts are blocked.,3,Not recovered,0.0
2026-09-04T20:35:57,TXN100436,0.84,Temporary bank-side timeout. A controlled retry may recover the payment.,RETRY,Temporary technical failure with a strong recovery probability.,0,Recovered,1275.97
2026-09-04T20:35:57,TXN100437,0.476,Card issuer declined the transaction. Customer may need to use another payment method.,MESSAGE,Recovery probability is moderate; customer intervention is safer.,0,Not recovered,0.0
2026-09-04T20:35:57,TXN100438,0.197,Authentication failed. Customer action is required before another attempt.,MESSAGE,Customer action is required before another payment attempt.,0,Not recovered,0.0
2026-09-04T20:35:57,TXN100439,0.61,Card issuer declined the transaction. Customer may need to use another payment method.,RETRY,Temporary technical failure with a strong recovery probability.,0,Recovered,1403.04
2026-09-04T20:35:57,TXN100440,0.796,Temporary network issue. A controlled retry is appropriate.,RETRY,Temporary technical failure with a strong recovery probability.,1,Recovered,1454.68
2026-09-04T20:35:57,TXN100441,0.689,Temporary UPI/network timeout. A delayed retry may recover the payment.,RETRY,Temporary technical failure with a strong recovery probability.,2,Not recovered,0.0
2026-09-04T20:35:57,TXN100442,0.712,Temporary bank-side timeout. A controlled retry may recover the payment.,RETRY,Temporary technical failure with a strong recovery probability.,0,Recovered,5738.58
2026-09-04T20:35:57,TXN100443,0.677,Temporary network issue. A controlled retry is appropriate.,RETRY,Temporary technical failure with a strong recovery probability.,0,Recovered,5684.87
2026-09-04T20:35:57,TXN100444,0.68,Temporary network issue. A controlled retry is appropriate.,RETRY,Temporary technical failure with a strong recovery probability.,0,Not recovered,0.0
2026-09-04T20:35:57,TXN100445,0.192,Authentication failed. Customer action is required before another attempt.,MESSAGE,Customer action is required before another payment attempt.,1,Not recovered,0.0
2026-09-04T20:35:57,TXN100446,0.207,Temporary bank-side timeout. A controlled retry may recover the payment.,STOP,"Recovery probability is low, so another automated attempt is not justified.",0,Not recovered,0.0
2026-09-04T20:35:57,TXN100447,0.226,Authentication failed. Customer action is required before another attempt.,MESSAGE,Customer action is required before another payment attempt.,1,Not recovered,0.0
2026-09-04T20:35:57,TXN100448,0.786,Temporary bank-side timeout. A controlled retry may recover the payment.,RETRY,Temporary technical failure with a strong recovery probability.,1,Recovered,5768.02
2026-09-04T20:35:57,TXN100449,0.455,Authentication failed. Customer action is required before another attempt.,MESSAGE,Customer action is required before another payment attempt.,1,Recovered,1434.89
2026-09-04T20:35:57,TXN100450,0.254,Card issuer declined the transaction. Customer may need to use another payment method.,STOP,"Recovery probability is low, so another automated attempt is not justified.",0,Not recovered,0.0
2026-09-04T20:35:57,TXN100451,0.568,Temporary UPI/network timeout. A delayed retry may recover the payment.,MESSAGE,Recovery probability is moderate; customer intervention is safer.,1,Not recovered,0.0
2026-09-04T20:35:57,TXN100452,0.58,Temporary UPI/network timeout. A delayed retry may recover the payment.,MESSAGE,Recovery probability is moderate; customer intervention is safer.,0,Not recovered,0.0
2026-09-04T20:35:57,TXN100453,0.801,Temporary bank-side timeout. A controlled retry may recover the payment.,RETRY,Temporary technical failure with a strong recovery probability.,0,Not recovered,0.0
2026-09-04T20:35:57,TXN100454,0.076,Customer may not have sufficient funds. Customer notification is preferable to repeated retries.,MESSAGE,Customer action is required before another payment attempt.,2,Not recovered,0.0
2026-09-04T20:35:57,TXN100455,0.668,Temporary network issue. A controlled retry is appropriate.,RETRY,Temporary technical failure with a strong recovery probability.,1,Not recovered,0.0
2026-09-04T20:35:57,TXN100456,0.388,Temporary network issue. A controlled retry is appropriate.,MESSAGE,Recovery probability is moderate; customer intervention is safer.,0,Recovered,367.05
2026-09-04T20:35:57,TXN100457,0.808,Temporary bank-side timeout. A controlled retry may recover the payment.,RETRY,Temporary technical failure with a strong recovery probability.,0,Recovered,7135.65
2026-09-04T20:35:57,TXN100458,0.095,Authentication failed. Customer action is required before another attempt.,MESSAGE,Customer action is required before another payment attempt.,0,Recovered,1032.34
2026-09-04T20:35:57,TXN100459,0.229,Customer may not have sufficient funds. Customer notification is preferable to repeated retries.,MESSAGE,Customer action is required before another payment attempt.,0,Recovered,1957.62
2026-09-04T20:35:57,TXN100460,0.594,Card issuer declined the transaction. Customer may need to use another payment method.,MESSAGE,Recovery probability is moderate; customer intervention is safer.,0,Recovered,1938.51
2026-09-04T20:35:57,TXN100461,0.249,Authentication failed. Customer action is required before another attempt.,MESSAGE,Customer action is required before another payment attempt.,0,Not recovered,0.0
2026-09-04T20:35:57,TXN100462,0.086,Authentication failed. Customer action is required before another attempt.,MESSAGE,Customer action is required before another payment attempt.,1,Not recovered,0.0
2026-09-04T20:35:57,TXN100463,0.797,Temporary bank-side timeout. A controlled retry may recover the payment.,RETRY,Temporary technical failure with a strong recovery probability.,1,Not recovered,0.0
2026-09-04T20:35:57,TXN100464,0.405,Temporary bank-side timeout. A controlled retry may recover the payment.,MESSAGE,Recovery probability is moderate; customer intervention is safer.,1,Not recovered,0.0
2026-09-04T20:35:57,TXN100465,0.478,Temporary network issue. A controlled retry is appropriate.,MESSAGE,Recovery probability is moderate; customer intervention is safer.,1,Recovered,5747.46
2026-09-04T20:35:57,TXN100466,0.891,Temporary bank-side timeout. A controlled retry may recover the payment.,RETRY,Temporary technical failure with a strong recovery probability.,0,Recovered,4427.82
2026-09-04T20:35:57,TXN100467,0.755,Temporary bank-side timeout. A controlled retry may recover the payment.,STOP,Retry limit reached. Further automated attempts are blocked.,3,Not recovered,0.0
2026-09-04T20:35:57,TXN100468,0.548,Temporary bank-side timeout. A controlled retry may recover the payment.,MESSAGE,Recovery probability is moderate; customer intervention is safer.,2,Recovered,3508.44
2026-09-04T20:35:57,TXN100469,0.61,Temporary network issue. A controlled retry is appropriate.,RETRY,Temporary technical failure with a strong recovery probability.,2,Not recovered,0.0
2026-09-04T20:35:57,TXN100470,0.72,Card issuer declined the transaction. Customer may need to use another payment method.,RETRY,Temporary technical failure with a strong recovery probability.,2,Recovered,378.9
2026-09-04T20:35:57,TXN100471,0.146,Card issuer declined the transaction. Customer may need to use another payment method.,STOP,Retry limit reached. Further automated attempts are blocked.,3,Not recovered,0.0
2026-09-04T20:35:57,TXN100472,0.673,Temporary bank-side timeout. A controlled retry may recover the payment.,RETRY,Temporary technical failure with a strong recovery probability.,1,Recovered,837.81
2026-09-04T20:35:57,TXN100473,0.527,Temporary network issue. A controlled retry is appropriate.,MESSAGE,Recovery probability is moderate; customer intervention is safer.,0,Not recovered,0.0
2026-09-04T20:35:57,TXN100474,0.392,Card issuer declined the transaction. Customer may need to use another payment method.,MESSAGE,Recovery probability is moderate; customer intervention is safer.,1,Not recovered,0.0
2026-09-04T20:35:57,TXN100475,0.269,Authentication failed. Customer action is required before another attempt.,MESSAGE,Customer action is required before another payment attempt.,1,Not recovered,0.0
2026-09-04T20:35:57,TXN100476,0.524,Card issuer declined the transaction. Customer may need to use another payment method.,MESSAGE,Recovery probability is moderate; customer intervention is safer.,1,Recovered,1291.26
2026-09-04T20:35:57,TXN100477,0.717,Card issuer declined the transaction. Customer may need to use another payment method.,RETRY,Temporary technical failure with a strong recovery probability.,1,Recovered,8396.6
2026-09-04T20:35:57,TXN100478,0.806,Temporary network issue. A controlled retry is appropriate.,RETRY,Temporary technical failure with a strong recovery probability.,0,Not recovered,0.0
2026-09-04T20:35:57,TXN100479,0.099,Authentication failed. Customer action is required before another attempt.,MESSAGE,Customer action is required before another payment attempt.,0,Not recovered,0.0
2026-09-04T20:35:57,TXN100480,0.47,Temporary network issue. A controlled retry is appropriate.,MESSAGE,Recovery probability is moderate; customer intervention is safer.,2,Not recovered,0.0
2026-09-04T20:35:57,TXN100481,0.475,Temporary bank-side timeout. A controlled retry may recover the payment.,MESSAGE,Recovery probability is moderate; customer intervention is safer.,1,Not recovered,0.0
2026-09-04T20:35:57,TXN100482,0.293,Temporary UPI/network timeout. A delayed retry may recover the payment.,STOP,"Recovery probability is low, so another automated attempt is not justified.",1,Not recovered,0.0
2026-09-04T20:35:58,TXN100483,0.541,Card issuer declined the transaction. Customer may need to use another payment method.,MESSAGE,Recovery probability is moderate; customer intervention is safer.,0,Not recovered,0.0
2026-09-04T20:35:58,TXN100484,0.85,Temporary UPI/network timeout. A delayed retry may recover the payment.,RETRY,Temporary technical failure with a strong recovery probability.,0,Recovered,8847.44
2026-09-04T20:35:58,TXN100485,0.695,Temporary network issue. A controlled retry is appropriate.,RETRY,Temporary technical failure with a strong recovery probability.,2,Not recovered,0.0
2026-09-04T20:35:58,TXN100486,0.85,Temporary network issue. A controlled retry is appropriate.,RETRY,Temporary technical failure with a strong recovery probability.,1,Recovered,871.65
2026-09-04T20:35:58,TXN100487,0.307,Temporary network issue. A controlled retry is appropriate.,STOP,"Recovery probability is low, so another automated attempt is not justified.",2,Not recovered,0.0
2026-09-04T20:35:58,TXN100488,0.16,Temporary UPI/network timeout. A delayed retry may recover the payment.,STOP,"Recovery probability is low, so another automated attempt is not justified.",1,Not recovered,0.0
2026-09-04T20:35:58,TXN100489,0.485,Temporary network issue. A controlled retry is appropriate.,MESSAGE,Recovery probability is moderate; customer intervention is safer.,1,Not recovered,0.0
2026-09-04T20:35:58,TXN100490,0.863,Temporary bank-side timeout. A controlled retry may recover the payment.,RETRY,Temporary technical failure with a strong recovery probability.,0,Recovered,6943.18
2026-09-04T20:35:58,TXN100491,0.748,Temporary network issue. A controlled retry is appropriate.,RETRY,Temporary technical failure with a strong recovery probability.,1,Recovered,9377.58
2026-09-04T20:35:58,TXN100492,0.344,Customer may not have sufficient funds. Customer notification is preferable to repeated retries.,MESSAGE,Customer action is required before another payment attempt.,0,Recovered,4304.52
2026-09-04T20:35:58,TXN100493,0.322,Temporary UPI/network timeout. A delayed retry may recover the payment.,STOP,"Recovery probability is low, so another automated attempt is not justified.",0,Not recovered,0.0
2026-09-04T20:35:58,TXN100494,0.121,Customer may not have sufficient funds. Customer notification is preferable to repeated retries.,MESSAGE,Customer action is required before another payment attempt.,1,Not recovered,0.0
2026-09-04T20:35:58,TXN100495,0.754,Temporary network issue. A controlled retry is appropriate.,STOP,Retry limit reached. Further automated attempts are blocked.,3,Not recovered,0.0
2026-09-04T20:35:58,TXN100496,0.716,Temporary bank-side timeout. A controlled retry may recover the payment.,RETRY,Temporary technical failure with a strong recovery probability.,0,Recovered,8837.69
2026-09-04T20:35:58,TXN100497,0.68,Card issuer declined the transaction. Customer may need to use another payment method.,RETRY,Temporary technical failure with a strong recovery probability.,2,Recovered,1349.55
2026-09-04T20:35:58,TXN100498,0.064,Authentication failed. Customer action is required before another attempt.,MESSAGE,Customer action is required before another payment attempt.,0,Not recovered,0.0
2026-09-04T20:35:58,TXN100499,0.104,Authentication failed. Customer action is required before another attempt.,MESSAGE,Customer action is required before another payment attempt.,0,Not recovered,0.0
2026-09-04T20:35:58,TXN100500,0.399,Temporary network issue. A controlled retry is appropriate.,MESSAGE,Recovery probability is moderate; customer intervention is safer.,0,Not recovered,0.0
2026-09-04T20:35:58,TXN100501,0.789,Temporary bank-side timeout. A controlled retry may recover the payment.,RETRY,Temporary technical failure with a strong recovery probability.,0,Recovered,8133.76
2026-09-04T20:35:58,TXN100502,0.691,Temporary UPI/network timeout. A delayed retry may recover the payment.,RETRY,Temporary technical failure with a strong recovery probability.,1,Recovered,4780.32
2026-09-04T20:35:58,TXN100503,0.635,Customer may not have sufficient funds. Customer notification is preferable to repeated retries.,MESSAGE,Customer action is required before another payment attempt.,0,Not recovered,0.0
2026-09-04T20:35:58,TXN100504,0.287,Customer may not have sufficient funds. Customer notification is preferable to repeated retries.,MESSAGE,Customer action is required before another payment attempt.,1,Not recovered,0.0
2026-09-04T20:35:58,TXN100505,0.179,Customer may not have sufficient funds. Customer notification is preferable to repeated retries.,MESSAGE,Customer action is required before another payment attempt.,2,Not recovered,0.0
2026-09-04T20:35:58,TXN100506,0.437,Temporary UPI/network timeout. A delayed retry may recover the payment.,MESSAGE,Recovery probability is moderate; customer intervention is safer.,0,Not recovered,0.0
2026-09-04T20:35:58,TXN100507,0.089,Authentication failed. Customer action is required before another attempt.,MESSAGE,Customer action is required before another payment attempt.,2,Not recovered,0.0
2026-09-04T20:35:58,TXN100508,0.302,Temporary bank-side timeout. A controlled retry may recover the payment.,STOP,"Recovery probability is low, so another automated attempt is not justified.",0,Not recovered,0.0
2026-09-04T20:35:58,TXN100509,0.849,Temporary UPI/network timeout. A delayed retry may recover the payment.,RETRY,Temporary technical failure with a strong recovery probability.,1,Not recovered,0.0
2026-09-04T20:35:58,TXN100510,0.168,Customer may not have sufficient funds. Customer notification is preferable to repeated retries.,MESSAGE,Customer action is required before another payment attempt.,0,Not recovered,0.0
2026-09-04T20:35:58,TXN100511,0.828,Temporary network issue. A controlled retry is appropriate.,RETRY,Temporary technical failure with a strong recovery probability.,0,Recovered,6389.42
2026-09-04T20:35:58,TXN100512,0.504,Card issuer declined the transaction. Customer may need to use another payment method.,MESSAGE,Recovery probability is moderate; customer intervention is safer.,0,Not recovered,0.0
2026-09-04T20:35:58,TXN100513,0.157,Temporary UPI/network timeout. A delayed retry may recover the payment.,STOP,"Recovery probability is low, so another automated attempt is not justified.",0,Not recovered,0.0
2026-09-04T20:35:58,TXN100514,0.692,Temporary UPI/network timeout. A delayed retry may recover the payment.,RETRY,Temporary technical failure with a strong recovery probability.,0,Recovered,868.28
2026-09-04T20:35:58,TXN100515,0.23,Temporary bank-side timeout. A controlled retry may recover the payment.,STOP,"Recovery probability is low, so another automated attempt is not justified.",1,Not recovered,0.0
2026-09-04T20:35:58,TXN100516,0.372,Temporary bank-side timeout. A controlled retry may recover the payment.,MESSAGE,Recovery probability is moderate; customer intervention is safer.,2,Not recovered,0.0
2026-09-04T20:35:58,TXN100517,0.775,Temporary UPI/network timeout. A delayed retry may recover the payment.,RETRY,Temporary technical failure with a strong recovery probability.,2,Not recovered,0.0
2026-09-04T20:35:58,TXN100518,0.267,Customer may not have sufficient funds. Customer notification is preferable to repeated retries.,MESSAGE,Customer action is required before another payment attempt.,1,Not recovered,0.0
2026-09-04T20:35:58,TXN100519,0.211,Card issuer declined the transaction. Customer may need to use another payment method.,STOP,"Recovery probability is low, so another automated attempt is not justified.",0,Not recovered,0.0
2026-09-04T20:35:58,TXN100520,0.414,Temporary bank-side timeout. A controlled retry may recover the payment.,MESSAGE,Recovery probability is moderate; customer intervention is safer.,0,Not recovered,0.0
2026-09-04T20:35:58,TXN100521,0.182,Customer may not have sufficient funds. Customer notification is preferable to repeated retries.,MESSAGE,Customer action is required before another payment attempt.,0,Not recovered,0.0
2026-09-04T20:35:58,TXN100522,0.318,Temporary network issue. A controlled retry is appropriate.,STOP,"Recovery probability is low, so another automated attempt is not justified.",0,Not recovered,0.0
2026-09-04T20:35:58,TXN100523,0.892,Temporary bank-side timeout. A controlled retry may recover the payment.,RETRY,Temporary technical failure with a strong recovery probability.,1,Not recovered,0.0
2026-09-04T20:35:58,TXN100524,0.107,Customer may not have sufficient funds. Customer notification is preferable to repeated retries.,MESSAGE,Customer action is required before another payment attempt.,1,Not recovered,0.0
2026-09-04T20:35:58,TXN100525,0.159,Customer may not have sufficient funds. Customer notification is preferable to repeated retries.,MESSAGE,Customer action is required before another payment attempt.,0,Not recovered,0.0
2026-09-04T20:35:58,TXN100526,0.251,Card issuer declined the transaction. Customer may need to use another payment method.,STOP,"Recovery probability is low, so another automated attempt is not justified.",0,Not recovered,0.0
2026-09-04T20:35:58,TXN100527,0.19,Card issuer declined the transaction. Customer may need to use another payment method.,STOP,"Recovery probability is low, so another automated attempt is not justified.",2,Not recovered,0.0
2026-09-04T20:35:58,TXN100528,0.309,Temporary network issue. A controlled retry is appropriate.,STOP,"Recovery probability is low, so another automated attempt is not justified.",2,Not recovered,0.0
2026-09-04T20:35:58,TXN100529,0.17,Customer may not have sufficient funds. Customer notification is preferable to repeated retries.,MESSAGE,Customer action is required before another payment attempt.,0,Not recovered,0.0
2026-09-04T20:35:58,TXN100530,0.215,Authentication failed. Customer action is required before another attempt.,MESSAGE,Customer action is required before another payment attempt.,2,Not recovered,0.0
2026-09-04T20:35:58,TXN100531,0.102,Customer may not have sufficient funds. Customer notification is preferable to repeated retries.,STOP,Retry limit reached. Further automated attempts are blocked.,3,Not recovered,0.0
2026-09-04T20:35:58,TXN100532,0.763,Card issuer declined the transaction. Customer may need to use another payment method.,RETRY,Temporary technical failure with a strong recovery probability.,0,Not recovered,0.0
2026-09-04T20:35:58,TXN100533,0.096,Authentication failed. Customer action is required before another attempt.,MESSAGE,Customer action is required before another payment attempt.,0,Not recovered,0.0
2026-09-04T20:35:58,TXN100534,0.722,Temporary bank-side timeout. A controlled retry may recover the payment.,RETRY,Temporary technical failure with a strong recovery probability.,1,Not recovered,0.0
2026-09-04T20:35:58,TXN100535,0.17,Temporary bank-side timeout. A controlled retry may recover the payment.,STOP,Retry limit reached. Further automated attempts are blocked.,3,Not recovered,0.0
2026-09-04T20:35:58,TXN100536,0.843,Temporary UPI/network timeout. A delayed retry may recover the payment.,RETRY,Temporary technical failure with a strong recovery probability.,2,Not recovered,0.0
2026-09-04T20:35:58,TXN100537,0.429,Card issuer declined the transaction. Customer may need to use another payment method.,MESSAGE,Recovery probability is moderate; customer intervention is safer.,0,Recovered,3860.0
2026-09-04T20:35:58,TXN100538,0.628,Temporary UPI/network timeout. A delayed retry may recover the payment.,RETRY,Temporary technical failure with a strong recovery probability.,0,Recovered,6867.5
2026-09-04T20:35:58,TXN100539,0.577,Authentication failed. Customer action is required before another attempt.,MESSAGE,Customer action is required before another payment attempt.,1,Not recovered,0.0
2026-09-04T20:35:58,TXN100540,0.276,Card issuer declined the transaction. Customer may need to use another payment method.,STOP,"Recovery probability is low, so another automated attempt is not justified.",1,Not recovered,0.0
2026-09-04T20:35:58,TXN100541,0.568,Temporary network issue. A controlled retry is appropriate.,MESSAGE,Recovery probability is moderate; customer intervention is safer.,0,Not recovered,0.0
2026-09-04T20:35:58,TXN100542,0.185,Customer may not have sufficient funds. Customer notification is preferable to repeated retries.,MESSAGE,Customer action is required before another payment attempt.,2,Not recovered,0.0
2026-09-04T20:35:58,TXN100543,0.5,Temporary network issue. A controlled retry is appropriate.,MESSAGE,Recovery probability is moderate; customer intervention is safer.,1,Not recovered,0.0
2026-09-04T20:35:58,TXN100544,0.023,Authentication failed. Customer action is required before another attempt.,MESSAGE,Customer action is required before another payment attempt.,2,Not recovered,0.0
2026-09-04T20:35:58,TXN100545,0.439,Card issuer declined the transaction. Customer may need to use another payment method.,MESSAGE,Recovery probability is moderate; customer intervention is safer.,2,Not recovered,0.0
2026-09-04T20:35:58,TXN100546,0.171,Authentication failed. Customer action is required before another attempt.,MESSAGE,Customer action is required before another payment attempt.,1,Not recovered,0.0
2026-09-04T20:35:58,TXN100547,0.095,Customer may not have sufficient funds. Customer notification is preferable to repeated retries.,MESSAGE,Customer action is required before another payment attempt.,0,Not recovered,0.0
2026-09-04T20:35:58,TXN100548,0.785,Temporary bank-side timeout. A controlled retry may recover the payment.,RETRY,Temporary technical failure with a strong recovery probability.,1,Recovered,7900.07
2026-09-04T20:35:58,TXN100549,0.763,Temporary bank-side timeout. A controlled retry may recover the payment.,RETRY,Temporary technical failure with a strong recovery probability.,0,Not recovered,0.0
2026-09-04T20:35:58,TXN100550,0.032,Authentication failed. Customer action is required before another attempt.,MESSAGE,Customer action is required before another payment attempt.,1,Not recovered,0.0
2026-09-04T20:35:58,TXN100551,0.625,Temporary UPI/network timeout. A delayed retry may recover the payment.,RETRY,Temporary technical failure with a strong recovery probability.,0,Not recovered,0.0
2026-09-04T20:35:58,TXN100552,0.684,Card issuer declined the transaction. Customer may need to use another payment method.,RETRY,Temporary technical failure with a strong recovery probability.,1,Not recovered,0.0
2026-09-04T20:35:58,TXN100553,0.45,Card issuer declined the transaction. Customer may need to use another payment method.,MESSAGE,Recovery probability is moderate; customer intervention is safer.,0,Not recovered,0.0
2026-09-04T20:35:58,TXN100554,0.913,Temporary bank-side timeout. A controlled retry may recover the payment.,RETRY,Temporary technical failure with a strong recovery probability.,0,Not recovered,0.0
2026-09-04T20:35:58,TXN100555,0.292,Temporary network issue. A controlled retry is appropriate.,STOP,"Recovery probability is low, so another automated attempt is not justified.",0,Not recovered,0.0
2026-09-04T20:35:58,TXN100556,0.163,Customer may not have sufficient funds. Customer notification is preferable to repeated retries.,MESSAGE,Customer action is required before another payment attempt.,0,Recovered,2182.56
2026-09-04T20:35:58,TXN100557,0.772,Temporary network issue. A controlled retry is appropriate.,RETRY,Temporary technical failure with a strong recovery probability.,1,Recovered,625.01
2026-09-04T20:35:58,TXN100558,0.433,Temporary network issue. A controlled retry is appropriate.,MESSAGE,Recovery probability is moderate; customer intervention is safer.,1,Not recovered,0.0
2026-09-04T20:35:58,TXN100559,0.056,Authentication failed. Customer action is required before another attempt.,MESSAGE,Customer action is required before another payment attempt.,1,Not recovered,0.0
2026-09-04T20:35:58,TXN100560,0.882,Temporary bank-side timeout. A controlled retry may recover the payment.,RETRY,Temporary technical failure with a strong recovery probability.,0,Recovered,10620.08
2026-09-04T20:35:58,TXN100561,0.667,Temporary bank-side timeout. A controlled retry may recover the payment.,RETRY,Temporary technical failure with a strong recovery probability.,0,Recovered,3351.08
2026-09-04T20:35:58,TXN100562,0.351,Temporary bank-side timeout. A controlled retry may recover the payment.,MESSAGE,Recovery probability is moderate; customer intervention is safer.,0,Recovered,2217.43
2026-09-04T20:35:58,TXN100563,0.632,Authentication failed. Customer action is required before another attempt.,MESSAGE,Customer action is required before another payment attempt.,0,Recovered,414.28
2026-09-04T20:35:58,TXN100564,0.786,Temporary UPI/network timeout. A delayed retry may recover the payment.,RETRY,Temporary technical failure with a strong recovery probability.,2,Recovered,5388.05
2026-09-04T20:35:58,TXN100565,0.335,Temporary network issue. A controlled retry is appropriate.,STOP,"Recovery probability is low, so another automated attempt is not justified.",0,Not recovered,0.0
2026-09-04T20:35:58,TXN100566,0.262,Authentication failed. Customer action is required before another attempt.,MESSAGE,Customer action is required before another payment attempt.,0,Not recovered,0.0
2026-09-04T20:35:59,TXN100567,0.487,Card issuer declined the transaction. Customer may need to use another payment method.,MESSAGE,Recovery probability is moderate; customer intervention is safer.,0,Not recovered,0.0
2026-09-04T20:35:59,TXN100568,0.165,Customer may not have sufficient funds. Customer notification is preferable to repeated retries.,MESSAGE,Customer action is required before another payment attempt.,0,Not recovered,0.0
2026-09-04T20:35:59,TXN100569,0.709,Temporary UPI/network timeout. A delayed retry may recover the payment.,RETRY,Temporary technical failure with a strong recovery probability.,1,Recovered,5353.53
2026-09-04T20:35:59,TXN100570,0.532,Card issuer declined the transaction. Customer may need to use another payment method.,MESSAGE,Recovery probability is moderate; customer intervention is safer.,1,Not recovered,0.0
2026-09-04T20:35:59,TXN100571,0.615,Temporary network issue. A controlled retry is appropriate.,RETRY,Temporary technical failure with a strong recovery probability.,0,Not recovered,0.0
2026-09-04T20:35:59,TXN100572,0.875,Temporary bank-side timeout. A controlled retry may recover the payment.,RETRY,Temporary technical failure with a strong recovery probability.,0,Recovered,6068.23
2026-09-04T20:35:59,TXN100573,0.615,Temporary network issue. A controlled retry is appropriate.,RETRY,Temporary technical failure with a strong recovery probability.,0,Not recovered,0.0
2026-09-04T20:35:59,TXN100574,0.288,Authentication failed. Customer action is required before another attempt.,MESSAGE,Customer action is required before another payment attempt.,0,Not recovered,0.0
2026-09-04T20:35:59,TXN100575,0.065,Customer may not have sufficient funds. Customer notification is preferable to repeated retries.,MESSAGE,Customer action is required before another payment attempt.,0,Not recovered,0.0
2026-09-04T20:35:59,TXN100576,0.09,Authentication failed. Customer action is required before another attempt.,STOP,Retry limit reached. Further automated attempts are blocked.,3,Not recovered,0.0
2026-09-04T20:35:59,TXN100577,0.632,Temporary UPI/network timeout. A delayed retry may recover the payment.,RETRY,Temporary technical failure with a strong recovery probability.,1,Not recovered,0.0
2026-09-04T20:35:59,TXN100578,0.783,Temporary UPI/network timeout. A delayed retry may recover the payment.,RETRY,Temporary technical failure with a strong recovery probability.,1,Recovered,7482.81
2026-09-04T20:35:59,TXN100579,0.585,Customer may not have sufficient funds. Customer notification is preferable to repeated retries.,MESSAGE,Customer action is required before another payment attempt.,0,Not recovered,0.0
2026-09-04T20:35:59,TXN100580,0.296,Card issuer declined the transaction. Customer may need to use another payment method.,STOP,"Recovery probability is low, so another automated attempt is not justified.",0,Not recovered,0.0
2026-09-04T20:35:59,TXN100581,0.254,Card issuer declined the transaction. Customer may need to use another payment method.,STOP,"Recovery probability is low, so another automated attempt is not justified.",1,Not recovered,0.0
2026-09-04T20:35:59,TXN100582,0.25,Temporary UPI/network timeout. A delayed retry may recover the payment.,STOP,"Recovery probability is low, so another automated attempt is not justified.",1,Not recovered,0.0
2026-09-04T20:35:59,TXN100583,0.831,Temporary UPI/network timeout. A delayed retry may recover the payment.,RETRY,Temporary technical failure with a strong recovery probability.,1,Recovered,5064.85
2026-09-04T20:35:59,TXN100584,0.859,Temporary bank-side timeout. A controlled retry may recover the payment.,RETRY,Temporary technical failure with a strong recovery probability.,0,Recovered,9573.97
2026-09-04T20:35:59,TXN100585,0.598,Card issuer declined the transaction. Customer may need to use another payment method.,MESSAGE,Recovery probability is moderate; customer intervention is safer.,1,Recovered,3753.4
2026-09-04T20:35:59,TXN100586,0.452,Customer may not have sufficient funds. Customer notification is preferable to repeated retries.,MESSAGE,Customer action is required before another payment attempt.,0,Recovered,1321.85
2026-09-04T20:35:59,TXN100587,0.288,Card issuer declined the transaction. Customer may need to use another payment method.,STOP,"Recovery probability is low, so another automated attempt is not justified.",2,Not recovered,0.0
2026-09-04T20:35:59,TXN100588,0.845,Temporary bank-side timeout. A controlled retry may recover the payment.,RETRY,Temporary technical failure with a strong recovery probability.,1,Recovered,2094.21
2026-09-04T20:35:59,TXN100589,0.617,Authentication failed. Customer action is required before another attempt.,MESSAGE,Customer action is required before another payment attempt.,1,Not recovered,0.0
2026-09-04T20:35:59,TXN100590,0.853,Temporary UPI/network timeout. A delayed retry may recover the payment.,RETRY,Temporary technical failure with a strong recovery probability.,0,Recovered,2253.78
2026-09-04T20:35:59,TXN100591,0.82,Temporary UPI/network timeout. A delayed retry may recover the payment.,RETRY,Temporary technical failure with a strong recovery probability.,1,Recovered,9684.59
2026-09-04T20:35:59,TXN100592,0.703,Temporary bank-side timeout. A controlled retry may recover the payment.,RETRY,Temporary technical failure with a strong recovery probability.,0,Recovered,2891.01
2026-09-04T20:35:59,TXN100593,0.504,Customer may not have sufficient funds. Customer notification is preferable to repeated retries.,MESSAGE,Customer action is required before another payment attempt.,0,Not recovered,0.0
2026-09-04T20:35:59,TXN100594,0.874,Temporary UPI/network timeout. A delayed retry may recover the payment.,RETRY,Temporary technical failure with a strong recovery probability.,0,Not recovered,0.0
2026-09-04T20:35:59,TXN100595,0.818,Temporary network issue. A controlled retry is appropriate.,RETRY,Temporary technical failure with a strong recovery probability.,1,Recovered,7214.11
2026-09-04T20:35:59,TXN100596,0.341,Temporary UPI/network timeout. A delayed retry may recover the payment.,STOP,"Recovery probability is low, so another automated attempt is not justified.",0,Not recovered,0.0
2026-09-04T20:35:59,TXN100597,0.718,Temporary network issue. A controlled retry is appropriate.,RETRY,Temporary technical failure with a strong recovery probability.,0,Recovered,2749.51
2026-09-04T20:35:59,TXN100598,0.316,Temporary bank-side timeout. A controlled retry may recover the payment.,STOP,"Recovery probability is low, so another automated attempt is not justified.",2,Not recovered,0.0
2026-09-04T20:35:59,TXN100599,0.821,Temporary bank-side timeout. A controlled retry may recover the payment.,RETRY,Temporary technical failure with a strong recovery probability.,0,Recovered,803.9
2026-09-04T20:35:59,TXN100600,0.632,Temporary UPI/network timeout. A delayed retry may recover the payment.,RETRY,Temporary technical failure with a strong recovery probability.,1,Recovered,2699.41
2026-09-04T20:35:59,TXN100601,0.271,Card issuer declined the transaction. Customer may need to use another payment method.,STOP,"Recovery probability is low, so another automated attempt is not justified.",0,Not recovered,0.0
2026-09-04T20:35:59,TXN100602,0.364,Temporary network issue. A controlled retry is appropriate.,MESSAGE,Recovery probability is moderate; customer intervention is safer.,0,Recovered,2818.93
2026-09-04T20:35:59,TXN100603,0.129,Customer may not have sufficient funds. Customer notification is preferable to repeated retries.,MESSAGE,Customer action is required before another payment attempt.,2,Not recovered,0.0
2026-09-04T20:35:59,TXN100604,0.796,Temporary UPI/network timeout. A delayed retry may recover the payment.,RETRY,Temporary technical failure with a strong recovery probability.,0,Recovered,1984.53
2026-09-04T20:35:59,TXN100605,0.628,Customer may not have sufficient funds. Customer notification is preferable to repeated retries.,MESSAGE,Customer action is required before another payment attempt.,1,Not recovered,0.0
2026-09-04T20:35:59,TXN100606,0.724,Temporary UPI/network timeout. A delayed retry may recover the payment.,RETRY,Temporary technical failure with a strong recovery probability.,1,Recovered,3252.95
2026-09-04T20:35:59,TXN100607,0.704,Card issuer declined the transaction. Customer may need to use another payment method.,RETRY,Temporary technical failure with a strong recovery probability.,1,Recovered,5590.56
2026-09-04T20:35:59,TXN100608,0.296,Card issuer declined the transaction. Customer may need to use another payment method.,STOP,"Recovery probability is low, so another automated attempt is not justified.",1,Not recovered,0.0
2026-09-04T20:35:59,TXN100609,0.314,Card issuer declined the transaction. Customer may need to use another payment method.,STOP,"Recovery probability is low, so another automated attempt is not justified.",0,Not recovered,0.0
2026-09-04T20:35:59,TXN100610,0.153,Authentication failed. Customer action is required before another attempt.,MESSAGE,Customer action is required before another payment attempt.,0,Recovered,780.86
2026-09-04T20:35:59,TXN100611,0.392,Card issuer declined the transaction. Customer may need to use another payment method.,MESSAGE,Recovery probability is moderate; customer intervention is safer.,1,Not recovered,0.0
2026-09-04T20:35:59,TXN100612,0.869,Temporary bank-side timeout. A controlled retry may recover the payment.,RETRY,Temporary technical failure with a strong recovery probability.,1,Recovered,9492.55
2026-09-04T20:35:59,TXN100613,0.452,Temporary bank-side timeout. A controlled retry may recover the payment.,MESSAGE,Recovery probability is moderate; customer intervention is safer.,2,Recovered,1409.12
2026-09-04T20:35:59,TXN100614,0.106,Authentication failed. Customer action is required before another attempt.,MESSAGE,Customer action is required before another payment attempt.,2,Not recovered,0.0
2026-09-04T20:35:59,TXN100615,0.77,Temporary network issue. A controlled retry is appropriate.,RETRY,Temporary technical failure with a strong recovery probability.,2,Not recovered,0.0
2026-09-04T20:35:59,TXN100616,0.176,Customer may not have sufficient funds. Customer notification is preferable to repeated retries.,MESSAGE,Customer action is required before another payment attempt.,1,Recovered,1103.01
2026-09-04T20:35:59,TXN100617,0.285,Temporary UPI/network timeout. A delayed retry may recover the payment.,STOP,"Recovery probability is low, so another automated attempt is not justified.",0,Not recovered,0.0
2026-09-04T20:35:59,TXN100618,0.148,Temporary UPI/network timeout. A delayed retry may recover the payment.,STOP,"Recovery probability is low, so another automated attempt is not justified.",2,Not recovered,0.0
2026-09-04T20:35:59,TXN100619,0.177,Authentication failed. Customer action is required before another attempt.,MESSAGE,Customer action is required before another payment attempt.,1,Not recovered,0.0
2026-09-04T20:35:59,TXN100620,0.763,Temporary bank-side timeout. A controlled retry may recover the payment.,RETRY,Temporary technical failure with a strong recovery probability.,0,Recovered,2930.1
2026-09-04T20:35:59,TXN100621,0.634,Temporary UPI/network timeout. A delayed retry may recover the payment.,RETRY,Temporary technical failure with a strong recovery probability.,2,Recovered,3297.58
2026-09-04T20:35:59,TXN100622,0.405,Temporary bank-side timeout. A controlled retry may recover the payment.,MESSAGE,Recovery probability is moderate; customer intervention is safer.,2,Recovered,5682.36
2026-09-04T20:35:59,TXN100623,0.297,Temporary network issue. A controlled retry is appropriate.,STOP,"Recovery probability is low, so another automated attempt is not justified.",1,Not recovered,0.0
2026-09-04T20:35:59,TXN100624,0.341,Customer may not have sufficient funds. Customer notification is preferable to repeated retries.,MESSAGE,Customer action is required before another payment attempt.,0,Not recovered,0.0
2026-09-04T20:35:59,TXN100625,0.314,Temporary network issue. A controlled retry is appropriate.,STOP,"Recovery probability is low, so another automated attempt is not justified.",0,Not recovered,0.0
2026-09-04T20:35:59,TXN100626,0.037,Authentication failed. Customer action is required before another attempt.,MESSAGE,Customer action is required before another payment attempt.,2,Not recovered,0.0
2026-09-04T20:35:59,TXN100627,0.318,Card issuer declined the transaction. Customer may need to use another payment method.,STOP,"Recovery probability is low, so another automated attempt is not justified.",2,Not recovered,0.0
2026-09-04T20:35:59,TXN100628,0.57,Card issuer declined the transaction. Customer may need to use another payment method.,MESSAGE,Recovery probability is moderate; customer intervention is safer.,0,Recovered,741.95
2026-09-04T20:35:59,TXN100629,0.386,Card issuer declined the transaction. Customer may need to use another payment method.,MESSAGE,Recovery probability is moderate; customer intervention is safer.,0,Recovered,3935.32
2026-09-04T20:35:59,TXN100630,0.622,Temporary network issue. A controlled retry is appropriate.,RETRY,Temporary technical failure with a strong recovery probability.,2,Not recovered,0.0
2026-09-04T20:35:59,TXN100631,0.839,Temporary UPI/network timeout. A delayed retry may recover the payment.,RETRY,Temporary technical failure with a strong recovery probability.,0,Not recovered,0.0
2026-09-04T20:35:59,TXN100632,0.188,Customer may not have sufficient funds. Customer notification is preferable to repeated retries.,MESSAGE,Customer action is required before another payment attempt.,1,Not recovered,0.0
2026-09-04T20:35:59,TXN100633,0.133,Card issuer declined the transaction. Customer may need to use another payment method.,STOP,Retry limit reached. Further automated attempts are blocked.,3,Not recovered,0.0
2026-09-04T20:35:59,TXN100634,0.084,Authentication failed. Customer action is required before another attempt.,MESSAGE,Customer action is required before another payment attempt.,0,Recovered,1785.25
2026-09-04T20:35:59,TXN100635,0.209,Authentication failed. Customer action is required before another attempt.,MESSAGE,Customer action is required before another payment attempt.,1,Not recovered,0.0
2026-09-04T20:35:59,TXN100636,0.29,Card issuer declined the transaction. Customer may need to use another payment method.,STOP,"Recovery probability is low, so another automated attempt is not justified.",0,Not recovered,0.0
2026-09-04T20:35:59,TXN100637,0.234,Card issuer declined the transaction. Customer may need to use another payment method.,STOP,"Recovery probability is low, so another automated attempt is not justified.",0,Not recovered,0.0
2026-09-04T20:35:59,TXN100638,0.135,Customer may not have sufficient funds. Customer notification is preferable to repeated retries.,MESSAGE,Customer action is required before another payment attempt.,2,Not recovered,0.0
2026-09-04T20:35:59,TXN100639,0.147,Card issuer declined the transaction. Customer may need to use another payment method.,STOP,"Recovery probability is low, so another automated attempt is not justified.",0,Not recovered,0.0
2026-09-04T20:35:59,TXN100640,0.183,Customer may not have sufficient funds. Customer notification is preferable to repeated retries.,STOP,Retry limit reached. Further automated attempts are blocked.,3,Not recovered,0.0
2026-09-04T20:35:59,TXN100641,0.241,Authentication failed. Customer action is required before another attempt.,MESSAGE,Customer action is required before another payment attempt.,1,Not recovered,0.0
2026-09-04T20:35:59,TXN100642,0.338,Card issuer declined the transaction. Customer may need to use another payment method.,STOP,"Recovery probability is low, so another automated attempt is not justified.",0,Not recovered,0.0
2026-09-04T20:35:59,TXN100643,0.405,Temporary network issue. A controlled retry is appropriate.,MESSAGE,Recovery probability is moderate; customer intervention is safer.,0,Recovered,5046.29
2026-09-04T20:35:59,TXN100644,0.401,Temporary network issue. A controlled retry is appropriate.,MESSAGE,Recovery probability is moderate; customer intervention is safer.,0,Recovered,1971.6
2026-09-04T20:35:59,TXN100645,0.725,Authentication failed. Customer action is required before another attempt.,MESSAGE,Customer action is required before another payment attempt.,0,Not recovered,0.0
2026-09-04T20:35:59,TXN100646,0.109,Customer may not have sufficient funds. Customer notification is preferable to repeated retries.,MESSAGE,Customer action is required before another payment attempt.,0,Not recovered,0.0
2026-09-04T20:35:59,TXN100647,0.359,Temporary network issue. A controlled retry is appropriate.,MESSAGE,Recovery probability is moderate; customer intervention is safer.,0,Not recovered,0.0
2026-09-04T20:35:59,TXN100648,0.133,Customer may not have sufficient funds. Customer notification is preferable to repeated retries.,MESSAGE,Customer action is required before another payment attempt.,1,Not recovered,0.0
2026-09-04T20:35:59,TXN100649,0.29,Temporary network issue. A controlled retry is appropriate.,STOP,"Recovery probability is low, so another automated attempt is not justified.",1,Not recovered,0.0
2026-09-04T20:36:00,TXN100650,0.658,Temporary network issue. A controlled retry is appropriate.,RETRY,Temporary technical failure with a strong recovery probability.,1,Recovered,1485.51
2026-09-04T20:36:00,TXN100651,0.08,Customer may not have sufficient funds. Customer notification is preferable to repeated retries.,MESSAGE,Customer action is required before another payment attempt.,1,Not recovered,0.0
2026-09-04T20:36:00,TXN100652,0.766,Temporary UPI/network timeout. A delayed retry may recover the payment.,RETRY,Temporary technical failure with a strong recovery probability.,0,Recovered,8884.84
2026-09-04T20:36:00,TXN100653,0.379,Temporary network issue. A controlled retry is appropriate.,MESSAGE,Recovery probability is moderate; customer intervention is safer.,0,Not recovered,0.0
2026-09-04T20:36:00,TXN100654,0.347,Card issuer declined the transaction. Customer may need to use another payment method.,STOP,"Recovery probability is low, so another automated attempt is not justified.",1,Not recovered,0.0
2026-09-04T20:36:00,TXN100655,0.111,Authentication failed. Customer action is required before another attempt.,MESSAGE,Customer action is required before another payment attempt.,1,Recovered,2087.32
2026-09-04T20:36:00,TXN100656,0.802,Temporary UPI/network timeout. A delayed retry may recover the payment.,RETRY,Temporary technical failure with a strong recovery probability.,0,Recovered,4399.17
2026-09-04T20:36:00,TXN100657,0.187,Customer may not have sufficient funds. Customer notification is preferable to repeated retries.,MESSAGE,Customer action is required before another payment attempt.,2,Not recovered,0.0
2026-09-04T20:36:00,TXN100658,0.757,Temporary UPI/network timeout. A delayed retry may recover the payment.,RETRY,Temporary technical failure with a strong recovery probability.,2,Not recovered,0.0
2026-09-04T20:36:00,TXN100659,0.86,Temporary bank-side timeout. A controlled retry may recover the payment.,RETRY,Temporary technical failure with a strong recovery probability.,1,Recovered,8647.09
2026-09-04T20:36:00,TXN100660,0.771,Temporary bank-side timeout. A controlled retry may recover the payment.,RETRY,Temporary technical failure with a strong recovery probability.,0,Recovered,5469.59
2026-09-04T20:36:00,TXN100661,0.458,Temporary network issue. A controlled retry is appropriate.,MESSAGE,Recovery probability is moderate; customer intervention is safer.,2,Not recovered,0.0
2026-09-04T20:36:00,TXN100662,0.521,Temporary network issue. A controlled retry is appropriate.,MESSAGE,Recovery probability is moderate; customer intervention is safer.,1,Not recovered,0.0
2026-09-04T20:36:00,TXN100663,0.535,Card issuer declined the transaction. Customer may need to use another payment method.,MESSAGE,Recovery probability is moderate; customer intervention is safer.,2,Recovered,3710.19
2026-09-04T20:36:00,TXN100664,0.046,Authentication failed. Customer action is required before another attempt.,MESSAGE,Customer action is required before another payment attempt.,2,Not recovered,0.0
2026-09-04T20:36:00,TXN100665,0.761,Temporary UPI/network timeout. A delayed retry may recover the payment.,RETRY,Temporary technical failure with a strong recovery probability.,2,Recovered,2461.47
2026-09-04T20:36:00,TXN100666,0.828,Temporary bank-side timeout. A controlled retry may recover the payment.,RETRY,Temporary technical failure with a strong recovery probability.,1,Recovered,3839.42
2026-09-04T20:36:00,TXN100667,0.833,Temporary network issue. A controlled retry is appropriate.,RETRY,Temporary technical failure with a strong recovery probability.,0,Recovered,2577.25
2026-09-04T20:36:00,TXN100668,0.157,Authentication failed. Customer action is required before another attempt.,MESSAGE,Customer action is required before another payment attempt.,1,Not recovered,0.0
2026-09-04T20:36:00,TXN100669,0.747,Temporary UPI/network timeout. A delayed retry may recover the payment.,RETRY,Temporary technical failure with a strong recovery probability.,1,Recovered,4418.69
2026-09-04T20:36:00,TXN100670,0.515,Temporary network issue. A controlled retry is appropriate.,MESSAGE,Recovery probability is moderate; customer intervention is safer.,1,Recovered,2765.1
2026-09-04T20:36:00,TXN100671,0.773,Temporary network issue. A controlled retry is appropriate.,RETRY,Temporary technical failure with a strong recovery probability.,0,Not recovered,0.0
2026-09-04T20:36:00,TXN100672,0.822,Temporary bank-side timeout. A controlled retry may recover the payment.,RETRY,Temporary technical failure with a strong recovery probability.,0,Recovered,1386.54
2026-09-04T20:36:00,TXN100673,0.845,Temporary bank-side timeout. A controlled retry may recover the payment.,RETRY,Temporary technical failure with a strong recovery probability.,2,Recovered,7962.29
2026-09-04T20:36:00,TXN100674,0.448,Temporary network issue. A controlled retry is appropriate.,MESSAGE,Recovery probability is moderate; customer intervention is safer.,1,Recovered,6273.28
2026-09-04T20:36:00,TXN100675,0.311,Customer may not have sufficient funds. Customer notification is preferable to repeated retries.,MESSAGE,Customer action is required before another payment attempt.,2,Not recovered,0.0
2026-09-04T20:36:00,TXN100676,0.355,Temporary network issue. A controlled retry is appropriate.,MESSAGE,Recovery probability is moderate; customer intervention is safer.,2,Recovered,1857.29
2026-09-04T20:36:00,TXN100677,0.191,Authentication failed. Customer action is required before another attempt.,MESSAGE,Customer action is required before another payment attempt.,1,Not recovered,0.0
2026-09-04T20:36:00,TXN100678,0.731,Temporary network issue. A controlled retry is appropriate.,RETRY,Temporary technical failure with a strong recovery probability.,1,Not recovered,0.0
2026-09-04T20:36:00,TXN100679,0.334,Card issuer declined the transaction. Customer may need to use another payment method.,STOP,"Recovery probability is low, so another automated attempt is not justified.",2,Not recovered,0.0
2026-09-04T20:36:00,TXN100680,0.54,Card issuer declined the transaction. Customer may need to use another payment method.,MESSAGE,Recovery probability is moderate; customer intervention is safer.,1,Not recovered,0.0
2026-09-04T20:36:00,TXN100681,0.736,Card issuer declined the transaction. Customer may need to use another payment method.,RETRY,Temporary technical failure with a strong recovery probability.,1,Recovered,4016.22
2026-09-04T20:36:00,TXN100682,0.588,Customer may not have sufficient funds. Customer notification is preferable to repeated retries.,MESSAGE,Customer action is required before another payment attempt.,0,Recovered,2728.31
2026-09-04T20:36:00,TXN100683,0.127,Customer may not have sufficient funds. Customer notification is preferable to repeated retries.,MESSAGE,Customer action is required before another payment attempt.,1,Not recovered,0.0
2026-09-04T20:36:00,TXN100684,0.836,Temporary network issue. A controlled retry is appropriate.,RETRY,Temporary technical failure with a strong recovery probability.,1,Not recovered,0.0
2026-09-04T20:36:00,TXN100685,0.544,Card issuer declined the transaction. Customer may need to use another payment method.,MESSAGE,Recovery probability is moderate; customer intervention is safer.,0,Not recovered,0.0
2026-09-04T20:36:00,TXN100686,0.096,Customer may not have sufficient funds. Customer notification is preferable to repeated retries.,MESSAGE,Customer action is required before another payment attempt.,0,Not recovered,0.0
2026-09-04T20:36:00,TXN100687,0.591,Temporary bank-side timeout. A controlled retry may recover the payment.,MESSAGE,Recovery probability is moderate; customer intervention is safer.,0,Recovered,4342.97
2026-09-04T20:36:00,TXN100688,0.764,Temporary network issue. A controlled retry is appropriate.,RETRY,Temporary technical failure with a strong recovery probability.,0,Not recovered,0.0
2026-09-04T20:36:00,TXN100689,0.175,Authentication failed. Customer action is required before another attempt.,MESSAGE,Customer action is required before another payment attempt.,0,Not recovered,0.0
2026-09-04T20:36:00,TXN100690,0.53,Temporary UPI/network timeout. A delayed retry may recover the payment.,MESSAGE,Recovery probability is moderate; customer intervention is safer.,0,Recovered,4989.78
2026-09-04T20:36:00,TXN100691,0.634,Temporary network issue. A controlled retry is appropriate.,RETRY,Temporary technical failure with a strong recovery probability.,2,Not recovered,0.0
2026-09-04T20:36:00,TXN100692,0.249,Temporary UPI/network timeout. A delayed retry may recover the payment.,STOP,"Recovery probability is low, so another automated attempt is not justified.",1,Not recovered,0.0
2026-09-04T20:36:00,TXN100693,0.352,Card issuer declined the transaction. Customer may need to use another payment method.,MESSAGE,Recovery probability is moderate; customer intervention is safer.,0,Recovered,3786.91
2026-09-04T20:36:00,TXN100694,0.728,Temporary UPI/network timeout. A delayed retry may recover the payment.,RETRY,Temporary technical failure with a strong recovery probability.,0,Recovered,1898.7
2026-09-04T20:36:00,TXN100695,0.139,Card issuer declined the transaction. Customer may need to use another payment method.,STOP,"Recovery probability is low, so another automated attempt is not justified.",1,Not recovered,0.0
2026-09-04T20:36:00,TXN100696,0.447,Temporary bank-side timeout. A controlled retry may recover the payment.,MESSAGE,Recovery probability is moderate; customer intervention is safer.,0,Recovered,4471.02
2026-09-04T20:36:00,TXN100697,0.277,Temporary UPI/network timeout. A delayed retry may recover the payment.,STOP,"Recovery probability is low, so another automated attempt is not justified.",2,Not recovered,0.0
2026-09-04T20:36:00,TXN100698,0.778,Temporary network issue. A controlled retry is appropriate.,RETRY,Temporary technical failure with a strong recovery probability.,1,Recovered,2483.72
2026-09-04T20:36:00,TXN100699,0.365,Card issuer declined the transaction. Customer may need to use another payment method.,MESSAGE,Recovery probability is moderate; customer intervention is safer.,2,Not recovered,0.0
2026-09-04T20:36:00,TXN100700,0.526,Temporary network issue. A controlled retry is appropriate.,MESSAGE,Recovery probability is moderate; customer intervention is safer.,0,Not recovered,0.0
2026-09-04T20:36:00,TXN100701,0.064,Customer may not have sufficient funds. Customer notification is preferable to repeated retries.,MESSAGE,Customer action is required before another payment attempt.,1,Not recovered,0.0
2026-09-04T20:36:00,TXN100702,0.392,Card issuer declined the transaction. Customer may need to use another payment method.,MESSAGE,Recovery probability is moderate; customer intervention is safer.,0,Recovered,5181.08
2026-09-04T20:36:00,TXN100703,0.747,Temporary UPI/network timeout. A delayed retry may recover the payment.,STOP,Retry limit reached. Further automated attempts are blocked.,3,Not recovered,0.0
2026-09-04T20:36:00,TXN100704,0.304,Card issuer declined the transaction. Customer may need to use another payment method.,STOP,"Recovery probability is low, so another automated attempt is not justified.",1,Not recovered,0.0
2026-09-04T20:36:00,TXN100705,0.632,Temporary network issue. A controlled retry is appropriate.,RETRY,Temporary technical failure with a strong recovery probability.,0,Not recovered,0.0
2026-09-04T20:36:00,TXN100706,0.76,Temporary bank-side timeout. A controlled retry may recover the payment.,RETRY,Temporary technical failure with a strong recovery probability.,0,Recovered,4970.16
2026-09-04T20:36:00,TXN100707,0.723,Card issuer declined the transaction. Customer may need to use another payment method.,RETRY,Temporary technical failure with a strong recovery probability.,0,Not recovered,0.0
2026-09-04T20:36:00,TXN100708,0.364,Temporary UPI/network timeout. A delayed retry may recover the payment.,MESSAGE,Recovery probability is moderate; customer intervention is safer.,1,Recovered,3967.94
2026-09-04T20:36:00,TXN100709,0.526,Customer may not have sufficient funds. Customer notification is preferable to repeated retries.,MESSAGE,Customer action is required before another payment attempt.,0,Not recovered,0.0
2026-09-04T20:36:01,TXN100710,0.037,Authentication failed. Customer action is required before another attempt.,MESSAGE,Customer action is required before another payment attempt.,1,Not recovered,0.0
2026-09-04T20:36:01,TXN100711,0.858,Temporary bank-side timeout. A controlled retry may recover the payment.,RETRY,Temporary technical failure with a strong recovery probability.,0,Recovered,9015.05
2026-09-04T20:36:01,TXN100712,0.124,Customer may not have sufficient funds. Customer notification is preferable to repeated retries.,MESSAGE,Customer action is required before another payment attempt.,1,Not recovered,0.0
2026-09-04T20:36:01,TXN100713,0.622,Card issuer declined the transaction. Customer may need to use another payment method.,RETRY,Temporary technical failure with a strong recovery probability.,2,Not recovered,0.0
2026-09-04T20:36:01,TXN100714,0.755,Temporary network issue. A controlled retry is appropriate.,RETRY,Temporary technical failure with a strong recovery probability.,2,Recovered,5362.6
2026-09-04T20:36:01,TXN100715,0.597,Temporary network issue. A controlled retry is appropriate.,MESSAGE,Recovery probability is moderate; customer intervention is safer.,2,Not recovered,0.0
2026-09-04T20:36:01,TXN100716,0.768,Temporary UPI/network timeout. A delayed retry may recover the payment.,RETRY,Temporary technical failure with a strong recovery probability.,0,Not recovered,0.0
2026-09-04T20:36:01,TXN100717,0.327,Temporary network issue. A controlled retry is appropriate.,STOP,"Recovery probability is low, so another automated attempt is not justified.",0,Not recovered,0.0
2026-09-04T20:36:01,TXN100718,0.491,Temporary bank-side timeout. A controlled retry may recover the payment.,MESSAGE,Recovery probability is moderate; customer intervention is safer.,1,Recovered,2038.72
2026-09-04T20:36:01,TXN100719,0.447,Temporary network issue. A controlled retry is appropriate.,MESSAGE,Recovery probability is moderate; customer intervention is safer.,0,Not recovered,0.0
2026-09-04T20:36:01,TXN100720,0.786,Temporary UPI/network timeout. A delayed retry may recover the payment.,RETRY,Temporary technical failure with a strong recovery probability.,0,Not recovered,0.0
2026-09-04T20:36:01,TXN100721,0.08,Authentication failed. Customer action is required before another attempt.,MESSAGE,Customer action is required before another payment attempt.,0,Not recovered,0.0
2026-09-04T20:36:01,TXN100722,0.286,Card issuer declined the transaction. Customer may need to use another payment method.,STOP,"Recovery probability is low, so another automated attempt is not justified.",0,Not recovered,0.0
2026-09-04T20:36:01,TXN100723,0.292,Card issuer declined the transaction. Customer may need to use another payment method.,STOP,"Recovery probability is low, so another automated attempt is not justified.",0,Not recovered,0.0
2026-09-04T20:36:01,TXN100724,0.627,Temporary network issue. A controlled retry is appropriate.,RETRY,Temporary technical failure with a strong recovery probability.,2,Recovered,8701.78
2026-09-04T20:36:01,TXN100725,0.294,Customer may not have sufficient funds. Customer notification is preferable to repeated retries.,MESSAGE,Customer action is required before another payment attempt.,0,Not recovered,0.0
2026-09-04T20:36:01,TXN100726,0.681,Card issuer declined the transaction. Customer may need to use another payment method.,RETRY,Temporary technical failure with a strong recovery probability.,1,Recovered,2267.77
2026-09-04T20:36:01,TXN100727,0.143,Authentication failed. Customer action is required before another attempt.,MESSAGE,Customer action is required before another payment attempt.,0,Not recovered,0.0
2026-09-04T20:36:01,TXN100728,0.729,Temporary network issue. A controlled retry is appropriate.,RETRY,Temporary technical failure with a strong recovery probability.,1,Recovered,3183.29
2026-09-04T20:36:01,TXN100729,0.673,Temporary UPI/network timeout. A delayed retry may recover the payment.,RETRY,Temporary technical failure with a strong recovery probability.,0,Recovered,2621.27
2026-09-04T20:36:01,TXN100730,0.078,Authentication failed. Customer action is required before another attempt.,MESSAGE,Customer action is required before another payment attempt.,2,Not recovered,0.0
2026-09-04T20:36:01,TXN100731,0.764,Temporary network issue. A controlled retry is appropriate.,RETRY,Temporary technical failure with a strong recovery probability.,2,Not recovered,0.0
2026-09-04T20:36:01,TXN100732,0.118,Authentication failed. Customer action is required before another attempt.,MESSAGE,Customer action is required before another payment attempt.,0,Not recovered,0.0
2026-09-04T20:36:01,TXN100733,0.396,Card issuer declined the transaction. Customer may need to use another payment method.,MESSAGE,Recovery probability is moderate; customer intervention is safer.,2,Not recovered,0.0
2026-09-04T20:36:01,TXN100734,0.292,Temporary UPI/network timeout. A delayed retry may recover the payment.,STOP,Retry limit reached. Further automated attempts are blocked.,3,Not recovered,0.0
2026-09-04T20:36:01,TXN100735,0.462,Temporary network issue. A controlled retry is appropriate.,MESSAGE,Recovery probability is moderate; customer intervention is safer.,2,Not recovered,0.0
2026-09-04T20:36:01,TXN100736,0.721,Temporary bank-side timeout. A controlled retry may recover the payment.,RETRY,Temporary technical failure with a strong recovery probability.,2,Recovered,6007.58
2026-09-04T20:36:01,TXN100737,0.897,Temporary UPI/network timeout. A delayed retry may recover the payment.,RETRY,Temporary technical failure with a strong recovery probability.,0,Recovered,12285.49
2026-09-04T20:36:01,TXN100738,0.29,Temporary bank-side timeout. A controlled retry may recover the payment.,STOP,"Recovery probability is low, so another automated attempt is not justified.",1,Not recovered,0.0
2026-09-04T20:36:01,TXN100739,0.113,Authentication failed. Customer action is required before another attempt.,MESSAGE,Customer action is required before another payment attempt.,0,Not recovered,0.0
2026-09-04T20:36:01,TXN100740,0.102,Customer may not have sufficient funds. Customer notification is preferable to repeated retries.,MESSAGE,Customer action is required before another payment attempt.,0,Not recovered,0.0
2026-09-04T20:36:01,TXN100741,0.308,Temporary UPI/network timeout. A delayed retry may recover the payment.,STOP,Retry limit reached. Further automated attempts are blocked.,3,Not recovered,0.0
2026-09-04T20:36:01,TXN100742,0.652,Authentication failed. Customer action is required before another attempt.,MESSAGE,Customer action is required before another payment attempt.,0,Not recovered,0.0
2026-09-04T20:36:01,TXN100743,0.633,Temporary bank-side timeout. A controlled retry may recover the payment.,RETRY,Temporary technical failure with a strong recovery probability.,1,Recovered,7639.76
2026-09-04T20:36:01,TXN100744,0.212,Card issuer declined the transaction. Customer may need to use another payment method.,STOP,"Recovery probability is low, so another automated attempt is not justified.",2,Not recovered,0.0
2026-09-04T20:36:01,TXN100745,0.213,Card issuer declined the transaction. Customer may need to use another payment method.,STOP,"Recovery probability is low, so another automated attempt is not justified.",2,Not recovered,0.0
2026-09-04T20:36:01,TXN100746,0.077,Customer may not have sufficient funds. Customer notification is preferable to repeated retries.,STOP,Retry limit reached. Further automated attempts are blocked.,3,Not recovered,0.0
2026-09-04T20:36:01,TXN100747,0.795,Temporary UPI/network timeout. A delayed retry may recover the payment.,RETRY,Temporary technical failure with a strong recovery probability.,0,Recovered,8244.13
2026-09-04T20:36:01,TXN100748,0.314,Temporary UPI/network timeout. A delayed retry may recover the payment.,STOP,"Recovery probability is low, so another automated attempt is not justified.",0,Not recovered,0.0
2026-09-04T20:36:01,TXN100749,0.616,Temporary UPI/network timeout. A delayed retry may recover the payment.,RETRY,Temporary technical failure with a strong recovery probability.,0,Recovered,9438.35
2026-09-04T20:36:01,TXN100750,0.178,Authentication failed. Customer action is required before another attempt.,MESSAGE,Customer action is required before another payment attempt.,0,Recovered,1929.21
2026-09-04T20:36:01,TXN100751,0.189,Customer may not have sufficient funds. Customer notification is preferable to repeated retries.,MESSAGE,Customer action is required before another payment attempt.,0,Not recovered,0.0
2026-09-04T20:36:01,TXN100752,0.264,Temporary UPI/network timeout. A delayed retry may recover the payment.,STOP,"Recovery probability is low, so another automated attempt is not justified.",0,Not recovered,0.0
2026-09-04T20:36:01,TXN100753,0.049,Authentication failed. Customer action is required before another attempt.,MESSAGE,Customer action is required before another payment attempt.,2,Not recovered,0.0
2026-09-04T20:36:01,TXN100754,0.387,Card issuer declined the transaction. Customer may need to use another payment method.,MESSAGE,Recovery probability is moderate; customer intervention is safer.,1,Recovered,2260.37
2026-09-04T20:36:01,TXN100755,0.878,Temporary bank-side timeout. A controlled retry may recover the payment.,RETRY,Temporary technical failure with a strong recovery probability.,0,Not recovered,0.0
2026-09-04T20:36:01,TXN100756,0.095,Authentication failed. Customer action is required before another attempt.,MESSAGE,Customer action is required before another payment attempt.,1,Not recovered,0.0
2026-09-04T20:36:01,TXN100757,0.352,Card issuer declined the transaction. Customer may need to use another payment method.,MESSAGE,Recovery probability is moderate; customer intervention is safer.,0,Not recovered,0.0
2026-09-04T20:36:01,TXN100758,0.278,Card issuer declined the transaction. Customer may need to use another payment method.,STOP,"Recovery probability is low, so another automated attempt is not justified.",0,Not recovered,0.0
2026-09-04T20:36:01,TXN100759,0.707,Temporary bank-side timeout. A controlled retry may recover the payment.,RETRY,Temporary technical failure with a strong recovery probability.,2,Not recovered,0.0
2026-09-04T20:36:01,TXN100760,0.709,Card issuer declined the transaction. Customer may need to use another payment method.,RETRY,Temporary technical failure with a strong recovery probability.,1,Recovered,2443.94
2026-09-04T20:36:01,TXN100761,0.185,Customer may not have sufficient funds. Customer notification is preferable to repeated retries.,MESSAGE,Customer action is required before another payment attempt.,2,Not recovered,0.0
2026-09-04T20:36:01,TXN100762,0.7,Temporary bank-side timeout. A controlled retry may recover the payment.,RETRY,Temporary technical failure with a strong recovery probability.,0,Recovered,3876.89
2026-09-04T20:36:01,TXN100763,0.219,Card issuer declined the transaction. Customer may need to use another payment method.,STOP,"Recovery probability is low, so another automated attempt is not justified.",2,Not recovered,0.0
2026-09-04T20:36:01,TXN100764,0.547,Temporary network issue. A controlled retry is appropriate.,MESSAGE,Recovery probability is moderate; customer intervention is safer.,1,Recovered,695.31
2026-09-04T20:36:01,TXN100765,0.646,Authentication failed. Customer action is required before another attempt.,MESSAGE,Customer action is required before another payment attempt.,1,Not recovered,0.0
2026-09-04T20:36:01,TXN100766,0.22,Card issuer declined the transaction. Customer may need to use another payment method.,STOP,"Recovery probability is low, so another automated attempt is not justified.",1,Not recovered,0.0
2026-09-04T20:36:01,TXN100767,0.049,Customer may not have sufficient funds. Customer notification is preferable to repeated retries.,MESSAGE,Customer action is required before another payment attempt.,2,Not recovered,0.0
2026-09-04T20:36:02,TXN100768,0.332,Temporary UPI/network timeout. A delayed retry may recover the payment.,STOP,"Recovery probability is low, so another automated attempt is not justified.",1,Not recovered,0.0
2026-09-04T20:36:02,TXN100769,0.166,Card issuer declined the transaction. Customer may need to use another payment method.,STOP,"Recovery probability is low, so another automated attempt is not justified.",1,Not recovered,0.0
2026-09-04T20:36:02,TXN100770,0.253,Temporary UPI/network timeout. A delayed retry may recover the payment.,STOP,Retry limit reached. Further automated attempts are blocked.,3,Not recovered,0.0
2026-09-04T20:36:02,TXN100771,0.33,Temporary network issue. A controlled retry is appropriate.,STOP,"Recovery probability is low, so another automated attempt is not justified.",2,Not recovered,0.0
2026-09-04T20:36:02,TXN100772,0.199,Card issuer declined the transaction. Customer may need to use another payment method.,STOP,"Recovery probability is low, so another automated attempt is not justified.",0,Not recovered,0.0
2026-09-04T20:36:02,TXN100773,0.803,Temporary bank-side timeout. A controlled retry may recover the payment.,RETRY,Temporary technical failure with a strong recovery probability.,1,Recovered,6079.25
2026-09-04T20:36:02,TXN100774,0.601,Temporary UPI/network timeout. A delayed retry may recover the payment.,RETRY,Temporary technical failure with a strong recovery probability.,0,Not recovered,0.0
2026-09-04T20:36:02,TXN100775,0.367,Temporary network issue. A controlled retry is appropriate.,MESSAGE,Recovery probability is moderate; customer intervention is safer.,0,Recovered,2417.93
2026-09-04T20:36:02,TXN100776,0.449,Temporary bank-side timeout. A controlled retry may recover the payment.,MESSAGE,Recovery probability is moderate; customer intervention is safer.,1,Recovered,3592.15
2026-09-04T20:36:02,TXN100777,0.299,Temporary bank-side timeout. A controlled retry may recover the payment.,STOP,"Recovery probability is low, so another automated attempt is not justified.",2,Not recovered,0.0
2026-09-04T20:36:02,TXN100778,0.206,Temporary bank-side timeout. A controlled retry may recover the payment.,STOP,"Recovery probability is low, so another automated attempt is not justified.",2,Not recovered,0.0
2026-09-04T20:36:02,TXN100779,0.778,Temporary bank-side timeout. A controlled retry may recover the payment.,RETRY,Temporary technical failure with a strong recovery probability.,0,Not recovered,0.0
2026-09-04T20:36:02,TXN100780,0.275,Card issuer declined the transaction. Customer may need to use another payment method.,STOP,"Recovery probability is low, so another automated attempt is not justified.",1,Not recovered,0.0
2026-09-04T20:36:02,TXN100781,0.117,Authentication failed. Customer action is required before another attempt.,MESSAGE,Customer action is required before another payment attempt.,0,Not recovered,0.0
2026-09-04T20:36:02,TXN100782,0.119,Card issuer declined the transaction. Customer may need to use another payment method.,STOP,Retry limit reached. Further automated attempts are blocked.,3,Not recovered,0.0
2026-09-04T20:36:02,TXN100783,0.175,Card issuer declined the transaction. Customer may need to use another payment method.,STOP,Retry limit reached. Further automated attempts are blocked.,3,Not recovered,0.0
2026-09-04T20:36:02,TXN100784,0.431,Temporary network issue. A controlled retry is appropriate.,MESSAGE,Recovery probability is moderate; customer intervention is safer.,1,Recovered,2886.83
2026-09-04T20:36:02,TXN100785,0.663,Temporary network issue. A controlled retry is appropriate.,RETRY,Temporary technical failure with a strong recovery probability.,2,Not recovered,0.0
2026-09-04T20:36:02,TXN100786,0.203,Authentication failed. Customer action is required before another attempt.,MESSAGE,Customer action is required before another payment attempt.,1,Not recovered,0.0
2026-09-04T20:36:02,TXN100787,0.831,Temporary network issue. A controlled retry is appropriate.,RETRY,Temporary technical failure with a strong recovery probability.,1,Recovered,6132.0
2026-09-04T20:36:02,TXN100788,0.336,Customer may not have sufficient funds. Customer notification is preferable to repeated retries.,MESSAGE,Customer action is required before another payment attempt.,0,Not recovered,0.0
2026-09-04T20:36:02,TXN100789,0.228,Authentication failed. Customer action is required before another attempt.,MESSAGE,Customer action is required before another payment attempt.,1,Not recovered,0.0
2026-09-04T20:36:02,TXN100790,0.727,Temporary network issue. A controlled retry is appropriate.,RETRY,Temporary technical failure with a strong recovery probability.,1,Recovered,2468.75
2026-09-04T20:36:02,TXN100791,0.567,Authentication failed. Customer action is required before another attempt.,MESSAGE,Customer action is required before another payment attempt.,1,Not recovered,0.0
2026-09-04T20:36:02,TXN100792,0.278,Card issuer declined the transaction. Customer may need to use another payment method.,STOP,"Recovery probability is low, so another automated attempt is not justified.",0,Not recovered,0.0
2026-09-04T20:36:02,TXN100793,0.114,Card issuer declined the transaction. Customer may need to use another payment method.,STOP,Retry limit reached. Further automated attempts are blocked.,3,Not recovered,0.0
2026-09-04T20:36:02,TXN100794,0.185,Authentication failed. Customer action is required before another attempt.,MESSAGE,Customer action is required before another payment attempt.,0,Recovered,467.05
2026-09-04T20:36:02,TXN100795,0.145,Customer may not have sufficient funds. Customer notification is preferable to repeated retries.,MESSAGE,Customer action is required before another payment attempt.,1,Not recovered,0.0
2026-09-04T20:36:02,TXN100796,0.224,Customer may not have sufficient funds. Customer notification is preferable to repeated retries.,MESSAGE,Customer action is required before another payment attempt.,1,Not recovered,0.0
2026-09-04T20:36:02,TXN100797,0.636,Authentication failed. Customer action is required before another attempt.,MESSAGE,Customer action is required before another payment attempt.,1,Not recovered,0.0
2026-09-04T20:36:02,TXN100798,0.514,Temporary network issue. A controlled retry is appropriate.,MESSAGE,Recovery probability is moderate; customer intervention is safer.,1,Not recovered,0.0
2026-09-04T20:36:02,TXN100799,0.743,Temporary UPI/network timeout. A delayed retry may recover the payment.,RETRY,Temporary technical failure with a strong recovery probability.,0,Not recovered,0.0
2026-09-04T20:36:02,TXN100800,0.102,Customer may not have sufficient funds. Customer notification is preferable to repeated retries.,MESSAGE,Customer action is required before another payment attempt.,0,Not recovered,0.0
2026-09-04T20:36:02,TXN100801,0.601,Temporary bank-side timeout. A controlled retry may recover the payment.,RETRY,Temporary technical failure with a strong recovery probability.,1,Recovered,2456.73
2026-09-04T20:36:02,TXN100802,0.483,Card issuer declined the transaction. Customer may need to use another payment method.,MESSAGE,Recovery probability is moderate; customer intervention is safer.,1,Not recovered,0.0
2026-09-04T20:36:02,TXN100803,0.109,Authentication failed. Customer action is required before another attempt.,MESSAGE,Customer action is required before another payment attempt.,0,Not recovered,0.0
2026-09-04T20:36:02,TXN100804,0.721,Temporary bank-side timeout. A controlled retry may recover the payment.,RETRY,Temporary technical failure with a strong recovery probability.,1,Recovered,6476.56
2026-09-04T20:36:02,TXN100805,0.114,Authentication failed. Customer action is required before another attempt.,MESSAGE,Customer action is required before another payment attempt.,1,Not recovered,0.0
2026-09-04T20:36:02,TXN100806,0.153,Card issuer declined the transaction. Customer may need to use another payment method.,STOP,"Recovery probability is low, so another automated attempt is not justified.",1,Not recovered,0.0
2026-09-04T20:36:02,TXN100807,0.536,Card issuer declined the transaction. Customer may need to use another payment method.,MESSAGE,Recovery probability is moderate; customer intervention is safer.,2,Not recovered,0.0
2026-09-04T20:36:02,TXN100808,0.141,Customer may not have sufficient funds. Customer notification is preferable to repeated retries.,MESSAGE,Customer action is required before another payment attempt.,0,Not recovered,0.0
2026-09-04T20:36:02,TXN100809,0.265,Customer may not have sufficient funds. Customer notification is preferable to repeated retries.,MESSAGE,Customer action is required before another payment attempt.,0,Recovered,1875.04
2026-09-04T20:36:02,TXN100810,0.111,Temporary bank-side timeout. A controlled retry may recover the payment.,STOP,"Recovery probability is low, so another automated attempt is not justified.",2,Not recovered,0.0
2026-09-04T20:36:02,TXN100811,0.088,Authentication failed. Customer action is required before another attempt.,MESSAGE,Customer action is required before another payment attempt.,1,Not recovered,0.0
2026-09-04T20:36:02,TXN100812,0.379,Card issuer declined the transaction. Customer may need to use another payment method.,MESSAGE,Recovery probability is moderate; customer intervention is safer.,1,Recovered,2044.13
2026-09-04T20:36:02,TXN100813,0.713,Temporary bank-side timeout. A controlled retry may recover the payment.,RETRY,Temporary technical failure with a strong recovery probability.,2,Not recovered,0.0
2026-09-04T20:36:02,TXN100814,0.676,Temporary UPI/network timeout. A delayed retry may recover the payment.,RETRY,Temporary technical failure with a strong recovery probability.,2,Not recovered,0.0
2026-09-04T20:36:02,TXN100815,0.225,Temporary bank-side timeout. A controlled retry may recover the payment.,STOP,Retry limit reached. Further automated attempts are blocked.,3,Not recovered,0.0
2026-09-04T20:36:02,TXN100816,0.288,Temporary network issue. A controlled retry is appropriate.,STOP,"Recovery probability is low, so another automated attempt is not justified.",1,Not recovered,0.0
2026-09-04T20:36:02,TXN100817,0.772,Temporary bank-side timeout. A controlled retry may recover the payment.,RETRY,Temporary technical failure with a strong recovery probability.,1,Recovered,6104.64
2026-09-04T20:36:02,TXN100818,0.77,Temporary network issue. A controlled retry is appropriate.,RETRY,Temporary technical failure with a strong recovery probability.,0,Recovered,1009.53
2026-09-04T20:36:02,TXN100819,0.506,Temporary network issue. A controlled retry is appropriate.,MESSAGE,Recovery probability is moderate; customer intervention is safer.,0,Recovered,5160.25
2026-09-04T20:36:02,TXN100820,0.448,Temporary network issue. A controlled retry is appropriate.,MESSAGE,Recovery probability is moderate; customer intervention is safer.,1,Not recovered,0.0
2026-09-04T20:36:02,TXN100821,0.231,Temporary UPI/network timeout. A delayed retry may recover the payment.,STOP,"Recovery probability is low, so another automated attempt is not justified.",0,Not recovered,0.0
2026-09-04T20:36:02,TXN100822,0.776,Temporary bank-side timeout. A controlled retry may recover the payment.,RETRY,Temporary technical failure with a strong recovery probability.,2,Recovered,5135.12
2026-09-04T20:36:02,TXN100823,0.691,Temporary bank-side timeout. A controlled retry may recover the payment.,RETRY,Temporary technical failure with a strong recovery probability.,1,Recovered,6092.29
2026-09-04T20:36:02,TXN100824,0.593,Temporary UPI/network timeout. A delayed retry may recover the payment.,MESSAGE,Recovery probability is moderate; customer intervention is safer.,1,Not recovered,0.0
2026-09-04T20:36:02,TXN100825,0.553,Card issuer declined the transaction. Customer may need to use another payment method.,MESSAGE,Recovery probability is moderate; customer intervention is safer.,0,Not recovered,0.0
2026-09-04T20:36:02,TXN100826,0.127,Customer may not have sufficient funds. Customer notification is preferable to repeated retries.,MESSAGE,Customer action is required before another payment attempt.,0,Not recovered,0.0
2026-09-04T20:36:02,TXN100827,0.858,Temporary bank-side timeout. A controlled retry may recover the payment.,RETRY,Temporary technical failure with a strong recovery probability.,0,Recovered,5334.25
2026-09-04T20:36:02,TXN100828,0.114,Customer may not have sufficient funds. Customer notification is preferable to repeated retries.,MESSAGE,Customer action is required before another payment attempt.,0,Not recovered,0.0
2026-09-04T20:36:02,TXN100829,0.052,Authentication failed. Customer action is required before another attempt.,MESSAGE,Customer action is required before another payment attempt.,0,Not recovered,0.0
2026-09-04T20:36:02,TXN100830,0.067,Authentication failed. Customer action is required before another attempt.,MESSAGE,Customer action is required before another payment attempt.,1,Not recovered,0.0
2026-09-04T20:36:02,TXN100831,0.626,Temporary UPI/network timeout. A delayed retry may recover the payment.,RETRY,Temporary technical failure with a strong recovery probability.,2,Recovered,6895.56
2026-09-04T20:36:02,TXN100832,0.137,Authentication failed. Customer action is required before another attempt.,MESSAGE,Customer action is required before another payment attempt.,2,Not recovered,0.0
2026-09-04T20:36:02,TXN100833,0.699,Authentication failed. Customer action is required before another attempt.,MESSAGE,Customer action is required before another payment attempt.,1,Recovered,2809.7
2026-09-04T20:36:02,TXN100834,0.24,Card issuer declined the transaction. Customer may need to use another payment method.,STOP,"Recovery probability is low, so another automated attempt is not justified.",0,Not recovered,0.0
2026-09-04T20:36:02,TXN100835,0.598,Card issuer declined the transaction. Customer may need to use another payment method.,MESSAGE,Recovery probability is moderate; customer intervention is safer.,2,Not recovered,0.0
2026-09-04T20:36:02,TXN100836,0.249,Card issuer declined the transaction. Customer may need to use another payment method.,STOP,"Recovery probability is low, so another automated attempt is not justified.",2,Not recovered,0.0
2026-09-04T20:36:02,TXN100837,0.114,Authentication failed. Customer action is required before another attempt.,MESSAGE,Customer action is required before another payment attempt.,0,Not recovered,0.0
2026-09-04T20:36:02,TXN100838,0.744,Temporary UPI/network timeout. A delayed retry may recover the payment.,RETRY,Temporary technical failure with a strong recovery probability.,1,Recovered,8792.29
2026-09-04T20:36:02,TXN100839,0.402,Temporary network issue. A controlled retry is appropriate.,MESSAGE,Recovery probability is moderate; customer intervention is safer.,0,Not recovered,0.0
2026-09-04T20:36:03,TXN100840,0.378,Temporary network issue. A controlled retry is appropriate.,MESSAGE,Recovery probability is moderate; customer intervention is safer.,2,Recovered,392.81
2026-09-04T20:36:03,TXN100841,0.048,Customer may not have sufficient funds. Customer notification is preferable to repeated retries.,STOP,Retry limit reached. Further automated attempts are blocked.,3,Not recovered,0.0
2026-09-04T20:36:03,TXN100842,0.845,Temporary network issue. A controlled retry is appropriate.,RETRY,Temporary technical failure with a strong recovery probability.,0,Recovered,2834.11
2026-09-04T20:36:03,TXN100843,0.319,Temporary network issue. A controlled retry is appropriate.,STOP,"Recovery probability is low, so another automated attempt is not justified.",2,Not recovered,0.0
2026-09-04T20:36:03,TXN100844,0.207,Card issuer declined the transaction. Customer may need to use another payment method.,STOP,"Recovery probability is low, so another automated attempt is not justified.",1,Not recovered,0.0
2026-09-04T20:36:03,TXN100845,0.131,Card issuer declined the transaction. Customer may need to use another payment method.,STOP,Retry limit reached. Further automated attempts are blocked.,3,Not recovered,0.0
2026-09-04T20:36:03,TXN100846,0.039,Authentication failed. Customer action is required before another attempt.,MESSAGE,Customer action is required before another payment attempt.,1,Not recovered,0.0
2026-09-04T20:36:03,TXN100847,0.71,Customer may not have sufficient funds. Customer notification is preferable to repeated retries.,MESSAGE,Customer action is required before another payment attempt.,2,Not recovered,0.0
2026-09-04T20:36:03,TXN100848,0.631,Temporary bank-side timeout. A controlled retry may recover the payment.,RETRY,Temporary technical failure with a strong recovery probability.,0,Recovered,7631.99
2026-09-04T20:36:03,TXN100849,0.214,Customer may not have sufficient funds. Customer notification is preferable to repeated retries.,MESSAGE,Customer action is required before another payment attempt.,0,Not recovered,0.0
2026-09-04T20:36:03,TXN100850,0.249,Customer may not have sufficient funds. Customer notification is preferable to repeated retries.,MESSAGE,Customer action is required before another payment attempt.,0,Recovered,1191.8
2026-09-04T20:36:03,TXN100851,0.303,Temporary UPI/network timeout. A delayed retry may recover the payment.,STOP,Retry limit reached. Further automated attempts are blocked.,3,Not recovered,0.0
2026-09-04T20:36:03,TXN100852,0.089,Authentication failed. Customer action is required before another attempt.,MESSAGE,Customer action is required before another payment attempt.,2,Not recovered,0.0
2026-09-04T20:36:03,TXN100853,0.392,Temporary UPI/network timeout. A delayed retry may recover the payment.,MESSAGE,Recovery probability is moderate; customer intervention is safer.,2,Not recovered,0.0
2026-09-04T20:36:03,TXN100854,0.078,Customer may not have sufficient funds. Customer notification is preferable to repeated retries.,STOP,Retry limit reached. Further automated attempts are blocked.,3,Not recovered,0.0
2026-09-04T20:36:03,TXN100855,0.199,Customer may not have sufficient funds. Customer notification is preferable to repeated retries.,MESSAGE,Customer action is required before another payment attempt.,0,Not recovered,0.0
2026-09-04T20:36:03,TXN100856,0.296,Customer may not have sufficient funds. Customer notification is preferable to repeated retries.,MESSAGE,Customer action is required before another payment attempt.,0,Recovered,739.97
2026-09-04T20:36:03,TXN100857,0.698,Temporary network issue. A controlled retry is appropriate.,RETRY,Temporary technical failure with a strong recovery probability.,0,Recovered,7186.06
2026-09-04T20:36:03,TXN100858,0.864,Temporary UPI/network timeout. A delayed retry may recover the payment.,RETRY,Temporary technical failure with a strong recovery probability.,0,Recovered,8559.21
2026-09-04T20:36:03,TXN100859,0.659,Customer may not have sufficient funds. Customer notification is preferable to repeated retries.,MESSAGE,Customer action is required before another payment attempt.,0,Recovered,1171.55
2026-09-04T20:36:03,TXN100860,0.158,Card issuer declined the transaction. Customer may need to use another payment method.,STOP,"Recovery probability is low, so another automated attempt is not justified.",1,Not recovered,0.0
2026-09-04T20:36:03,TXN100861,0.141,Authentication failed. Customer action is required before another attempt.,MESSAGE,Customer action is required before another payment attempt.,0,Not recovered,0.0
2026-09-04T20:36:03,TXN100862,0.056,Authentication failed. Customer action is required before another attempt.,MESSAGE,Customer action is required before another payment attempt.,0,Not recovered,0.0
2026-09-04T20:36:03,TXN100863,0.603,Card issuer declined the transaction. Customer may need to use another payment method.,RETRY,Temporary technical failure with a strong recovery probability.,0,Recovered,6722.73
2026-09-04T20:36:03,TXN100864,0.137,Authentication failed. Customer action is required before another attempt.,MESSAGE,Customer action is required before another payment attempt.,0,Not recovered,0.0
2026-09-04T20:36:03,TXN100865,0.273,Temporary network issue. A controlled retry is appropriate.,STOP,Retry limit reached. Further automated attempts are blocked.,3,Not recovered,0.0
2026-09-04T20:36:03,TXN100866,0.323,Temporary network issue. A controlled retry is appropriate.,STOP,"Recovery probability is low, so another automated attempt is not justified.",2,Not recovered,0.0
2026-09-04T20:36:03,TXN100867,0.467,Temporary bank-side timeout. A controlled retry may recover the payment.,STOP,Retry limit reached. Further automated attempts are blocked.,3,Not recovered,0.0
2026-09-04T20:36:03,TXN100868,0.263,Temporary bank-side timeout. A controlled retry may recover the payment.,STOP,"Recovery probability is low, so another automated attempt is not justified.",0,Not recovered,0.0
2026-09-04T20:36:03,TXN100869,0.577,Temporary bank-side timeout. A controlled retry may recover the payment.,MESSAGE,Recovery probability is moderate; customer intervention is safer.,0,Not recovered,0.0
2026-09-04T20:36:03,TXN100870,0.067,Authentication failed. Customer action is required before another attempt.,MESSAGE,Customer action is required before another payment attempt.,2,Not recovered,0.0
2026-09-04T20:36:03,TXN100871,0.561,Temporary network issue. A controlled retry is appropriate.,MESSAGE,Recovery probability is moderate; customer intervention is safer.,0,Recovered,4206.29
2026-09-04T20:36:03,TXN100872,0.343,Temporary network issue. A controlled retry is appropriate.,STOP,"Recovery probability is low, so another automated attempt is not justified.",0,Not recovered,0.0
2026-09-04T20:36:03,TXN100873,0.775,Temporary network issue. A controlled retry is appropriate.,RETRY,Temporary technical failure with a strong recovery probability.,0,Recovered,6248.67
2026-09-04T20:36:03,TXN100874,0.604,Card issuer declined the transaction. Customer may need to use another payment method.,RETRY,Temporary technical failure with a strong recovery probability.,0,Recovered,574.74
2026-09-04T20:36:03,TXN100875,0.802,Temporary network issue. A controlled retry is appropriate.,RETRY,Temporary technical failure with a strong recovery probability.,0,Recovered,2510.21
2026-09-04T20:36:03,TXN100876,0.281,Card issuer declined the transaction. Customer may need to use another payment method.,STOP,"Recovery probability is low, so another automated attempt is not justified.",0,Not recovered,0.0
2026-09-04T20:36:03,TXN100877,0.816,Temporary bank-side timeout. A controlled retry may recover the payment.,RETRY,Temporary technical failure with a strong recovery probability.,1,Recovered,9951.73
2026-09-04T20:36:03,TXN100878,0.61,Temporary bank-side timeout. A controlled retry may recover the payment.,RETRY,Temporary technical failure with a strong recovery probability.,0,Recovered,600.05
2026-09-04T20:36:03,TXN100879,0.526,Authentication failed. Customer action is required before another attempt.,MESSAGE,Customer action is required before another payment attempt.,0,Not recovered,0.0
2026-09-04T20:36:03,TXN100880,0.279,Temporary bank-side timeout. A controlled retry may recover the payment.,STOP,"Recovery probability is low, so another automated attempt is not justified.",2,Not recovered,0.0
2026-09-04T20:36:03,TXN100881,0.077,Authentication failed. Customer action is required before another attempt.,MESSAGE,Customer action is required before another payment attempt.,0,Not recovered,0.0
2026-09-04T20:36:03,TXN100882,0.216,Customer may not have sufficient funds. Customer notification is preferable to repeated retries.,MESSAGE,Customer action is required before another payment attempt.,0,Recovered,490.74
2026-09-04T20:36:03,TXN100883,0.202,Customer may not have sufficient funds. Customer notification is preferable to repeated retries.,MESSAGE,Customer action is required before another payment attempt.,2,Not recovered,0.0
2026-09-04T20:36:03,TXN100884,0.287,Temporary UPI/network timeout. A delayed retry may recover the payment.,STOP,"Recovery probability is low, so another automated attempt is not justified.",0,Not recovered,0.0
2026-09-04T20:36:03,TXN100885,0.342,Authentication failed. Customer action is required before another attempt.,MESSAGE,Customer action is required before another payment attempt.,0,Not recovered,0.0
2026-09-04T20:36:03,TXN100886,0.705,Temporary UPI/network timeout. A delayed retry may recover the payment.,RETRY,Temporary technical failure with a strong recovery probability.,1,Not recovered,0.0
2026-09-04T20:36:03,TXN100887,0.356,Temporary UPI/network timeout. A delayed retry may recover the payment.,MESSAGE,Recovery probability is moderate; customer intervention is safer.,0,Recovered,3724.34
2026-09-04T20:36:03,TXN100888,0.215,Customer may not have sufficient funds. Customer notification is preferable to repeated retries.,MESSAGE,Customer action is required before another payment attempt.,1,Recovered,1670.83
2026-09-04T20:36:03,TXN100889,0.07,Authentication failed. Customer action is required before another attempt.,MESSAGE,Customer action is required before another payment attempt.,2,Not recovered,0.0
2026-09-04T20:36:03,TXN100890,0.331,Customer may not have sufficient funds. Customer notification is preferable to repeated retries.,MESSAGE,Customer action is required before another payment attempt.,0,Not recovered,0.0
2026-09-04T20:36:03,TXN100891,0.243,Temporary UPI/network timeout. A delayed retry may recover the payment.,STOP,"Recovery probability is low, so another automated attempt is not justified.",1,Not recovered,0.0
2026-09-04T20:36:03,TXN100892,0.733,Authentication failed. Customer action is required before another attempt.,MESSAGE,Customer action is required before another payment attempt.,1,Not recovered,0.0
2026-09-04T20:36:03,TXN100893,0.594,Temporary UPI/network timeout. A delayed retry may recover the payment.,MESSAGE,Recovery probability is moderate; customer intervention is safer.,0,Not recovered,0.0
2026-09-04T20:36:03,TXN100894,0.664,Temporary network issue. A controlled retry is appropriate.,RETRY,Temporary technical failure with a strong recovery probability.,1,Not recovered,0.0
2026-09-04T20:36:03,TXN100895,0.316,Authentication failed. Customer action is required before another attempt.,MESSAGE,Customer action is required before another payment attempt.,0,Recovered,3232.97
2026-09-04T20:36:03,TXN100896,0.119,Authentication failed. Customer action is required before another attempt.,MESSAGE,Customer action is required before another payment attempt.,1,Not recovered,0.0
2026-09-04T20:36:03,TXN100897,0.281,Temporary UPI/network timeout. A delayed retry may recover the payment.,STOP,"Recovery probability is low, so another automated attempt is not justified.",0,Not recovered,0.0
2026-09-04T20:36:03,TXN100898,0.824,Temporary network issue. A controlled retry is appropriate.,RETRY,Temporary technical failure with a strong recovery probability.,1,Recovered,391.44
2026-09-04T20:36:03,TXN100899,0.667,Card issuer declined the transaction. Customer may need to use another payment method.,RETRY,Temporary technical failure with a strong recovery probability.,0,Recovered,1464.61
2026-09-04T20:36:03,TXN100900,0.041,Customer may not have sufficient funds. Customer notification is preferable to repeated retries.,MESSAGE,Customer action is required before another payment attempt.,2,Not recovered,0.0
2026-09-04T20:36:03,TXN100901,0.391,Temporary UPI/network timeout. A delayed retry may recover the payment.,MESSAGE,Recovery probability is moderate; customer intervention is safer.,0,Recovered,591.7
2026-09-04T20:36:03,TXN100902,0.208,Authentication failed. Customer action is required before another attempt.,MESSAGE,Customer action is required before another payment attempt.,0,Not recovered,0.0
2026-09-04T20:36:03,TXN100903,0.161,Customer may not have sufficient funds. Customer notification is preferable to repeated retries.,MESSAGE,Customer action is required before another payment attempt.,1,Not recovered,0.0
2026-09-04T20:36:03,TXN100904,0.305,Customer may not have sufficient funds. Customer notification is preferable to repeated retries.,MESSAGE,Customer action is required before another payment attempt.,1,Not recovered,0.0
2026-09-04T20:36:03,TXN100905,0.11,Customer may not have sufficient funds. Customer notification is preferable to repeated retries.,MESSAGE,Customer action is required before another payment attempt.,1,Not recovered,0.0
2026-09-04T20:36:03,TXN100906,0.388,Card issuer declined the transaction. Customer may need to use another payment method.,MESSAGE,Recovery probability is moderate; customer intervention is safer.,1,Not recovered,0.0
2026-09-04T20:36:03,TXN100907,0.711,Temporary bank-side timeout. A controlled retry may recover the payment.,RETRY,Temporary technical failure with a strong recovery probability.,2,Recovered,5258.24
2026-09-04T20:36:03,TXN100908,0.682,Temporary UPI/network timeout. A delayed retry may recover the payment.,RETRY,Temporary technical failure with a strong recovery probability.,2,Recovered,4038.73
2026-09-04T20:36:03,TXN100909,0.459,Temporary bank-side timeout. A controlled retry may recover the payment.,MESSAGE,Recovery probability is moderate; customer intervention is safer.,0,Recovered,5818.83
2026-09-04T20:36:03,TXN100910,0.826,Temporary bank-side timeout. A controlled retry may recover the payment.,RETRY,Temporary technical failure with a strong recovery probability.,1,Recovered,8935.96
2026-09-04T20:36:03,TXN100911,0.294,Temporary bank-side timeout. A controlled retry may recover the payment.,STOP,"Recovery probability is low, so another automated attempt is not justified.",2,Not recovered,0.0
2026-09-04T20:36:03,TXN100912,0.056,Customer may not have sufficient funds. Customer notification is preferable to repeated retries.,STOP,Retry limit reached. Further automated attempts are blocked.,3,Not recovered,0.0
2026-09-04T20:36:04,TXN100913,0.455,Temporary network issue. A controlled retry is appropriate.,MESSAGE,Recovery probability is moderate; customer intervention is safer.,2,Not recovered,0.0
2026-09-04T20:36:04,TXN100914,0.204,Customer may not have sufficient funds. Customer notification is preferable to repeated retries.,MESSAGE,Customer action is required before another payment attempt.,0,Not recovered,0.0
2026-09-04T20:36:04,TXN100915,0.366,Customer may not have sufficient funds. Customer notification is preferable to repeated retries.,MESSAGE,Customer action is required before another payment attempt.,0,Not recovered,0.0
2026-09-04T20:36:04,TXN100916,0.628,Authentication failed. Customer action is required before another attempt.,MESSAGE,Customer action is required before another payment attempt.,1,Not recovered,0.0
2026-09-04T20:36:04,TXN100917,0.636,Authentication failed. Customer action is required before another attempt.,MESSAGE,Customer action is required before another payment attempt.,1,Not recovered,0.0
2026-09-04T20:36:04,TXN100918,0.833,Temporary bank-side timeout. A controlled retry may recover the payment.,RETRY,Temporary technical failure with a strong recovery probability.,1,Not recovered,0.0
2026-09-04T20:36:04,TXN100919,0.12,Customer may not have sufficient funds. Customer notification is preferable to repeated retries.,MESSAGE,Customer action is required before another payment attempt.,1,Not recovered,0.0
2026-09-04T20:36:04,TXN100920,0.733,Temporary bank-side timeout. A controlled retry may recover the payment.,RETRY,Temporary technical failure with a strong recovery probability.,2,Not recovered,0.0
2026-09-04T20:36:04,TXN100921,0.091,Authentication failed. Customer action is required before another attempt.,MESSAGE,Customer action is required before another payment attempt.,0,Not recovered,0.0
2026-09-04T20:36:04,TXN100922,0.691,Temporary network issue. A controlled retry is appropriate.,RETRY,Temporary technical failure with a strong recovery probability.,2,Not recovered,0.0
2026-09-04T20:36:04,TXN100923,0.23,Temporary UPI/network timeout. A delayed retry may recover the payment.,STOP,"Recovery probability is low, so another automated attempt is not justified.",0,Not recovered,0.0
2026-09-04T20:36:04,TXN100924,0.903,Temporary bank-side timeout. A controlled retry may recover the payment.,RETRY,Temporary technical failure with a strong recovery probability.,0,Recovered,6492.59
2026-09-04T20:36:04,TXN100925,0.816,Temporary network issue. A controlled retry is appropriate.,RETRY,Temporary technical failure with a strong recovery probability.,1,Recovered,531.57
2026-09-04T20:36:04,TXN100926,0.805,Temporary UPI/network timeout. A delayed retry may recover the payment.,RETRY,Temporary technical failure with a strong recovery probability.,2,Recovered,4175.69
2026-09-04T20:36:04,TXN100927,0.36,Card issuer declined the transaction. Customer may need to use another payment method.,MESSAGE,Recovery probability is moderate; customer intervention is safer.,0,Not recovered,0.0
2026-09-04T20:36:04,TXN100928,0.815,Temporary bank-side timeout. A controlled retry may recover the payment.,RETRY,Temporary technical failure with a strong recovery probability.,0,Recovered,9575.11
2026-09-04T20:36:04,TXN100929,0.255,Temporary bank-side timeout. A controlled retry may recover the payment.,STOP,Retry limit reached. Further automated attempts are blocked.,3,Not recovered,0.0
2026-09-04T20:36:04,TXN100930,0.746,Card issuer declined the transaction. Customer may need to use another payment method.,RETRY,Temporary technical failure with a strong recovery probability.,0,Recovered,2261.61
2026-09-04T20:36:04,TXN100931,0.516,Card issuer declined the transaction. Customer may need to use another payment method.,MESSAGE,Recovery probability is moderate; customer intervention is safer.,1,Not recovered,0.0
2026-09-04T20:36:04,TXN100932,0.366,Temporary bank-side timeout. A controlled retry may recover the payment.,MESSAGE,Recovery probability is moderate; customer intervention is safer.,1,Not recovered,0.0
2026-09-04T20:36:04,TXN100933,0.4,Card issuer declined the transaction. Customer may need to use another payment method.,MESSAGE,Recovery probability is moderate; customer intervention is safer.,1,Not recovered,0.0
2026-09-04T20:36:04,TXN100934,0.175,Customer may not have sufficient funds. Customer notification is preferable to repeated retries.,MESSAGE,Customer action is required before another payment attempt.,1,Recovered,2740.03
2026-09-04T20:36:04,TXN100935,0.658,Temporary UPI/network timeout. A delayed retry may recover the payment.,RETRY,Temporary technical failure with a strong recovery probability.,0,Recovered,4229.42
2026-09-04T20:36:04,TXN100936,0.643,Temporary UPI/network timeout. A delayed retry may recover the payment.,RETRY,Temporary technical failure with a strong recovery probability.,1,Recovered,471.2
2026-09-04T20:36:04,TXN100937,0.822,Temporary UPI/network timeout. A delayed retry may recover the payment.,RETRY,Temporary technical failure with a strong recovery probability.,0,Not recovered,0.0
2026-09-04T20:36:04,TXN100938,0.097,Customer may not have sufficient funds. Customer notification is preferable to repeated retries.,MESSAGE,Customer action is required before another payment attempt.,1,Not recovered,0.0
2026-09-04T20:36:04,TXN100939,0.377,Card issuer declined the transaction. Customer may need to use another payment method.,MESSAGE,Recovery probability is moderate; customer intervention is safer.,0,Not recovered,0.0
2026-09-04T20:36:04,TXN100940,0.592,Temporary network issue. A controlled retry is appropriate.,MESSAGE,Recovery probability is moderate; customer intervention is safer.,1,Recovered,4255.29
2026-09-04T20:36:04,TXN100941,0.547,Card issuer declined the transaction. Customer may need to use another payment method.,MESSAGE,Recovery probability is moderate; customer intervention is safer.,0,Not recovered,0.0
2026-09-04T20:36:04,TXN100942,0.827,Temporary bank-side timeout. A controlled retry may recover the payment.,RETRY,Temporary technical failure with a strong recovery probability.,0,Not recovered,0.0
2026-09-04T20:36:04,TXN100943,0.198,Authentication failed. Customer action is required before another attempt.,MESSAGE,Customer action is required before another payment attempt.,0,Not recovered,0.0
2026-09-04T20:36:04,TXN100944,0.839,Temporary UPI/network timeout. A delayed retry may recover the payment.,RETRY,Temporary technical failure with a strong recovery probability.,0,Recovered,3254.24
2026-09-04T20:36:04,TXN100945,0.34,Card issuer declined the transaction. Customer may need to use another payment method.,STOP,"Recovery probability is low, so another automated attempt is not justified.",2,Not recovered,0.0
2026-09-04T20:36:04,TXN100946,0.828,Temporary network issue. A controlled retry is appropriate.,RETRY,Temporary technical failure with a strong recovery probability.,0,Recovered,2225.04
2026-09-04T20:36:04,TXN100947,0.814,Temporary bank-side timeout. A controlled retry may recover the payment.,RETRY,Temporary technical failure with a strong recovery probability.,2,Not recovered,0.0
2026-09-04T20:36:04,TXN100948,0.038,Customer may not have sufficient funds. Customer notification is preferable to repeated retries.,STOP,Retry limit reached. Further automated attempts are blocked.,3,Not recovered,0.0
2026-09-04T20:36:04,TXN100949,0.56,Customer may not have sufficient funds. Customer notification is preferable to repeated retries.,MESSAGE,Customer action is required before another payment attempt.,1,Not recovered,0.0
2026-09-04T20:36:04,TXN100950,0.684,Temporary network issue. A controlled retry is appropriate.,RETRY,Temporary technical failure with a strong recovery probability.,0,Recovered,9087.25
2026-09-04T20:36:04,TXN100951,0.881,Temporary bank-side timeout. A controlled retry may recover the payment.,RETRY,Temporary technical failure with a strong recovery probability.,0,Recovered,10042.21
2026-09-04T20:36:04,TXN100952,0.271,Temporary UPI/network timeout. A delayed retry may recover the payment.,STOP,"Recovery probability is low, so another automated attempt is not justified.",2,Not recovered,0.0
2026-09-04T20:36:04,TXN100953,0.746,Card issuer declined the transaction. Customer may need to use another payment method.,RETRY,Temporary technical failure with a strong recovery probability.,0,Not recovered,0.0
2026-09-04T20:36:04,TXN100954,0.874,Temporary bank-side timeout. A controlled retry may recover the payment.,RETRY,Temporary technical failure with a strong recovery probability.,0,Recovered,6397.22
2026-09-04T20:36:04,TXN100955,0.169,Customer may not have sufficient funds. Customer notification is preferable to repeated retries.,MESSAGE,Customer action is required before another payment attempt.,1,Not recovered,0.0
2026-09-04T20:36:04,TXN100956,0.311,Temporary network issue. A controlled retry is appropriate.,STOP,"Recovery probability is low, so another automated attempt is not justified.",2,Not recovered,0.0
2026-09-04T20:36:04,TXN100957,0.701,Temporary network issue. A controlled retry is appropriate.,RETRY,Temporary technical failure with a strong recovery probability.,2,Recovered,894.14
2026-09-04T20:36:04,TXN100958,0.436,Card issuer declined the transaction. Customer may need to use another payment method.,MESSAGE,Recovery probability is moderate; customer intervention is safer.,0,Recovered,2660.16
2026-09-04T20:36:04,TXN100959,0.373,Temporary network issue. A controlled retry is appropriate.,MESSAGE,Recovery probability is moderate; customer intervention is safer.,1,Not recovered,0.0
2026-09-04T20:36:04,TXN100960,0.396,Temporary network issue. A controlled retry is appropriate.,MESSAGE,Recovery probability is moderate; customer intervention is safer.,0,Recovered,1424.5
2026-09-04T20:36:04,TXN100961,0.795,Temporary bank-side timeout. A controlled retry may recover the payment.,RETRY,Temporary technical failure with a strong recovery probability.,0,Recovered,9126.25
2026-09-04T20:36:04,TXN100962,0.874,Temporary UPI/network timeout. A delayed retry may recover the payment.,RETRY,Temporary technical failure with a strong recovery probability.,2,Recovered,3830.41
2026-09-04T20:36:04,TXN100963,0.404,Card issuer declined the transaction. Customer may need to use another payment method.,MESSAGE,Recovery probability is moderate; customer intervention is safer.,0,Not recovered,0.0
2026-09-04T20:36:04,TXN100964,0.872,Temporary bank-side timeout. A controlled retry may recover the payment.,RETRY,Temporary technical failure with a strong recovery probability.,0,Recovered,4471.96
2026-09-04T20:36:04,TXN100965,0.402,Temporary UPI/network timeout. A delayed retry may recover the payment.,MESSAGE,Recovery probability is moderate; customer intervention is safer.,0,Recovered,5463.31
2026-09-04T20:36:04,TXN100966,0.299,Temporary bank-side timeout. A controlled retry may recover the payment.,STOP,"Recovery probability is low, so another automated attempt is not justified.",2,Not recovered,0.0
2026-09-04T20:36:04,TXN100967,0.067,Authentication failed. Customer action is required before another attempt.,MESSAGE,Customer action is required before another payment attempt.,2,Not recovered,0.0
2026-09-04T20:36:04,TXN100968,0.571,Temporary bank-side timeout. A controlled retry may recover the payment.,MESSAGE,Recovery probability is moderate; customer intervention is safer.,1,Not recovered,0.0
2026-09-04T20:36:04,TXN100969,0.625,Temporary network issue. A controlled retry is appropriate.,RETRY,Temporary technical failure with a strong recovery probability.,2,Recovered,7245.02
2026-09-04T20:36:04,TXN100970,0.741,Temporary UPI/network timeout. A delayed retry may recover the payment.,RETRY,Temporary technical failure with a strong recovery probability.,0,Not recovered,0.0
2026-09-04T20:36:04,TXN100971,0.29,Card issuer declined the transaction. Customer may need to use another payment method.,STOP,"Recovery probability is low, so another automated attempt is not justified.",1,Not recovered,0.0
2026-09-04T20:36:04,TXN100972,0.47,Card issuer declined the transaction. Customer may need to use another payment method.,MESSAGE,Recovery probability is moderate; customer intervention is safer.,0,Not recovered,0.0
2026-09-04T20:36:04,TXN100973,0.422,Temporary UPI/network timeout. A delayed retry may recover the payment.,MESSAGE,Recovery probability is moderate; customer intervention is safer.,0,Recovered,3380.33
2026-09-04T20:36:04,TXN100974,0.358,Temporary network issue. A controlled retry is appropriate.,MESSAGE,Recovery probability is moderate; customer intervention is safer.,1,Recovered,660.54
2026-09-04T20:36:04,TXN100975,0.13,Customer may not have sufficient funds. Customer notification is preferable to repeated retries.,MESSAGE,Customer action is required before another payment attempt.,2,Not recovered,0.0
2026-09-04T20:36:04,TXN100976,0.763,Temporary bank-side timeout. A controlled retry may recover the payment.,RETRY,Temporary technical failure with a strong recovery probability.,0,Recovered,9006.75
2026-09-04T20:36:04,TXN100977,0.815,Temporary network issue. A controlled retry is appropriate.,RETRY,Temporary technical failure with a strong recovery probability.,0,Recovered,960.15
2026-09-04T20:36:04,TXN100978,0.093,Authentication failed. Customer action is required before another attempt.,MESSAGE,Customer action is required before another payment attempt.,0,Not recovered,0.0
2026-09-04T20:36:04,TXN100979,0.635,Temporary UPI/network timeout. A delayed retry may recover the payment.,RETRY,Temporary technical failure with a strong recovery probability.,0,Recovered,9032.87
2026-09-04T20:36:04,TXN100980,0.605,Temporary bank-side timeout. A controlled retry may recover the payment.,RETRY,Temporary technical failure with a strong recovery probability.,2,Recovered,5146.14
2026-09-04T20:36:04,TXN100981,0.276,Card issuer declined the transaction. Customer may need to use another payment method.,STOP,"Recovery probability is low, so another automated attempt is not justified.",1,Not recovered,0.0
2026-09-04T20:36:04,TXN100982,0.106,Customer may not have sufficient funds. Customer notification is preferable to repeated retries.,MESSAGE,Customer action is required before another payment attempt.,1,Not recovered,0.0
2026-09-04T20:36:04,TXN100983,0.082,Authentication failed. Customer action is required before another attempt.,MESSAGE,Customer action is required before another payment attempt.,2,Not recovered,0.0
2026-09-04T20:36:04,TXN100984,0.3,Card issuer declined the transaction. Customer may need to use another payment method.,STOP,"Recovery probability is low, so another automated attempt is not justified.",0,Not recovered,0.0
2026-09-04T20:36:04,TXN100985,0.711,Temporary UPI/network timeout. A delayed retry may recover the payment.,RETRY,Temporary technical failure with a strong recovery probability.,1,Recovered,7532.77
2026-09-04T20:36:04,TXN100986,0.432,Temporary bank-side timeout. A controlled retry may recover the payment.,MESSAGE,Recovery probability is moderate; customer intervention is safer.,0,Not recovered,0.0
2026-09-04T20:36:05,TXN100987,0.832,Temporary UPI/network timeout. A delayed retry may recover the payment.,RETRY,Temporary technical failure with a strong recovery probability.,1,Recovered,6634.88
2026-09-04T20:36:05,TXN100988,0.089,Temporary bank-side timeout. A controlled retry may recover the payment.,STOP,Retry limit reached. Further automated attempts are blocked.,3,Not recovered,0.0
2026-09-04T20:36:05,TXN100989,0.439,Temporary network issue. A controlled retry is appropriate.,MESSAGE,Recovery probability is moderate; customer intervention is safer.,2,Not recovered,0.0
2026-09-04T20:36:05,TXN100990,0.087,Customer may not have sufficient funds. Customer notification is preferable to repeated retries.,MESSAGE,Customer action is required before another payment attempt.,0,Not recovered,0.0
2026-09-04T20:36:05,TXN100991,0.694,Temporary network issue. A controlled retry is appropriate.,RETRY,Temporary technical failure with a strong recovery probability.,2,Not recovered,0.0
2026-09-04T20:36:05,TXN100992,0.516,Temporary network issue. A controlled retry is appropriate.,MESSAGE,Recovery probability is moderate; customer intervention is safer.,0,Recovered,4227.02
2026-09-04T20:36:05,TXN100993,0.592,Temporary UPI/network timeout. A delayed retry may recover the payment.,MESSAGE,Recovery probability is moderate; customer intervention is safer.,0,Not recovered,0.0
2026-09-04T20:36:05,TXN100994,0.173,Customer may not have sufficient funds. Customer notification is preferable to repeated retries.,MESSAGE,Customer action is required before another payment attempt.,0,Not recovered,0.0
2026-09-04T20:36:05,TXN100995,0.559,Temporary bank-side timeout. A controlled retry may recover the payment.,MESSAGE,Recovery probability is moderate; customer intervention is safer.,0,Recovered,1554.51
2026-09-04T20:36:05,TXN100996,0.836,Temporary bank-side timeout. A controlled retry may recover the payment.,RETRY,Temporary technical failure with a strong recovery probability.,1,Not recovered,0.0
2026-09-04T20:36:05,TXN100997,0.59,Authentication failed. Customer action is required before another attempt.,MESSAGE,Customer action is required before another payment attempt.,1,Not recovered,0.0
2026-09-04T20:36:05,TXN100998,0.259,Card issuer declined the transaction. Customer may need to use another payment method.,STOP,"Recovery probability is low, so another automated attempt is not justified.",2,Not recovered,0.0
2026-09-04T20:36:05,TXN100999,0.072,Authentication failed. Customer action is required before another attempt.,MESSAGE,Customer action is required before another payment attempt.,1,Not recovered,0.0
