transaction_id,amount,payment_method,failure_reason,previous_attempts,recovery_probability,recommended_action,diagnosis,decision_reason,recovered,recovered_amount,simulation_note
TXN100000,5742.57,UPI,upi_timeout,2,0.446,MESSAGE,Temporary UPI/network timeout. A delayed retry may recover the payment.,Recovery probability is moderate; customer intervention is safer.,0,0.0,Synthetic outcome; no real payment was processed.
TXN100001,14270.52,Card,card_declined,0,0.59,MESSAGE,Card issuer declined the transaction. Customer may need to use another payment method.,Recovery probability is moderate; customer intervention is safer.,0,0.0,Synthetic outcome; no real payment was processed.
TXN100002,11033.24,NetBanking,upi_timeout,1,0.771,RETRY,Temporary UPI/network timeout. A delayed retry may recover the payment.,Temporary technical failure with a strong recovery probability.,0,0.0,Synthetic outcome; no real payment was processed.
TXN100003,9059.74,Card,authentication_failed,1,0.2,MESSAGE,Authentication failed. Customer action is required before another attempt.,Customer action is required before another payment attempt.,0,0.0,Synthetic outcome; no real payment was processed.
TXN100004,2508.23,NetBanking,insufficient_funds,0,0.285,MESSAGE,Customer may not have sufficient funds. Customer notification is preferable to repeated retries.,Customer action is required before another payment attempt.,1,2508.23,Synthetic outcome; no real payment was processed.
TXN100005,2507.87,Card,authentication_failed,0,0.155,MESSAGE,Authentication failed. Customer action is required before another attempt.,Customer action is required before another payment attempt.,0,0.0,Synthetic outcome; no real payment was processed.
TXN100006,1058.7,Card,insufficient_funds,1,0.651,MESSAGE,Customer may not have sufficient funds. Customer notification is preferable to repeated retries.,Customer action is required before another payment attempt.,1,1058.7,Synthetic outcome; no real payment was processed.
TXN100007,13019.27,NetBanking,bank_timeout,1,0.372,MESSAGE,Temporary bank-side timeout. A controlled retry may recover the payment.,Recovery probability is moderate; customer intervention is safer.,0,0.0,Synthetic outcome; no real payment was processed.
TXN100008,9096.1,UPI,network_error,0,0.732,RETRY,Temporary network issue. A controlled retry is appropriate.,Temporary technical failure with a strong recovery probability.,1,9096.1,Synthetic outcome; no real payment was processed.
TXN100009,10679.18,Card,authentication_failed,1,0.075,MESSAGE,Authentication failed. Customer action is required before another attempt.,Customer action is required before another payment attempt.,0,0.0,Synthetic outcome; no real payment was processed.
TXN100010,503.67,UPI,upi_timeout,0,0.778,RETRY,Temporary UPI/network timeout. A delayed retry may recover the payment.,Temporary technical failure with a strong recovery probability.,1,503.67,Synthetic outcome; no real payment was processed.
TXN100011,14554.64,Wallet,bank_timeout,1,0.286,STOP,Temporary bank-side timeout. A controlled retry may recover the payment.,"Recovery probability is low, so another automated attempt is not justified.",0,0.0,Synthetic outcome; no real payment was processed.
TXN100012,12519.98,Wallet,network_error,0,0.559,MESSAGE,Temporary network issue. A controlled retry is appropriate.,Recovery probability is moderate; customer intervention is safer.,0,0.0,Synthetic outcome; no real payment was processed.
TXN100013,3341.83,UPI,upi_timeout,2,0.496,MESSAGE,Temporary UPI/network timeout. A delayed retry may recover the payment.,Recovery probability is moderate; customer intervention is safer.,1,3341.83,Synthetic outcome; no real payment was processed.
TXN100014,2890.19,Card,card_declined,0,0.593,MESSAGE,Card issuer declined the transaction. Customer may need to use another payment method.,Recovery probability is moderate; customer intervention is safer.,1,2890.19,Synthetic outcome; no real payment was processed.
TXN100015,2913.57,Wallet,upi_timeout,0,0.736,RETRY,Temporary UPI/network timeout. A delayed retry may recover the payment.,Temporary technical failure with a strong recovery probability.,1,2913.57,Synthetic outcome; no real payment was processed.
TXN100016,4702.09,UPI,insufficient_funds,0,0.538,MESSAGE,Customer may not have sufficient funds. Customer notification is preferable to repeated retries.,Customer action is required before another payment attempt.,0,0.0,Synthetic outcome; no real payment was processed.
TXN100017,7965.92,Card,insufficient_funds,0,0.147,MESSAGE,Customer may not have sufficient funds. Customer notification is preferable to repeated retries.,Customer action is required before another payment attempt.,0,0.0,Synthetic outcome; no real payment was processed.
TXN100018,6592.22,Wallet,card_declined,1,0.716,RETRY,Card issuer declined the transaction. Customer may need to use another payment method.,Temporary technical failure with a strong recovery probability.,1,6592.22,Synthetic outcome; no real payment was processed.
TXN100019,4509.48,UPI,bank_timeout,0,0.873,RETRY,Temporary bank-side timeout. A controlled retry may recover the payment.,Temporary technical failure with a strong recovery probability.,1,4509.48,Synthetic outcome; no real payment was processed.
TXN100020,9255.03,Card,network_error,2,0.51,MESSAGE,Temporary network issue. A controlled retry is appropriate.,Recovery probability is moderate; customer intervention is safer.,0,0.0,Synthetic outcome; no real payment was processed.
TXN100021,2263.65,UPI,upi_timeout,0,0.702,RETRY,Temporary UPI/network timeout. A delayed retry may recover the payment.,Temporary technical failure with a strong recovery probability.,1,2263.65,Synthetic outcome; no real payment was processed.
TXN100022,4523.03,Wallet,insufficient_funds,0,0.22,MESSAGE,Customer may not have sufficient funds. Customer notification is preferable to repeated retries.,Customer action is required before another payment attempt.,0,0.0,Synthetic outcome; no real payment was processed.
TXN100023,5621.52,Wallet,bank_timeout,0,0.938,RETRY,Temporary bank-side timeout. A controlled retry may recover the payment.,Temporary technical failure with a strong recovery probability.,1,5621.52,Synthetic outcome; no real payment was processed.
TXN100024,6949.29,Wallet,card_declined,0,0.329,STOP,Card issuer declined the transaction. Customer may need to use another payment method.,"Recovery probability is low, so another automated attempt is not justified.",0,0.0,Synthetic outcome; no real payment was processed.
TXN100025,11820.39,Card,authentication_failed,0,0.158,MESSAGE,Authentication failed. Customer action is required before another attempt.,Customer action is required before another payment attempt.,0,0.0,Synthetic outcome; no real payment was processed.
TXN100026,3154.37,NetBanking,insufficient_funds,0,0.179,MESSAGE,Customer may not have sufficient funds. Customer notification is preferable to repeated retries.,Customer action is required before another payment attempt.,0,0.0,Synthetic outcome; no real payment was processed.
TXN100027,7810.18,NetBanking,card_declined,1,0.458,MESSAGE,Card issuer declined the transaction. Customer may need to use another payment method.,Recovery probability is moderate; customer intervention is safer.,0,0.0,Synthetic outcome; no real payment was processed.
TXN100028,8967.33,UPI,upi_timeout,0,0.782,RETRY,Temporary UPI/network timeout. A delayed retry may recover the payment.,Temporary technical failure with a strong recovery probability.,1,8967.33,Synthetic outcome; no real payment was processed.
TXN100029,886.51,NetBanking,network_error,1,0.835,RETRY,Temporary network issue. A controlled retry is appropriate.,Temporary technical failure with a strong recovery probability.,1,886.51,Synthetic outcome; no real payment was processed.
TXN100030,9191.27,UPI,insufficient_funds,1,0.619,MESSAGE,Customer may not have sufficient funds. Customer notification is preferable to repeated retries.,Customer action is required before another payment attempt.,0,0.0,Synthetic outcome; no real payment was processed.
TXN100031,2722.93,Card,insufficient_funds,0,0.381,MESSAGE,Customer may not have sufficient funds. Customer notification is preferable to repeated retries.,Customer action is required before another payment attempt.,1,2722.93,Synthetic outcome; no real payment was processed.
TXN100032,1161.83,UPI,upi_timeout,1,0.783,RETRY,Temporary UPI/network timeout. A delayed retry may recover the payment.,Temporary technical failure with a strong recovery probability.,1,1161.83,Synthetic outcome; no real payment was processed.
TXN100033,14243.45,UPI,authentication_failed,3,0.049,STOP,Authentication failed. Customer action is required before another attempt.,Retry limit reached. Further automated attempts are blocked.,0,0.0,Synthetic outcome; no real payment was processed.
TXN100034,14491.32,UPI,bank_timeout,1,0.557,MESSAGE,Temporary bank-side timeout. A controlled retry may recover the payment.,Recovery probability is moderate; customer intervention is safer.,0,0.0,Synthetic outcome; no real payment was processed.
TXN100035,12164.09,Card,network_error,1,0.753,RETRY,Temporary network issue. A controlled retry is appropriate.,Temporary technical failure with a strong recovery probability.,0,0.0,Synthetic outcome; no real payment was processed.
TXN100036,4707.59,UPI,insufficient_funds,0,0.199,MESSAGE,Customer may not have sufficient funds. Customer notification is preferable to repeated retries.,Customer action is required before another payment attempt.,0,0.0,Synthetic outcome; no real payment was processed.
TXN100037,1644.64,Card,network_error,2,0.393,MESSAGE,Temporary network issue. A controlled retry is appropriate.,Recovery probability is moderate; customer intervention is safer.,1,1644.64,Synthetic outcome; no real payment was processed.
TXN100038,10326.33,UPI,insufficient_funds,2,0.178,MESSAGE,Customer may not have sufficient funds. Customer notification is preferable to repeated retries.,Customer action is required before another payment attempt.,0,0.0,Synthetic outcome; no real payment was processed.
TXN100039,6713.7,UPI,network_error,1,0.852,RETRY,Temporary network issue. A controlled retry is appropriate.,Temporary technical failure with a strong recovery probability.,1,6713.7,Synthetic outcome; no real payment was processed.
TXN100040,2005.29,Card,card_declined,3,0.636,STOP,Card issuer declined the transaction. Customer may need to use another payment method.,Retry limit reached. Further automated attempts are blocked.,0,0.0,Synthetic outcome; no real payment was processed.
TXN100041,7528.11,NetBanking,insufficient_funds,0,0.117,MESSAGE,Customer may not have sufficient funds. Customer notification is preferable to repeated retries.,Customer action is required before another payment attempt.,0,0.0,Synthetic outcome; no real payment was processed.
TXN100042,707.98,UPI,network_error,0,0.503,MESSAGE,Temporary network issue. A controlled retry is appropriate.,Recovery probability is moderate; customer intervention is safer.,1,707.98,Synthetic outcome; no real payment was processed.
TXN100043,13657.85,Card,bank_timeout,2,0.475,MESSAGE,Temporary bank-side timeout. A controlled retry may recover the payment.,Recovery probability is moderate; customer intervention is safer.,0,0.0,Synthetic outcome; no real payment was processed.
TXN100044,4029.2,NetBanking,card_declined,2,0.312,STOP,Card issuer declined the transaction. Customer may need to use another payment method.,"Recovery probability is low, so another automated attempt is not justified.",0,0.0,Synthetic outcome; no real payment was processed.
TXN100045,10004.99,Card,card_declined,0,0.15,STOP,Card issuer declined the transaction. Customer may need to use another payment method.,"Recovery probability is low, so another automated attempt is not justified.",0,0.0,Synthetic outcome; no real payment was processed.
TXN100046,4812.64,UPI,bank_timeout,0,0.829,RETRY,Temporary bank-side timeout. A controlled retry may recover the payment.,Temporary technical failure with a strong recovery probability.,1,4812.64,Synthetic outcome; no real payment was processed.
TXN100047,7896.53,UPI,network_error,0,0.77,RETRY,Temporary network issue. A controlled retry is appropriate.,Temporary technical failure with a strong recovery probability.,1,7896.53,Synthetic outcome; no real payment was processed.
TXN100048,8290.86,NetBanking,upi_timeout,0,0.373,MESSAGE,Temporary UPI/network timeout. A delayed retry may recover the payment.,Recovery probability is moderate; customer intervention is safer.,0,0.0,Synthetic outcome; no real payment was processed.
TXN100049,2935.03,UPI,bank_timeout,2,0.677,RETRY,Temporary bank-side timeout. A controlled retry may recover the payment.,Temporary technical failure with a strong recovery probability.,1,2935.03,Synthetic outcome; no real payment was processed.
TXN100050,14549.82,NetBanking,network_error,1,0.713,RETRY,Temporary network issue. A controlled retry is appropriate.,Temporary technical failure with a strong recovery probability.,0,0.0,Synthetic outcome; no real payment was processed.
TXN100051,11671.74,Card,bank_timeout,0,0.872,RETRY,Temporary bank-side timeout. A controlled retry may recover the payment.,Temporary technical failure with a strong recovery probability.,0,0.0,Synthetic outcome; no real payment was processed.
TXN100052,14104.52,Wallet,bank_timeout,0,0.678,RETRY,Temporary bank-side timeout. A controlled retry may recover the payment.,Temporary technical failure with a strong recovery probability.,0,0.0,Synthetic outcome; no real payment was processed.
TXN100053,13443.34,NetBanking,insufficient_funds,0,0.037,MESSAGE,Customer may not have sufficient funds. Customer notification is preferable to repeated retries.,Customer action is required before another payment attempt.,0,0.0,Synthetic outcome; no real payment was processed.
TXN100054,9048.52,Wallet,network_error,0,0.397,MESSAGE,Temporary network issue. A controlled retry is appropriate.,Recovery probability is moderate; customer intervention is safer.,0,0.0,Synthetic outcome; no real payment was processed.
TXN100055,13843.66,UPI,upi_timeout,1,0.427,MESSAGE,Temporary UPI/network timeout. A delayed retry may recover the payment.,Recovery probability is moderate; customer intervention is safer.,0,0.0,Synthetic outcome; no real payment was processed.
TXN100056,1508.78,NetBanking,insufficient_funds,3,0.086,STOP,Customer may not have sufficient funds. Customer notification is preferable to repeated retries.,Retry limit reached. Further automated attempts are blocked.,0,0.0,Synthetic outcome; no real payment was processed.
TXN100057,3099.74,UPI,bank_timeout,2,0.514,MESSAGE,Temporary bank-side timeout. A controlled retry may recover the payment.,Recovery probability is moderate; customer intervention is safer.,1,3099.74,Synthetic outcome; no real payment was processed.
TXN100058,868.41,Card,authentication_failed,0,0.163,MESSAGE,Authentication failed. Customer action is required before another attempt.,Customer action is required before another payment attempt.,1,868.41,Synthetic outcome; no real payment was processed.
TXN100059,5014.21,Card,bank_timeout,2,0.342,STOP,Temporary bank-side timeout. A controlled retry may recover the payment.,"Recovery probability is low, so another automated attempt is not justified.",0,0.0,Synthetic outcome; no real payment was processed.
TXN100060,5951.81,NetBanking,bank_timeout,2,0.632,RETRY,Temporary bank-side timeout. A controlled retry may recover the payment.,Temporary technical failure with a strong recovery probability.,1,5951.81,Synthetic outcome; no real payment was processed.
TXN100061,4215.24,Wallet,network_error,2,0.308,STOP,Temporary network issue. A controlled retry is appropriate.,"Recovery probability is low, so another automated attempt is not justified.",0,0.0,Synthetic outcome; no real payment was processed.
TXN100062,12465.14,NetBanking,network_error,1,0.533,MESSAGE,Temporary network issue. A controlled retry is appropriate.,Recovery probability is moderate; customer intervention is safer.,0,0.0,Synthetic outcome; no real payment was processed.
TXN100063,5479.31,UPI,insufficient_funds,0,0.154,MESSAGE,Customer may not have sufficient funds. Customer notification is preferable to repeated retries.,Customer action is required before another payment attempt.,0,0.0,Synthetic outcome; no real payment was processed.
TXN100064,4357.11,UPI,upi_timeout,0,0.641,RETRY,Temporary UPI/network timeout. A delayed retry may recover the payment.,Temporary technical failure with a strong recovery probability.,1,4357.11,Synthetic outcome; no real payment was processed.
TXN100065,8231.44,Card,insufficient_funds,0,0.302,MESSAGE,Customer may not have sufficient funds. Customer notification is preferable to repeated retries.,Customer action is required before another payment attempt.,0,0.0,Synthetic outcome; no real payment was processed.
TXN100066,2284.82,UPI,card_declined,0,0.247,STOP,Card issuer declined the transaction. Customer may need to use another payment method.,"Recovery probability is low, so another automated attempt is not justified.",0,0.0,Synthetic outcome; no real payment was processed.
TXN100067,12072.32,UPI,bank_timeout,0,0.832,RETRY,Temporary bank-side timeout. A controlled retry may recover the payment.,Temporary technical failure with a strong recovery probability.,0,0.0,Synthetic outcome; no real payment was processed.
TXN100068,1302.42,UPI,authentication_failed,1,0.197,MESSAGE,Authentication failed. Customer action is required before another attempt.,Customer action is required before another payment attempt.,1,1302.42,Synthetic outcome; no real payment was processed.
TXN100069,14805.91,UPI,bank_timeout,1,0.813,RETRY,Temporary bank-side timeout. A controlled retry may recover the payment.,Temporary technical failure with a strong recovery probability.,0,0.0,Synthetic outcome; no real payment was processed.
TXN100070,11628.99,UPI,bank_timeout,1,0.784,RETRY,Temporary bank-side timeout. A controlled retry may recover the payment.,Temporary technical failure with a strong recovery probability.,0,0.0,Synthetic outcome; no real payment was processed.
TXN100071,3140.19,UPI,insufficient_funds,0,0.569,MESSAGE,Customer may not have sufficient funds. Customer notification is preferable to repeated retries.,Customer action is required before another payment attempt.,1,3140.19,Synthetic outcome; no real payment was processed.
TXN100072,280.73,UPI,authentication_failed,3,0.038,STOP,Authentication failed. Customer action is required before another attempt.,Retry limit reached. Further automated attempts are blocked.,0,0.0,Synthetic outcome; no real payment was processed.
TXN100073,12268.64,UPI,authentication_failed,3,0.149,STOP,Authentication failed. Customer action is required before another attempt.,Retry limit reached. Further automated attempts are blocked.,0,0.0,Synthetic outcome; no real payment was processed.
TXN100074,10661.2,Wallet,authentication_failed,2,0.04,MESSAGE,Authentication failed. Customer action is required before another attempt.,Customer action is required before another payment attempt.,0,0.0,Synthetic outcome; no real payment was processed.
TXN100075,10989.04,UPI,insufficient_funds,3,0.16,STOP,Customer may not have sufficient funds. Customer notification is preferable to repeated retries.,Retry limit reached. Further automated attempts are blocked.,0,0.0,Synthetic outcome; no real payment was processed.
TXN100076,11614.57,UPI,bank_timeout,1,0.85,RETRY,Temporary bank-side timeout. A controlled retry may recover the payment.,Temporary technical failure with a strong recovery probability.,0,0.0,Synthetic outcome; no real payment was processed.
TXN100077,1294.93,Card,insufficient_funds,3,0.096,STOP,Customer may not have sufficient funds. Customer notification is preferable to repeated retries.,Retry limit reached. Further automated attempts are blocked.,0,0.0,Synthetic outcome; no real payment was processed.
TXN100078,5504.65,UPI,network_error,0,0.512,MESSAGE,Temporary network issue. A controlled retry is appropriate.,Recovery probability is moderate; customer intervention is safer.,1,5504.65,Synthetic outcome; no real payment was processed.
TXN100079,1913.98,Wallet,network_error,0,0.779,RETRY,Temporary network issue. A controlled retry is appropriate.,Temporary technical failure with a strong recovery probability.,1,1913.98,Synthetic outcome; no real payment was processed.
TXN100080,12973.79,NetBanking,insufficient_funds,0,0.13,MESSAGE,Customer may not have sufficient funds. Customer notification is preferable to repeated retries.,Customer action is required before another payment attempt.,0,0.0,Synthetic outcome; no real payment was processed.
TXN100081,9424.44,UPI,authentication_failed,0,0.191,MESSAGE,Authentication failed. Customer action is required before another attempt.,Customer action is required before another payment attempt.,0,0.0,Synthetic outcome; no real payment was processed.
TXN100082,5096.62,UPI,bank_timeout,0,0.78,RETRY,Temporary bank-side timeout. A controlled retry may recover the payment.,Temporary technical failure with a strong recovery probability.,1,5096.62,Synthetic outcome; no real payment was processed.
TXN100083,1139.73,NetBanking,insufficient_funds,1,0.259,MESSAGE,Customer may not have sufficient funds. Customer notification is preferable to repeated retries.,Customer action is required before another payment attempt.,1,1139.73,Synthetic outcome; no real payment was processed.
TXN100084,4801.85,Wallet,insufficient_funds,2,0.587,MESSAGE,Customer may not have sufficient funds. Customer notification is preferable to repeated retries.,Customer action is required before another payment attempt.,0,0.0,Synthetic outcome; no real payment was processed.
TXN100085,5012.04,Card,insufficient_funds,1,0.619,MESSAGE,Customer may not have sufficient funds. Customer notification is preferable to repeated retries.,Customer action is required before another payment attempt.,0,0.0,Synthetic outcome; no real payment was processed.
TXN100086,10997.9,Card,card_declined,0,0.312,STOP,Card issuer declined the transaction. Customer may need to use another payment method.,"Recovery probability is low, so another automated attempt is not justified.",0,0.0,Synthetic outcome; no real payment was processed.
TXN100087,9635.49,UPI,network_error,2,0.416,MESSAGE,Temporary network issue. A controlled retry is appropriate.,Recovery probability is moderate; customer intervention is safer.,0,0.0,Synthetic outcome; no real payment was processed.
TXN100088,13330.64,Wallet,authentication_failed,1,0.356,MESSAGE,Authentication failed. Customer action is required before another attempt.,Customer action is required before another payment attempt.,0,0.0,Synthetic outcome; no real payment was processed.
TXN100089,7188.25,UPI,upi_timeout,0,0.78,RETRY,Temporary UPI/network timeout. A delayed retry may recover the payment.,Temporary technical failure with a strong recovery probability.,1,7188.25,Synthetic outcome; no real payment was processed.
TXN100090,1969.11,Wallet,authentication_failed,1,0.174,MESSAGE,Authentication failed. Customer action is required before another attempt.,Customer action is required before another payment attempt.,1,1969.11,Synthetic outcome; no real payment was processed.
TXN100091,10755.74,Card,upi_timeout,0,0.587,MESSAGE,Temporary UPI/network timeout. A delayed retry may recover the payment.,Recovery probability is moderate; customer intervention is safer.,0,0.0,Synthetic outcome; no real payment was processed.
TXN100092,11459.38,Card,card_declined,0,0.271,STOP,Card issuer declined the transaction. Customer may need to use another payment method.,"Recovery probability is low, so another automated attempt is not justified.",0,0.0,Synthetic outcome; no real payment was processed.
TXN100093,8506.46,Card,insufficient_funds,2,0.301,MESSAGE,Customer may not have sufficient funds. Customer notification is preferable to repeated retries.,Customer action is required before another payment attempt.,0,0.0,Synthetic outcome; no real payment was processed.
TXN100094,11610.09,UPI,card_declined,0,0.306,STOP,Card issuer declined the transaction. Customer may need to use another payment method.,"Recovery probability is low, so another automated attempt is not justified.",0,0.0,Synthetic outcome; no real payment was processed.
TXN100095,7507.67,UPI,card_declined,1,0.454,MESSAGE,Card issuer declined the transaction. Customer may need to use another payment method.,Recovery probability is moderate; customer intervention is safer.,0,0.0,Synthetic outcome; no real payment was processed.
TXN100096,7935.97,UPI,bank_timeout,2,0.403,MESSAGE,Temporary bank-side timeout. A controlled retry may recover the payment.,Recovery probability is moderate; customer intervention is safer.,0,0.0,Synthetic outcome; no real payment was processed.
TXN100097,6527.03,UPI,network_error,1,0.322,STOP,Temporary network issue. A controlled retry is appropriate.,"Recovery probability is low, so another automated attempt is not justified.",0,0.0,Synthetic outcome; no real payment was processed.
TXN100098,575.23,NetBanking,upi_timeout,0,0.854,RETRY,Temporary UPI/network timeout. A delayed retry may recover the payment.,Temporary technical failure with a strong recovery probability.,1,575.23,Synthetic outcome; no real payment was processed.
TXN100099,1795.9,UPI,insufficient_funds,0,0.063,MESSAGE,Customer may not have sufficient funds. Customer notification is preferable to repeated retries.,Customer action is required before another payment attempt.,0,0.0,Synthetic outcome; no real payment was processed.
TXN100100,664.18,UPI,upi_timeout,0,0.257,STOP,Temporary UPI/network timeout. A delayed retry may recover the payment.,"Recovery probability is low, so another automated attempt is not justified.",0,0.0,Synthetic outcome; no real payment was processed.
TXN100101,9618.51,Wallet,authentication_failed,1,0.05,MESSAGE,Authentication failed. Customer action is required before another attempt.,Customer action is required before another payment attempt.,0,0.0,Synthetic outcome; no real payment was processed.
TXN100102,4851.78,NetBanking,upi_timeout,0,0.636,RETRY,Temporary UPI/network timeout. A delayed retry may recover the payment.,Temporary technical failure with a strong recovery probability.,1,4851.78,Synthetic outcome; no real payment was processed.
TXN100103,7726.35,Wallet,authentication_failed,0,0.092,MESSAGE,Authentication failed. Customer action is required before another attempt.,Customer action is required before another payment attempt.,0,0.0,Synthetic outcome; no real payment was processed.
TXN100104,13631.89,Wallet,network_error,3,0.732,STOP,Temporary network issue. A controlled retry is appropriate.,Retry limit reached. Further automated attempts are blocked.,0,0.0,Synthetic outcome; no real payment was processed.
TXN100105,3888.77,UPI,authentication_failed,1,0.136,MESSAGE,Authentication failed. Customer action is required before another attempt.,Customer action is required before another payment attempt.,0,0.0,Synthetic outcome; no real payment was processed.
TXN100106,6273.08,UPI,upi_timeout,0,0.694,RETRY,Temporary UPI/network timeout. A delayed retry may recover the payment.,Temporary technical failure with a strong recovery probability.,1,6273.08,Synthetic outcome; no real payment was processed.
TXN100107,11381.91,NetBanking,upi_timeout,1,0.816,RETRY,Temporary UPI/network timeout. A delayed retry may recover the payment.,Temporary technical failure with a strong recovery probability.,0,0.0,Synthetic outcome; no real payment was processed.
TXN100108,3585.44,Card,authentication_failed,1,0.232,MESSAGE,Authentication failed. Customer action is required before another attempt.,Customer action is required before another payment attempt.,0,0.0,Synthetic outcome; no real payment was processed.
TXN100109,1338.38,UPI,card_declined,0,0.615,RETRY,Card issuer declined the transaction. Customer may need to use another payment method.,Temporary technical failure with a strong recovery probability.,1,1338.38,Synthetic outcome; no real payment was processed.
TXN100110,4487.61,NetBanking,network_error,0,0.749,RETRY,Temporary network issue. A controlled retry is appropriate.,Temporary technical failure with a strong recovery probability.,1,4487.61,Synthetic outcome; no real payment was processed.
TXN100111,2585.24,UPI,bank_timeout,2,0.808,RETRY,Temporary bank-side timeout. A controlled retry may recover the payment.,Temporary technical failure with a strong recovery probability.,1,2585.24,Synthetic outcome; no real payment was processed.
TXN100112,13959.45,UPI,insufficient_funds,1,0.179,MESSAGE,Customer may not have sufficient funds. Customer notification is preferable to repeated retries.,Customer action is required before another payment attempt.,0,0.0,Synthetic outcome; no real payment was processed.
TXN100113,12159.99,Card,upi_timeout,1,0.828,RETRY,Temporary UPI/network timeout. A delayed retry may recover the payment.,Temporary technical failure with a strong recovery probability.,0,0.0,Synthetic outcome; no real payment was processed.
TXN100114,9574.01,Card,insufficient_funds,0,0.126,MESSAGE,Customer may not have sufficient funds. Customer notification is preferable to repeated retries.,Customer action is required before another payment attempt.,0,0.0,Synthetic outcome; no real payment was processed.
TXN100115,13097.49,Card,bank_timeout,0,0.536,MESSAGE,Temporary bank-side timeout. A controlled retry may recover the payment.,Recovery probability is moderate; customer intervention is safer.,0,0.0,Synthetic outcome; no real payment was processed.
TXN100116,12094.15,UPI,insufficient_funds,0,0.202,MESSAGE,Customer may not have sufficient funds. Customer notification is preferable to repeated retries.,Customer action is required before another payment attempt.,0,0.0,Synthetic outcome; no real payment was processed.
TXN100117,2960.42,NetBanking,bank_timeout,0,0.806,RETRY,Temporary bank-side timeout. A controlled retry may recover the payment.,Temporary technical failure with a strong recovery probability.,1,2960.42,Synthetic outcome; no real payment was processed.
TXN100118,13409.77,UPI,authentication_failed,0,0.078,MESSAGE,Authentication failed. Customer action is required before another attempt.,Customer action is required before another payment attempt.,0,0.0,Synthetic outcome; no real payment was processed.
TXN100119,8181.8,UPI,card_declined,0,0.206,STOP,Card issuer declined the transaction. Customer may need to use another payment method.,"Recovery probability is low, so another automated attempt is not justified.",0,0.0,Synthetic outcome; no real payment was processed.
TXN100120,12149.92,NetBanking,upi_timeout,2,0.363,MESSAGE,Temporary UPI/network timeout. A delayed retry may recover the payment.,Recovery probability is moderate; customer intervention is safer.,0,0.0,Synthetic outcome; no real payment was processed.
TXN100121,13462.05,Wallet,bank_timeout,3,0.853,STOP,Temporary bank-side timeout. A controlled retry may recover the payment.,Retry limit reached. Further automated attempts are blocked.,0,0.0,Synthetic outcome; no real payment was processed.
TXN100122,4905.77,NetBanking,insufficient_funds,2,0.058,MESSAGE,Customer may not have sufficient funds. Customer notification is preferable to repeated retries.,Customer action is required before another payment attempt.,0,0.0,Synthetic outcome; no real payment was processed.
TXN100123,1827.88,NetBanking,upi_timeout,2,0.616,RETRY,Temporary UPI/network timeout. A delayed retry may recover the payment.,Temporary technical failure with a strong recovery probability.,1,1827.88,Synthetic outcome; no real payment was processed.
TXN100124,3572.67,Card,card_declined,0,0.7,RETRY,Card issuer declined the transaction. Customer may need to use another payment method.,Temporary technical failure with a strong recovery probability.,1,3572.67,Synthetic outcome; no real payment was processed.
TXN100125,6520.62,Card,authentication_failed,3,0.116,STOP,Authentication failed. Customer action is required before another attempt.,Retry limit reached. Further automated attempts are blocked.,0,0.0,Synthetic outcome; no real payment was processed.
TXN100126,12306.44,UPI,upi_timeout,0,0.859,RETRY,Temporary UPI/network timeout. A delayed retry may recover the payment.,Temporary technical failure with a strong recovery probability.,0,0.0,Synthetic outcome; no real payment was processed.
TXN100127,12938.67,UPI,bank_timeout,3,0.296,STOP,Temporary bank-side timeout. A controlled retry may recover the payment.,Retry limit reached. Further automated attempts are blocked.,0,0.0,Synthetic outcome; no real payment was processed.
TXN100128,301.9,UPI,card_declined,3,0.733,STOP,Card issuer declined the transaction. Customer may need to use another payment method.,Retry limit reached. Further automated attempts are blocked.,0,0.0,Synthetic outcome; no real payment was processed.
TXN100129,7758.57,UPI,insufficient_funds,1,0.164,MESSAGE,Customer may not have sufficient funds. Customer notification is preferable to repeated retries.,Customer action is required before another payment attempt.,0,0.0,Synthetic outcome; no real payment was processed.
TXN100130,6377.1,Card,card_declined,3,0.204,STOP,Card issuer declined the transaction. Customer may need to use another payment method.,Retry limit reached. Further automated attempts are blocked.,0,0.0,Synthetic outcome; no real payment was processed.
TXN100131,3486.42,Card,card_declined,1,0.253,STOP,Card issuer declined the transaction. Customer may need to use another payment method.,"Recovery probability is low, so another automated attempt is not justified.",0,0.0,Synthetic outcome; no real payment was processed.
TXN100132,1973.13,UPI,network_error,0,0.561,MESSAGE,Temporary network issue. A controlled retry is appropriate.,Recovery probability is moderate; customer intervention is safer.,1,1973.13,Synthetic outcome; no real payment was processed.
TXN100133,5196.04,UPI,card_declined,0,0.553,MESSAGE,Card issuer declined the transaction. Customer may need to use another payment method.,Recovery probability is moderate; customer intervention is safer.,1,5196.04,Synthetic outcome; no real payment was processed.
TXN100134,14155.01,Card,card_declined,1,0.306,STOP,Card issuer declined the transaction. Customer may need to use another payment method.,"Recovery probability is low, so another automated attempt is not justified.",0,0.0,Synthetic outcome; no real payment was processed.
TXN100135,4982.73,UPI,upi_timeout,0,0.498,MESSAGE,Temporary UPI/network timeout. A delayed retry may recover the payment.,Recovery probability is moderate; customer intervention is safer.,1,4982.73,Synthetic outcome; no real payment was processed.
TXN100136,7877.62,NetBanking,insufficient_funds,1,0.094,MESSAGE,Customer may not have sufficient funds. Customer notification is preferable to repeated retries.,Customer action is required before another payment attempt.,0,0.0,Synthetic outcome; no real payment was processed.
TXN100137,10604.38,Card,upi_timeout,3,0.626,STOP,Temporary UPI/network timeout. A delayed retry may recover the payment.,Retry limit reached. Further automated attempts are blocked.,0,0.0,Synthetic outcome; no real payment was processed.
TXN100138,5581.08,Card,upi_timeout,0,0.603,RETRY,Temporary UPI/network timeout. A delayed retry may recover the payment.,Temporary technical failure with a strong recovery probability.,1,5581.08,Synthetic outcome; no real payment was processed.
TXN100139,14582.35,Card,bank_timeout,2,0.22,STOP,Temporary bank-side timeout. A controlled retry may recover the payment.,"Recovery probability is low, so another automated attempt is not justified.",0,0.0,Synthetic outcome; no real payment was processed.
TXN100140,14444.18,NetBanking,upi_timeout,2,0.77,RETRY,Temporary UPI/network timeout. A delayed retry may recover the payment.,Temporary technical failure with a strong recovery probability.,0,0.0,Synthetic outcome; no real payment was processed.
TXN100141,3925.63,UPI,network_error,3,0.376,STOP,Temporary network issue. A controlled retry is appropriate.,Retry limit reached. Further automated attempts are blocked.,0,0.0,Synthetic outcome; no real payment was processed.
TXN100142,7558.78,Card,network_error,3,0.159,STOP,Temporary network issue. A controlled retry is appropriate.,Retry limit reached. Further automated attempts are blocked.,0,0.0,Synthetic outcome; no real payment was processed.
TXN100143,4652.3,Card,bank_timeout,1,0.713,RETRY,Temporary bank-side timeout. A controlled retry may recover the payment.,Temporary technical failure with a strong recovery probability.,1,4652.3,Synthetic outcome; no real payment was processed.
TXN100144,4414.92,UPI,authentication_failed,3,0.205,STOP,Authentication failed. Customer action is required before another attempt.,Retry limit reached. Further automated attempts are blocked.,0,0.0,Synthetic outcome; no real payment was processed.
TXN100145,744.96,NetBanking,insufficient_funds,2,0.642,MESSAGE,Customer may not have sufficient funds. Customer notification is preferable to repeated retries.,Customer action is required before another payment attempt.,1,744.96,Synthetic outcome; no real payment was processed.
TXN100146,9221.16,NetBanking,insufficient_funds,0,0.115,MESSAGE,Customer may not have sufficient funds. Customer notification is preferable to repeated retries.,Customer action is required before another payment attempt.,0,0.0,Synthetic outcome; no real payment was processed.
TXN100147,7639.15,Card,upi_timeout,1,0.796,RETRY,Temporary UPI/network timeout. A delayed retry may recover the payment.,Temporary technical failure with a strong recovery probability.,1,7639.15,Synthetic outcome; no real payment was processed.
TXN100148,960.94,NetBanking,upi_timeout,1,0.853,RETRY,Temporary UPI/network timeout. A delayed retry may recover the payment.,Temporary technical failure with a strong recovery probability.,1,960.94,Synthetic outcome; no real payment was processed.
TXN100149,4323.25,NetBanking,authentication_failed,0,0.634,MESSAGE,Authentication failed. Customer action is required before another attempt.,Customer action is required before another payment attempt.,0,0.0,Synthetic outcome; no real payment was processed.
TXN100150,13642.24,Card,upi_timeout,1,0.69,RETRY,Temporary UPI/network timeout. A delayed retry may recover the payment.,Temporary technical failure with a strong recovery probability.,0,0.0,Synthetic outcome; no real payment was processed.
TXN100151,3744.76,NetBanking,insufficient_funds,1,0.561,MESSAGE,Customer may not have sufficient funds. Customer notification is preferable to repeated retries.,Customer action is required before another payment attempt.,0,0.0,Synthetic outcome; no real payment was processed.
TXN100152,2343.59,Card,card_declined,0,0.308,STOP,Card issuer declined the transaction. Customer may need to use another payment method.,"Recovery probability is low, so another automated attempt is not justified.",0,0.0,Synthetic outcome; no real payment was processed.
TXN100153,7443.39,Card,network_error,1,0.796,RETRY,Temporary network issue. A controlled retry is appropriate.,Temporary technical failure with a strong recovery probability.,1,7443.39,Synthetic outcome; no real payment was processed.
TXN100154,14787.61,Card,card_declined,2,0.166,STOP,Card issuer declined the transaction. Customer may need to use another payment method.,"Recovery probability is low, so another automated attempt is not justified.",0,0.0,Synthetic outcome; no real payment was processed.
TXN100155,3781.66,NetBanking,card_declined,1,0.201,STOP,Card issuer declined the transaction. Customer may need to use another payment method.,"Recovery probability is low, so another automated attempt is not justified.",0,0.0,Synthetic outcome; no real payment was processed.
TXN100156,10147.28,UPI,insufficient_funds,0,0.554,MESSAGE,Customer may not have sufficient funds. Customer notification is preferable to repeated retries.,Customer action is required before another payment attempt.,0,0.0,Synthetic outcome; no real payment was processed.
TXN100157,11471.73,NetBanking,card_declined,0,0.226,STOP,Card issuer declined the transaction. Customer may need to use another payment method.,"Recovery probability is low, so another automated attempt is not justified.",0,0.0,Synthetic outcome; no real payment was processed.
TXN100158,3716.27,NetBanking,authentication_failed,0,0.21,MESSAGE,Authentication failed. Customer action is required before another attempt.,Customer action is required before another payment attempt.,0,0.0,Synthetic outcome; no real payment was processed.
TXN100159,10977.33,UPI,bank_timeout,2,0.199,STOP,Temporary bank-side timeout. A controlled retry may recover the payment.,"Recovery probability is low, so another automated attempt is not justified.",0,0.0,Synthetic outcome; no real payment was processed.
TXN100160,5642.56,NetBanking,upi_timeout,0,0.364,MESSAGE,Temporary UPI/network timeout. A delayed retry may recover the payment.,Recovery probability is moderate; customer intervention is safer.,1,5642.56,Synthetic outcome; no real payment was processed.
TXN100161,9557.76,UPI,bank_timeout,1,0.887,RETRY,Temporary bank-side timeout. A controlled retry may recover the payment.,Temporary technical failure with a strong recovery probability.,1,9557.76,Synthetic outcome; no real payment was processed.
TXN100162,9575.87,UPI,network_error,0,0.579,MESSAGE,Temporary network issue. A controlled retry is appropriate.,Recovery probability is moderate; customer intervention is safer.,0,0.0,Synthetic outcome; no real payment was processed.
TXN100163,8129.0,Card,upi_timeout,0,0.698,RETRY,Temporary UPI/network timeout. A delayed retry may recover the payment.,Temporary technical failure with a strong recovery probability.,1,8129.0,Synthetic outcome; no real payment was processed.
TXN100164,1535.38,UPI,card_declined,2,0.587,MESSAGE,Card issuer declined the transaction. Customer may need to use another payment method.,Recovery probability is moderate; customer intervention is safer.,1,1535.38,Synthetic outcome; no real payment was processed.
TXN100165,12562.31,NetBanking,network_error,1,0.385,MESSAGE,Temporary network issue. A controlled retry is appropriate.,Recovery probability is moderate; customer intervention is safer.,0,0.0,Synthetic outcome; no real payment was processed.
TXN100166,4946.87,NetBanking,upi_timeout,0,0.413,MESSAGE,Temporary UPI/network timeout. A delayed retry may recover the payment.,Recovery probability is moderate; customer intervention is safer.,1,4946.87,Synthetic outcome; no real payment was processed.
TXN100167,2959.66,Card,authentication_failed,0,0.285,MESSAGE,Authentication failed. Customer action is required before another attempt.,Customer action is required before another payment attempt.,1,2959.66,Synthetic outcome; no real payment was processed.
TXN100168,802.51,UPI,authentication_failed,0,0.077,MESSAGE,Authentication failed. Customer action is required before another attempt.,Customer action is required before another payment attempt.,1,802.51,Synthetic outcome; no real payment was processed.
TXN100169,8944.81,UPI,authentication_failed,1,0.097,MESSAGE,Authentication failed. Customer action is required before another attempt.,Customer action is required before another payment attempt.,0,0.0,Synthetic outcome; no real payment was processed.
TXN100170,10227.63,Card,authentication_failed,1,0.14,MESSAGE,Authentication failed. Customer action is required before another attempt.,Customer action is required before another payment attempt.,0,0.0,Synthetic outcome; no real payment was processed.
TXN100171,444.52,Wallet,card_declined,0,0.278,STOP,Card issuer declined the transaction. Customer may need to use another payment method.,"Recovery probability is low, so another automated attempt is not justified.",0,0.0,Synthetic outcome; no real payment was processed.
TXN100172,7778.49,Card,bank_timeout,0,0.764,RETRY,Temporary bank-side timeout. A controlled retry may recover the payment.,Temporary technical failure with a strong recovery probability.,1,7778.49,Synthetic outcome; no real payment was processed.
TXN100173,3551.36,UPI,upi_timeout,0,0.594,MESSAGE,Temporary UPI/network timeout. A delayed retry may recover the payment.,Recovery probability is moderate; customer intervention is safer.,1,3551.36,Synthetic outcome; no real payment was processed.
TXN100174,9748.2,Card,card_declined,2,0.224,STOP,Card issuer declined the transaction. Customer may need to use another payment method.,"Recovery probability is low, so another automated attempt is not justified.",0,0.0,Synthetic outcome; no real payment was processed.
TXN100175,2779.8,Card,authentication_failed,3,0.122,STOP,Authentication failed. Customer action is required before another attempt.,Retry limit reached. Further automated attempts are blocked.,0,0.0,Synthetic outcome; no real payment was processed.
TXN100176,10425.57,NetBanking,bank_timeout,0,0.703,RETRY,Temporary bank-side timeout. A controlled retry may recover the payment.,Temporary technical failure with a strong recovery probability.,0,0.0,Synthetic outcome; no real payment was processed.
TXN100177,5923.07,UPI,network_error,2,0.57,MESSAGE,Temporary network issue. A controlled retry is appropriate.,Recovery probability is moderate; customer intervention is safer.,1,5923.07,Synthetic outcome; no real payment was processed.
TXN100178,14063.54,NetBanking,network_error,0,0.745,RETRY,Temporary network issue. A controlled retry is appropriate.,Temporary technical failure with a strong recovery probability.,0,0.0,Synthetic outcome; no real payment was processed.
TXN100179,2234.45,Card,network_error,0,0.669,RETRY,Temporary network issue. A controlled retry is appropriate.,Temporary technical failure with a strong recovery probability.,1,2234.45,Synthetic outcome; no real payment was processed.
TXN100180,5247.12,Wallet,authentication_failed,2,0.139,MESSAGE,Authentication failed. Customer action is required before another attempt.,Customer action is required before another payment attempt.,0,0.0,Synthetic outcome; no real payment was processed.
TXN100181,1878.52,UPI,network_error,2,0.727,RETRY,Temporary network issue. A controlled retry is appropriate.,Temporary technical failure with a strong recovery probability.,1,1878.52,Synthetic outcome; no real payment was processed.
TXN100182,13885.39,Card,insufficient_funds,3,0.057,STOP,Customer may not have sufficient funds. Customer notification is preferable to repeated retries.,Retry limit reached. Further automated attempts are blocked.,0,0.0,Synthetic outcome; no real payment was processed.
TXN100183,13184.5,Wallet,upi_timeout,1,0.41,MESSAGE,Temporary UPI/network timeout. A delayed retry may recover the payment.,Recovery probability is moderate; customer intervention is safer.,0,0.0,Synthetic outcome; no real payment was processed.
TXN100184,4016.79,UPI,upi_timeout,0,0.556,MESSAGE,Temporary UPI/network timeout. A delayed retry may recover the payment.,Recovery probability is moderate; customer intervention is safer.,1,4016.79,Synthetic outcome; no real payment was processed.
TXN100185,9967.42,Wallet,authentication_failed,2,0.05,MESSAGE,Authentication failed. Customer action is required before another attempt.,Customer action is required before another payment attempt.,0,0.0,Synthetic outcome; no real payment was processed.
TXN100186,12294.71,Card,insufficient_funds,0,0.211,MESSAGE,Customer may not have sufficient funds. Customer notification is preferable to repeated retries.,Customer action is required before another payment attempt.,0,0.0,Synthetic outcome; no real payment was processed.
TXN100187,8416.53,UPI,card_declined,1,0.648,RETRY,Card issuer declined the transaction. Customer may need to use another payment method.,Temporary technical failure with a strong recovery probability.,0,0.0,Synthetic outcome; no real payment was processed.
TXN100188,8038.36,UPI,card_declined,0,0.655,RETRY,Card issuer declined the transaction. Customer may need to use another payment method.,Temporary technical failure with a strong recovery probability.,0,0.0,Synthetic outcome; no real payment was processed.
TXN100189,3778.66,Card,network_error,1,0.766,RETRY,Temporary network issue. A controlled retry is appropriate.,Temporary technical failure with a strong recovery probability.,1,3778.66,Synthetic outcome; no real payment was processed.
TXN100190,1577.01,UPI,bank_timeout,0,0.81,RETRY,Temporary bank-side timeout. A controlled retry may recover the payment.,Temporary technical failure with a strong recovery probability.,1,1577.01,Synthetic outcome; no real payment was processed.
TXN100191,13478.69,Card,card_declined,0,0.321,STOP,Card issuer declined the transaction. Customer may need to use another payment method.,"Recovery probability is low, so another automated attempt is not justified.",0,0.0,Synthetic outcome; no real payment was processed.
TXN100192,13526.09,UPI,bank_timeout,2,0.756,RETRY,Temporary bank-side timeout. A controlled retry may recover the payment.,Temporary technical failure with a strong recovery probability.,0,0.0,Synthetic outcome; no real payment was processed.
TXN100193,9569.53,Card,upi_timeout,0,0.785,RETRY,Temporary UPI/network timeout. A delayed retry may recover the payment.,Temporary technical failure with a strong recovery probability.,1,9569.53,Synthetic outcome; no real payment was processed.
TXN100194,5216.98,UPI,bank_timeout,1,0.311,STOP,Temporary bank-side timeout. A controlled retry may recover the payment.,"Recovery probability is low, so another automated attempt is not justified.",0,0.0,Synthetic outcome; no real payment was processed.
TXN100195,5367.65,NetBanking,upi_timeout,0,0.695,RETRY,Temporary UPI/network timeout. A delayed retry may recover the payment.,Temporary technical failure with a strong recovery probability.,1,5367.65,Synthetic outcome; no real payment was processed.
TXN100196,10943.87,Wallet,insufficient_funds,0,0.097,MESSAGE,Customer may not have sufficient funds. Customer notification is preferable to repeated retries.,Customer action is required before another payment attempt.,0,0.0,Synthetic outcome; no real payment was processed.
TXN100197,13477.13,Wallet,insufficient_funds,0,0.133,MESSAGE,Customer may not have sufficient funds. Customer notification is preferable to repeated retries.,Customer action is required before another payment attempt.,0,0.0,Synthetic outcome; no real payment was processed.
TXN100198,13328.77,Card,authentication_failed,0,0.184,MESSAGE,Authentication failed. Customer action is required before another attempt.,Customer action is required before another payment attempt.,0,0.0,Synthetic outcome; no real payment was processed.
TXN100199,11741.94,UPI,authentication_failed,2,0.053,MESSAGE,Authentication failed. Customer action is required before another attempt.,Customer action is required before another payment attempt.,0,0.0,Synthetic outcome; no real payment was processed.
TXN100200,9701.71,NetBanking,network_error,0,0.453,MESSAGE,Temporary network issue. A controlled retry is appropriate.,Recovery probability is moderate; customer intervention is safer.,0,0.0,Synthetic outcome; no real payment was processed.
TXN100201,1444.36,UPI,card_declined,3,0.298,STOP,Card issuer declined the transaction. Customer may need to use another payment method.,Retry limit reached. Further automated attempts are blocked.,0,0.0,Synthetic outcome; no real payment was processed.
TXN100202,2591.27,UPI,network_error,1,0.737,RETRY,Temporary network issue. A controlled retry is appropriate.,Temporary technical failure with a strong recovery probability.,1,2591.27,Synthetic outcome; no real payment was processed.
TXN100203,13498.5,UPI,upi_timeout,0,0.905,RETRY,Temporary UPI/network timeout. A delayed retry may recover the payment.,Temporary technical failure with a strong recovery probability.,0,0.0,Synthetic outcome; no real payment was processed.
TXN100204,9174.76,Card,network_error,1,0.363,MESSAGE,Temporary network issue. A controlled retry is appropriate.,Recovery probability is moderate; customer intervention is safer.,0,0.0,Synthetic outcome; no real payment was processed.
TXN100205,335.13,NetBanking,bank_timeout,1,0.332,STOP,Temporary bank-side timeout. A controlled retry may recover the payment.,"Recovery probability is low, so another automated attempt is not justified.",0,0.0,Synthetic outcome; no real payment was processed.
TXN100206,1700.88,Card,upi_timeout,2,0.401,MESSAGE,Temporary UPI/network timeout. A delayed retry may recover the payment.,Recovery probability is moderate; customer intervention is safer.,1,1700.88,Synthetic outcome; no real payment was processed.
TXN100207,10019.49,UPI,authentication_failed,0,0.08,MESSAGE,Authentication failed. Customer action is required before another attempt.,Customer action is required before another payment attempt.,0,0.0,Synthetic outcome; no real payment was processed.
TXN100208,273.92,UPI,insufficient_funds,0,0.099,MESSAGE,Customer may not have sufficient funds. Customer notification is preferable to repeated retries.,Customer action is required before another payment attempt.,1,273.92,Synthetic outcome; no real payment was processed.
TXN100209,2579.12,Wallet,authentication_failed,2,0.072,MESSAGE,Authentication failed. Customer action is required before another attempt.,Customer action is required before another payment attempt.,0,0.0,Synthetic outcome; no real payment was processed.
TXN100210,8320.81,UPI,card_declined,3,0.253,STOP,Card issuer declined the transaction. Customer may need to use another payment method.,Retry limit reached. Further automated attempts are blocked.,0,0.0,Synthetic outcome; no real payment was processed.
TXN100211,10439.74,Card,upi_timeout,2,0.35,MESSAGE,Temporary UPI/network timeout. A delayed retry may recover the payment.,Recovery probability is moderate; customer intervention is safer.,0,0.0,Synthetic outcome; no real payment was processed.
TXN100212,9848.68,UPI,upi_timeout,0,0.328,STOP,Temporary UPI/network timeout. A delayed retry may recover the payment.,"Recovery probability is low, so another automated attempt is not justified.",0,0.0,Synthetic outcome; no real payment was processed.
TXN100213,3518.41,NetBanking,bank_timeout,2,0.757,RETRY,Temporary bank-side timeout. A controlled retry may recover the payment.,Temporary technical failure with a strong recovery probability.,1,3518.41,Synthetic outcome; no real payment was processed.
TXN100214,10739.96,Card,card_declined,1,0.162,STOP,Card issuer declined the transaction. Customer may need to use another payment method.,"Recovery probability is low, so another automated attempt is not justified.",0,0.0,Synthetic outcome; no real payment was processed.
TXN100215,3710.52,UPI,insufficient_funds,1,0.38,MESSAGE,Customer may not have sufficient funds. Customer notification is preferable to repeated retries.,Customer action is required before another payment attempt.,0,0.0,Synthetic outcome; no real payment was processed.
TXN100216,5015.24,UPI,upi_timeout,0,0.263,STOP,Temporary UPI/network timeout. A delayed retry may recover the payment.,"Recovery probability is low, so another automated attempt is not justified.",0,0.0,Synthetic outcome; no real payment was processed.
TXN100217,11247.82,Card,upi_timeout,1,0.258,STOP,Temporary UPI/network timeout. A delayed retry may recover the payment.,"Recovery probability is low, so another automated attempt is not justified.",0,0.0,Synthetic outcome; no real payment was processed.
TXN100218,9814.22,Card,bank_timeout,0,0.87,RETRY,Temporary bank-side timeout. A controlled retry may recover the payment.,Temporary technical failure with a strong recovery probability.,1,9814.22,Synthetic outcome; no real payment was processed.
TXN100219,12768.36,UPI,network_error,0,0.8,RETRY,Temporary network issue. A controlled retry is appropriate.,Temporary technical failure with a strong recovery probability.,0,0.0,Synthetic outcome; no real payment was processed.
TXN100220,9932.33,Wallet,insufficient_funds,2,0.047,MESSAGE,Customer may not have sufficient funds. Customer notification is preferable to repeated retries.,Customer action is required before another payment attempt.,0,0.0,Synthetic outcome; no real payment was processed.
TXN100221,8610.54,UPI,authentication_failed,0,0.217,MESSAGE,Authentication failed. Customer action is required before another attempt.,Customer action is required before another payment attempt.,0,0.0,Synthetic outcome; no real payment was processed.
TXN100222,1585.48,UPI,card_declined,0,0.677,RETRY,Card issuer declined the transaction. Customer may need to use another payment method.,Temporary technical failure with a strong recovery probability.,1,1585.48,Synthetic outcome; no real payment was processed.
TXN100223,5641.56,Wallet,upi_timeout,0,0.743,RETRY,Temporary UPI/network timeout. A delayed retry may recover the payment.,Temporary technical failure with a strong recovery probability.,1,5641.56,Synthetic outcome; no real payment was processed.
TXN100224,4124.26,UPI,upi_timeout,3,0.179,STOP,Temporary UPI/network timeout. A delayed retry may recover the payment.,Retry limit reached. Further automated attempts are blocked.,0,0.0,Synthetic outcome; no real payment was processed.
TXN100225,3810.29,Card,authentication_failed,1,0.279,MESSAGE,Authentication failed. Customer action is required before another attempt.,Customer action is required before another payment attempt.,0,0.0,Synthetic outcome; no real payment was processed.
TXN100226,14600.53,UPI,insufficient_funds,0,0.674,MESSAGE,Customer may not have sufficient funds. Customer notification is preferable to repeated retries.,Customer action is required before another payment attempt.,0,0.0,Synthetic outcome; no real payment was processed.
TXN100227,6017.24,UPI,network_error,2,0.337,STOP,Temporary network issue. A controlled retry is appropriate.,"Recovery probability is low, so another automated attempt is not justified.",0,0.0,Synthetic outcome; no real payment was processed.
TXN100228,13402.18,Wallet,upi_timeout,2,0.773,RETRY,Temporary UPI/network timeout. A delayed retry may recover the payment.,Temporary technical failure with a strong recovery probability.,0,0.0,Synthetic outcome; no real payment was processed.
TXN100229,9540.48,UPI,insufficient_funds,0,0.602,MESSAGE,Customer may not have sufficient funds. Customer notification is preferable to repeated retries.,Customer action is required before another payment attempt.,0,0.0,Synthetic outcome; no real payment was processed.
TXN100230,11963.0,NetBanking,authentication_failed,1,0.693,MESSAGE,Authentication failed. Customer action is required before another attempt.,Customer action is required before another payment attempt.,0,0.0,Synthetic outcome; no real payment was processed.
TXN100231,7638.53,UPI,bank_timeout,2,0.307,STOP,Temporary bank-side timeout. A controlled retry may recover the payment.,"Recovery probability is low, so another automated attempt is not justified.",0,0.0,Synthetic outcome; no real payment was processed.
TXN100232,8737.75,UPI,network_error,1,0.216,STOP,Temporary network issue. A controlled retry is appropriate.,"Recovery probability is low, so another automated attempt is not justified.",0,0.0,Synthetic outcome; no real payment was processed.
TXN100233,7488.75,UPI,card_declined,0,0.551,MESSAGE,Card issuer declined the transaction. Customer may need to use another payment method.,Recovery probability is moderate; customer intervention is safer.,0,0.0,Synthetic outcome; no real payment was processed.
TXN100234,3088.79,Card,upi_timeout,2,0.709,RETRY,Temporary UPI/network timeout. A delayed retry may recover the payment.,Temporary technical failure with a strong recovery probability.,1,3088.79,Synthetic outcome; no real payment was processed.
TXN100235,10892.01,UPI,insufficient_funds,1,0.536,MESSAGE,Customer may not have sufficient funds. Customer notification is preferable to repeated retries.,Customer action is required before another payment attempt.,0,0.0,Synthetic outcome; no real payment was processed.
TXN100236,4354.71,NetBanking,bank_timeout,0,0.726,RETRY,Temporary bank-side timeout. A controlled retry may recover the payment.,Temporary technical failure with a strong recovery probability.,1,4354.71,Synthetic outcome; no real payment was processed.
TXN100237,558.9,Card,card_declined,0,0.589,MESSAGE,Card issuer declined the transaction. Customer may need to use another payment method.,Recovery probability is moderate; customer intervention is safer.,1,558.9,Synthetic outcome; no real payment was processed.
TXN100238,9752.64,Wallet,insufficient_funds,0,0.052,MESSAGE,Customer may not have sufficient funds. Customer notification is preferable to repeated retries.,Customer action is required before another payment attempt.,0,0.0,Synthetic outcome; no real payment was processed.
TXN100239,2820.42,UPI,insufficient_funds,0,0.289,MESSAGE,Customer may not have sufficient funds. Customer notification is preferable to repeated retries.,Customer action is required before another payment attempt.,1,2820.42,Synthetic outcome; no real payment was processed.
TXN100240,14118.73,NetBanking,card_declined,2,0.316,STOP,Card issuer declined the transaction. Customer may need to use another payment method.,"Recovery probability is low, so another automated attempt is not justified.",0,0.0,Synthetic outcome; no real payment was processed.
TXN100241,14318.1,NetBanking,bank_timeout,0,0.782,RETRY,Temporary bank-side timeout. A controlled retry may recover the payment.,Temporary technical failure with a strong recovery probability.,0,0.0,Synthetic outcome; no real payment was processed.
TXN100242,13739.91,NetBanking,authentication_failed,0,0.279,MESSAGE,Authentication failed. Customer action is required before another attempt.,Customer action is required before another payment attempt.,0,0.0,Synthetic outcome; no real payment was processed.
TXN100243,5677.72,NetBanking,bank_timeout,1,0.798,RETRY,Temporary bank-side timeout. A controlled retry may recover the payment.,Temporary technical failure with a strong recovery probability.,1,5677.72,Synthetic outcome; no real payment was processed.
TXN100244,427.77,NetBanking,network_error,0,0.377,MESSAGE,Temporary network issue. A controlled retry is appropriate.,Recovery probability is moderate; customer intervention is safer.,1,427.77,Synthetic outcome; no real payment was processed.
TXN100245,13939.04,Card,upi_timeout,3,0.208,STOP,Temporary UPI/network timeout. A delayed retry may recover the payment.,Retry limit reached. Further automated attempts are blocked.,0,0.0,Synthetic outcome; no real payment was processed.
TXN100246,6536.55,UPI,card_declined,0,0.218,STOP,Card issuer declined the transaction. Customer may need to use another payment method.,"Recovery probability is low, so another automated attempt is not justified.",0,0.0,Synthetic outcome; no real payment was processed.
TXN100247,14506.46,UPI,authentication_failed,0,0.06,MESSAGE,Authentication failed. Customer action is required before another attempt.,Customer action is required before another payment attempt.,0,0.0,Synthetic outcome; no real payment was processed.
TXN100248,14461.54,Wallet,card_declined,0,0.168,STOP,Card issuer declined the transaction. Customer may need to use another payment method.,"Recovery probability is low, so another automated attempt is not justified.",0,0.0,Synthetic outcome; no real payment was processed.
TXN100249,12824.39,Card,card_declined,0,0.542,MESSAGE,Card issuer declined the transaction. Customer may need to use another payment method.,Recovery probability is moderate; customer intervention is safer.,0,0.0,Synthetic outcome; no real payment was processed.
TXN100250,4557.14,NetBanking,bank_timeout,0,0.415,MESSAGE,Temporary bank-side timeout. A controlled retry may recover the payment.,Recovery probability is moderate; customer intervention is safer.,1,4557.14,Synthetic outcome; no real payment was processed.
TXN100251,5898.83,Card,upi_timeout,1,0.419,MESSAGE,Temporary UPI/network timeout. A delayed retry may recover the payment.,Recovery probability is moderate; customer intervention is safer.,1,5898.83,Synthetic outcome; no real payment was processed.
TXN100252,12796.67,UPI,network_error,3,0.175,STOP,Temporary network issue. A controlled retry is appropriate.,Retry limit reached. Further automated attempts are blocked.,0,0.0,Synthetic outcome; no real payment was processed.
TXN100253,4889.76,UPI,insufficient_funds,0,0.109,MESSAGE,Customer may not have sufficient funds. Customer notification is preferable to repeated retries.,Customer action is required before another payment attempt.,0,0.0,Synthetic outcome; no real payment was processed.
TXN100254,2707.66,Card,insufficient_funds,1,0.209,MESSAGE,Customer may not have sufficient funds. Customer notification is preferable to repeated retries.,Customer action is required before another payment attempt.,0,0.0,Synthetic outcome; no real payment was processed.
TXN100255,8440.22,UPI,card_declined,1,0.575,MESSAGE,Card issuer declined the transaction. Customer may need to use another payment method.,Recovery probability is moderate; customer intervention is safer.,0,0.0,Synthetic outcome; no real payment was processed.
TXN100256,14055.03,UPI,upi_timeout,2,0.681,RETRY,Temporary UPI/network timeout. A delayed retry may recover the payment.,Temporary technical failure with a strong recovery probability.,0,0.0,Synthetic outcome; no real payment was processed.
TXN100257,10500.94,Card,authentication_failed,0,0.146,MESSAGE,Authentication failed. Customer action is required before another attempt.,Customer action is required before another payment attempt.,0,0.0,Synthetic outcome; no real payment was processed.
TXN100258,8636.48,UPI,bank_timeout,0,0.314,STOP,Temporary bank-side timeout. A controlled retry may recover the payment.,"Recovery probability is low, so another automated attempt is not justified.",0,0.0,Synthetic outcome; no real payment was processed.
TXN100259,1637.31,Card,upi_timeout,0,0.685,RETRY,Temporary UPI/network timeout. A delayed retry may recover the payment.,Temporary technical failure with a strong recovery probability.,1,1637.31,Synthetic outcome; no real payment was processed.
TXN100260,9301.72,UPI,upi_timeout,1,0.447,MESSAGE,Temporary UPI/network timeout. A delayed retry may recover the payment.,Recovery probability is moderate; customer intervention is safer.,0,0.0,Synthetic outcome; no real payment was processed.
TXN100261,14852.79,NetBanking,bank_timeout,2,0.599,MESSAGE,Temporary bank-side timeout. A controlled retry may recover the payment.,Recovery probability is moderate; customer intervention is safer.,0,0.0,Synthetic outcome; no real payment was processed.
TXN100262,2272.38,UPI,card_declined,0,0.614,RETRY,Card issuer declined the transaction. Customer may need to use another payment method.,Temporary technical failure with a strong recovery probability.,1,2272.38,Synthetic outcome; no real payment was processed.
TXN100263,7870.8,Card,upi_timeout,0,0.147,STOP,Temporary UPI/network timeout. A delayed retry may recover the payment.,"Recovery probability is low, so another automated attempt is not justified.",0,0.0,Synthetic outcome; no real payment was processed.
TXN100264,13185.0,UPI,insufficient_funds,2,0.093,MESSAGE,Customer may not have sufficient funds. Customer notification is preferable to repeated retries.,Customer action is required before another payment attempt.,0,0.0,Synthetic outcome; no real payment was processed.
TXN100265,11163.12,UPI,bank_timeout,2,0.828,RETRY,Temporary bank-side timeout. A controlled retry may recover the payment.,Temporary technical failure with a strong recovery probability.,0,0.0,Synthetic outcome; no real payment was processed.
TXN100266,10515.53,UPI,authentication_failed,3,0.1,STOP,Authentication failed. Customer action is required before another attempt.,Retry limit reached. Further automated attempts are blocked.,0,0.0,Synthetic outcome; no real payment was processed.
TXN100267,10596.47,Card,network_error,2,0.522,MESSAGE,Temporary network issue. A controlled retry is appropriate.,Recovery probability is moderate; customer intervention is safer.,0,0.0,Synthetic outcome; no real payment was processed.
TXN100268,5519.83,Card,card_declined,0,0.656,RETRY,Card issuer declined the transaction. Customer may need to use another payment method.,Temporary technical failure with a strong recovery probability.,1,5519.83,Synthetic outcome; no real payment was processed.
TXN100269,4544.45,UPI,bank_timeout,1,0.619,RETRY,Temporary bank-side timeout. A controlled retry may recover the payment.,Temporary technical failure with a strong recovery probability.,1,4544.45,Synthetic outcome; no real payment was processed.
TXN100270,12178.35,Card,network_error,1,0.812,RETRY,Temporary network issue. A controlled retry is appropriate.,Temporary technical failure with a strong recovery probability.,0,0.0,Synthetic outcome; no real payment was processed.
TXN100271,12189.49,NetBanking,network_error,0,0.801,RETRY,Temporary network issue. A controlled retry is appropriate.,Temporary technical failure with a strong recovery probability.,0,0.0,Synthetic outcome; no real payment was processed.
TXN100272,13032.54,NetBanking,authentication_failed,1,0.215,MESSAGE,Authentication failed. Customer action is required before another attempt.,Customer action is required before another payment attempt.,0,0.0,Synthetic outcome; no real payment was processed.
TXN100273,13715.87,UPI,upi_timeout,1,0.383,MESSAGE,Temporary UPI/network timeout. A delayed retry may recover the payment.,Recovery probability is moderate; customer intervention is safer.,0,0.0,Synthetic outcome; no real payment was processed.
TXN100274,7767.38,Card,authentication_failed,0,0.582,MESSAGE,Authentication failed. Customer action is required before another attempt.,Customer action is required before another payment attempt.,0,0.0,Synthetic outcome; no real payment was processed.
TXN100275,7621.94,UPI,upi_timeout,2,0.412,MESSAGE,Temporary UPI/network timeout. A delayed retry may recover the payment.,Recovery probability is moderate; customer intervention is safer.,0,0.0,Synthetic outcome; no real payment was processed.
TXN100276,12014.57,UPI,upi_timeout,1,0.616,RETRY,Temporary UPI/network timeout. A delayed retry may recover the payment.,Temporary technical failure with a strong recovery probability.,0,0.0,Synthetic outcome; no real payment was processed.
TXN100277,9819.12,Wallet,bank_timeout,3,0.578,STOP,Temporary bank-side timeout. A controlled retry may recover the payment.,Retry limit reached. Further automated attempts are blocked.,0,0.0,Synthetic outcome; no real payment was processed.
TXN100278,10588.81,UPI,bank_timeout,0,0.82,RETRY,Temporary bank-side timeout. A controlled retry may recover the payment.,Temporary technical failure with a strong recovery probability.,0,0.0,Synthetic outcome; no real payment was processed.
TXN100279,11977.53,Card,card_declined,0,0.284,STOP,Card issuer declined the transaction. Customer may need to use another payment method.,"Recovery probability is low, so another automated attempt is not justified.",0,0.0,Synthetic outcome; no real payment was processed.
TXN100280,13371.97,Card,upi_timeout,1,0.791,RETRY,Temporary UPI/network timeout. A delayed retry may recover the payment.,Temporary technical failure with a strong recovery probability.,0,0.0,Synthetic outcome; no real payment was processed.
TXN100281,5201.67,Card,network_error,0,0.652,RETRY,Temporary network issue. A controlled retry is appropriate.,Temporary technical failure with a strong recovery probability.,1,5201.67,Synthetic outcome; no real payment was processed.
TXN100282,5758.0,Card,insufficient_funds,1,0.275,MESSAGE,Customer may not have sufficient funds. Customer notification is preferable to repeated retries.,Customer action is required before another payment attempt.,0,0.0,Synthetic outcome; no real payment was processed.
TXN100283,1590.03,UPI,card_declined,2,0.661,RETRY,Card issuer declined the transaction. Customer may need to use another payment method.,Temporary technical failure with a strong recovery probability.,1,1590.03,Synthetic outcome; no real payment was processed.
TXN100284,8758.12,UPI,bank_timeout,0,0.377,MESSAGE,Temporary bank-side timeout. A controlled retry may recover the payment.,Recovery probability is moderate; customer intervention is safer.,0,0.0,Synthetic outcome; no real payment was processed.
TXN100285,730.98,Card,authentication_failed,1,0.102,MESSAGE,Authentication failed. Customer action is required before another attempt.,Customer action is required before another payment attempt.,0,0.0,Synthetic outcome; no real payment was processed.
TXN100286,7090.32,UPI,card_declined,1,0.192,STOP,Card issuer declined the transaction. Customer may need to use another payment method.,"Recovery probability is low, so another automated attempt is not justified.",0,0.0,Synthetic outcome; no real payment was processed.
TXN100287,8230.68,UPI,card_declined,0,0.347,STOP,Card issuer declined the transaction. Customer may need to use another payment method.,"Recovery probability is low, so another automated attempt is not justified.",0,0.0,Synthetic outcome; no real payment was processed.
TXN100288,4440.1,UPI,card_declined,3,0.681,STOP,Card issuer declined the transaction. Customer may need to use another payment method.,Retry limit reached. Further automated attempts are blocked.,0,0.0,Synthetic outcome; no real payment was processed.
TXN100289,8943.92,UPI,card_declined,2,0.406,MESSAGE,Card issuer declined the transaction. Customer may need to use another payment method.,Recovery probability is moderate; customer intervention is safer.,0,0.0,Synthetic outcome; no real payment was processed.
TXN100290,650.43,UPI,insufficient_funds,1,0.309,MESSAGE,Customer may not have sufficient funds. Customer notification is preferable to repeated retries.,Customer action is required before another payment attempt.,1,650.43,Synthetic outcome; no real payment was processed.
TXN100291,751.79,UPI,authentication_failed,1,0.228,MESSAGE,Authentication failed. Customer action is required before another attempt.,Customer action is required before another payment attempt.,1,751.79,Synthetic outcome; no real payment was processed.
TXN100292,12374.31,Card,authentication_failed,1,0.147,MESSAGE,Authentication failed. Customer action is required before another attempt.,Customer action is required before another payment attempt.,0,0.0,Synthetic outcome; no real payment was processed.
TXN100293,5530.18,Card,authentication_failed,2,0.082,MESSAGE,Authentication failed. Customer action is required before another attempt.,Customer action is required before another payment attempt.,0,0.0,Synthetic outcome; no real payment was processed.
TXN100294,2079.62,NetBanking,upi_timeout,1,0.711,RETRY,Temporary UPI/network timeout. A delayed retry may recover the payment.,Temporary technical failure with a strong recovery probability.,1,2079.62,Synthetic outcome; no real payment was processed.
TXN100295,7928.72,UPI,network_error,1,0.562,MESSAGE,Temporary network issue. A controlled retry is appropriate.,Recovery probability is moderate; customer intervention is safer.,0,0.0,Synthetic outcome; no real payment was processed.
TXN100296,11595.67,UPI,authentication_failed,2,0.082,MESSAGE,Authentication failed. Customer action is required before another attempt.,Customer action is required before another payment attempt.,0,0.0,Synthetic outcome; no real payment was processed.
TXN100297,3393.37,UPI,card_declined,0,0.657,RETRY,Card issuer declined the transaction. Customer may need to use another payment method.,Temporary technical failure with a strong recovery probability.,1,3393.37,Synthetic outcome; no real payment was processed.
TXN100298,9418.4,Card,card_declined,2,0.409,MESSAGE,Card issuer declined the transaction. Customer may need to use another payment method.,Recovery probability is moderate; customer intervention is safer.,0,0.0,Synthetic outcome; no real payment was processed.
TXN100299,1462.23,Card,authentication_failed,0,0.629,MESSAGE,Authentication failed. Customer action is required before another attempt.,Customer action is required before another payment attempt.,1,1462.23,Synthetic outcome; no real payment was processed.
TXN100300,963.94,UPI,authentication_failed,0,0.047,MESSAGE,Authentication failed. Customer action is required before another attempt.,Customer action is required before another payment attempt.,0,0.0,Synthetic outcome; no real payment was processed.
TXN100301,8063.58,Wallet,card_declined,0,0.323,STOP,Card issuer declined the transaction. Customer may need to use another payment method.,"Recovery probability is low, so another automated attempt is not justified.",0,0.0,Synthetic outcome; no real payment was processed.
TXN100302,8200.94,UPI,upi_timeout,3,0.763,STOP,Temporary UPI/network timeout. A delayed retry may recover the payment.,Retry limit reached. Further automated attempts are blocked.,0,0.0,Synthetic outcome; no real payment was processed.
TXN100303,9633.6,Card,bank_timeout,2,0.268,STOP,Temporary bank-side timeout. A controlled retry may recover the payment.,"Recovery probability is low, so another automated attempt is not justified.",0,0.0,Synthetic outcome; no real payment was processed.
TXN100304,10945.88,Card,bank_timeout,1,0.782,RETRY,Temporary bank-side timeout. A controlled retry may recover the payment.,Temporary technical failure with a strong recovery probability.,0,0.0,Synthetic outcome; no real payment was processed.
TXN100305,14642.59,NetBanking,authentication_failed,1,0.06,MESSAGE,Authentication failed. Customer action is required before another attempt.,Customer action is required before another payment attempt.,0,0.0,Synthetic outcome; no real payment was processed.
TXN100306,7840.76,Card,insufficient_funds,1,0.199,MESSAGE,Customer may not have sufficient funds. Customer notification is preferable to repeated retries.,Customer action is required before another payment attempt.,0,0.0,Synthetic outcome; no real payment was processed.
TXN100307,4979.08,NetBanking,authentication_failed,3,0.143,STOP,Authentication failed. Customer action is required before another attempt.,Retry limit reached. Further automated attempts are blocked.,0,0.0,Synthetic outcome; no real payment was processed.
TXN100308,11968.55,UPI,authentication_failed,1,0.493,MESSAGE,Authentication failed. Customer action is required before another attempt.,Customer action is required before another payment attempt.,0,0.0,Synthetic outcome; no real payment was processed.
TXN100309,4207.59,NetBanking,bank_timeout,0,0.803,RETRY,Temporary bank-side timeout. A controlled retry may recover the payment.,Temporary technical failure with a strong recovery probability.,1,4207.59,Synthetic outcome; no real payment was processed.
TXN100310,6696.22,UPI,card_declined,0,0.362,MESSAGE,Card issuer declined the transaction. Customer may need to use another payment method.,Recovery probability is moderate; customer intervention is safer.,0,0.0,Synthetic outcome; no real payment was processed.
TXN100311,1360.23,NetBanking,authentication_failed,2,0.043,MESSAGE,Authentication failed. Customer action is required before another attempt.,Customer action is required before another payment attempt.,0,0.0,Synthetic outcome; no real payment was processed.
TXN100312,574.22,Card,card_declined,1,0.667,RETRY,Card issuer declined the transaction. Customer may need to use another payment method.,Temporary technical failure with a strong recovery probability.,1,574.22,Synthetic outcome; no real payment was processed.
TXN100313,14447.16,NetBanking,card_declined,0,0.205,STOP,Card issuer declined the transaction. Customer may need to use another payment method.,"Recovery probability is low, so another automated attempt is not justified.",0,0.0,Synthetic outcome; no real payment was processed.
TXN100314,12572.34,Card,insufficient_funds,0,0.192,MESSAGE,Customer may not have sufficient funds. Customer notification is preferable to repeated retries.,Customer action is required before another payment attempt.,0,0.0,Synthetic outcome; no real payment was processed.
TXN100315,10500.11,Card,card_declined,2,0.133,STOP,Card issuer declined the transaction. Customer may need to use another payment method.,"Recovery probability is low, so another automated attempt is not justified.",0,0.0,Synthetic outcome; no real payment was processed.
TXN100316,6251.91,Card,bank_timeout,0,0.436,MESSAGE,Temporary bank-side timeout. A controlled retry may recover the payment.,Recovery probability is moderate; customer intervention is safer.,1,6251.91,Synthetic outcome; no real payment was processed.
TXN100317,2763.93,Card,upi_timeout,1,0.319,STOP,Temporary UPI/network timeout. A delayed retry may recover the payment.,"Recovery probability is low, so another automated attempt is not justified.",0,0.0,Synthetic outcome; no real payment was processed.
TXN100318,2514.42,UPI,upi_timeout,3,0.154,STOP,Temporary UPI/network timeout. A delayed retry may recover the payment.,Retry limit reached. Further automated attempts are blocked.,0,0.0,Synthetic outcome; no real payment was processed.
TXN100319,3902.85,UPI,network_error,0,0.446,MESSAGE,Temporary network issue. A controlled retry is appropriate.,Recovery probability is moderate; customer intervention is safer.,1,3902.85,Synthetic outcome; no real payment was processed.
TXN100320,8328.1,UPI,authentication_failed,0,0.141,MESSAGE,Authentication failed. Customer action is required before another attempt.,Customer action is required before another payment attempt.,0,0.0,Synthetic outcome; no real payment was processed.
TXN100321,10775.73,UPI,bank_timeout,1,0.813,RETRY,Temporary bank-side timeout. A controlled retry may recover the payment.,Temporary technical failure with a strong recovery probability.,0,0.0,Synthetic outcome; no real payment was processed.
TXN100322,9970.58,NetBanking,card_declined,2,0.148,STOP,Card issuer declined the transaction. Customer may need to use another payment method.,"Recovery probability is low, so another automated attempt is not justified.",0,0.0,Synthetic outcome; no real payment was processed.
TXN100323,4342.3,UPI,upi_timeout,1,0.627,RETRY,Temporary UPI/network timeout. A delayed retry may recover the payment.,Temporary technical failure with a strong recovery probability.,1,4342.3,Synthetic outcome; no real payment was processed.
TXN100324,14331.96,Wallet,bank_timeout,3,0.385,STOP,Temporary bank-side timeout. A controlled retry may recover the payment.,Retry limit reached. Further automated attempts are blocked.,0,0.0,Synthetic outcome; no real payment was processed.
TXN100325,11120.61,UPI,upi_timeout,0,0.407,MESSAGE,Temporary UPI/network timeout. A delayed retry may recover the payment.,Recovery probability is moderate; customer intervention is safer.,0,0.0,Synthetic outcome; no real payment was processed.
TXN100326,8403.99,UPI,card_declined,1,0.677,RETRY,Card issuer declined the transaction. Customer may need to use another payment method.,Temporary technical failure with a strong recovery probability.,0,0.0,Synthetic outcome; no real payment was processed.
TXN100327,9253.08,NetBanking,upi_timeout,1,0.825,RETRY,Temporary UPI/network timeout. A delayed retry may recover the payment.,Temporary technical failure with a strong recovery probability.,1,9253.08,Synthetic outcome; no real payment was processed.
TXN100328,6409.5,Card,authentication_failed,2,0.065,MESSAGE,Authentication failed. Customer action is required before another attempt.,Customer action is required before another payment attempt.,0,0.0,Synthetic outcome; no real payment was processed.
TXN100329,3865.67,Card,authentication_failed,0,0.689,MESSAGE,Authentication failed. Customer action is required before another attempt.,Customer action is required before another payment attempt.,0,0.0,Synthetic outcome; no real payment was processed.
TXN100330,5467.75,Card,network_error,2,0.424,MESSAGE,Temporary network issue. A controlled retry is appropriate.,Recovery probability is moderate; customer intervention is safer.,1,5467.75,Synthetic outcome; no real payment was processed.
TXN100331,11415.88,Card,network_error,1,0.385,MESSAGE,Temporary network issue. A controlled retry is appropriate.,Recovery probability is moderate; customer intervention is safer.,0,0.0,Synthetic outcome; no real payment was processed.
TXN100332,412.04,UPI,upi_timeout,0,0.448,MESSAGE,Temporary UPI/network timeout. A delayed retry may recover the payment.,Recovery probability is moderate; customer intervention is safer.,1,412.04,Synthetic outcome; no real payment was processed.
TXN100333,1916.99,Wallet,bank_timeout,0,0.862,RETRY,Temporary bank-side timeout. A controlled retry may recover the payment.,Temporary technical failure with a strong recovery probability.,1,1916.99,Synthetic outcome; no real payment was processed.
TXN100334,879.89,Wallet,authentication_failed,2,0.062,MESSAGE,Authentication failed. Customer action is required before another attempt.,Customer action is required before another payment attempt.,0,0.0,Synthetic outcome; no real payment was processed.
TXN100335,801.83,Card,bank_timeout,0,0.68,RETRY,Temporary bank-side timeout. A controlled retry may recover the payment.,Temporary technical failure with a strong recovery probability.,1,801.83,Synthetic outcome; no real payment was processed.
TXN100336,12860.67,UPI,bank_timeout,0,0.723,RETRY,Temporary bank-side timeout. A controlled retry may recover the payment.,Temporary technical failure with a strong recovery probability.,0,0.0,Synthetic outcome; no real payment was processed.
TXN100337,10613.84,Card,upi_timeout,0,0.233,STOP,Temporary UPI/network timeout. A delayed retry may recover the payment.,"Recovery probability is low, so another automated attempt is not justified.",0,0.0,Synthetic outcome; no real payment was processed.
TXN100338,7217.25,UPI,bank_timeout,2,0.726,RETRY,Temporary bank-side timeout. A controlled retry may recover the payment.,Temporary technical failure with a strong recovery probability.,1,7217.25,Synthetic outcome; no real payment was processed.
TXN100339,1647.04,UPI,authentication_failed,1,0.079,MESSAGE,Authentication failed. Customer action is required before another attempt.,Customer action is required before another payment attempt.,0,0.0,Synthetic outcome; no real payment was processed.
TXN100340,7475.41,UPI,card_declined,2,0.285,STOP,Card issuer declined the transaction. Customer may need to use another payment method.,"Recovery probability is low, so another automated attempt is not justified.",0,0.0,Synthetic outcome; no real payment was processed.
TXN100341,7206.86,Card,network_error,0,0.588,MESSAGE,Temporary network issue. A controlled retry is appropriate.,Recovery probability is moderate; customer intervention is safer.,1,7206.86,Synthetic outcome; no real payment was processed.
TXN100342,2762.56,NetBanking,card_declined,1,0.281,STOP,Card issuer declined the transaction. Customer may need to use another payment method.,"Recovery probability is low, so another automated attempt is not justified.",0,0.0,Synthetic outcome; no real payment was processed.
TXN100343,6620.44,Card,bank_timeout,1,0.519,MESSAGE,Temporary bank-side timeout. A controlled retry may recover the payment.,Recovery probability is moderate; customer intervention is safer.,1,6620.44,Synthetic outcome; no real payment was processed.
TXN100344,6097.27,Card,card_declined,2,0.388,MESSAGE,Card issuer declined the transaction. Customer may need to use another payment method.,Recovery probability is moderate; customer intervention is safer.,0,0.0,Synthetic outcome; no real payment was processed.
TXN100345,9314.2,UPI,authentication_failed,2,0.07,MESSAGE,Authentication failed. Customer action is required before another attempt.,Customer action is required before another payment attempt.,0,0.0,Synthetic outcome; no real payment was processed.
TXN100346,9599.02,UPI,authentication_failed,0,0.088,MESSAGE,Authentication failed. Customer action is required before another attempt.,Customer action is required before another payment attempt.,0,0.0,Synthetic outcome; no real payment was processed.
TXN100347,869.54,UPI,bank_timeout,1,0.77,RETRY,Temporary bank-side timeout. A controlled retry may recover the payment.,Temporary technical failure with a strong recovery probability.,1,869.54,Synthetic outcome; no real payment was processed.
TXN100348,5743.64,Wallet,upi_timeout,0,0.735,RETRY,Temporary UPI/network timeout. A delayed retry may recover the payment.,Temporary technical failure with a strong recovery probability.,1,5743.64,Synthetic outcome; no real payment was processed.
TXN100349,9462.35,UPI,card_declined,1,0.181,STOP,Card issuer declined the transaction. Customer may need to use another payment method.,"Recovery probability is low, so another automated attempt is not justified.",0,0.0,Synthetic outcome; no real payment was processed.
TXN100350,7645.92,NetBanking,upi_timeout,0,0.748,RETRY,Temporary UPI/network timeout. A delayed retry may recover the payment.,Temporary technical failure with a strong recovery probability.,1,7645.92,Synthetic outcome; no real payment was processed.
TXN100351,12875.91,Card,upi_timeout,0,0.299,STOP,Temporary UPI/network timeout. A delayed retry may recover the payment.,"Recovery probability is low, so another automated attempt is not justified.",0,0.0,Synthetic outcome; no real payment was processed.
TXN100352,9948.32,UPI,insufficient_funds,0,0.332,MESSAGE,Customer may not have sufficient funds. Customer notification is preferable to repeated retries.,Customer action is required before another payment attempt.,0,0.0,Synthetic outcome; no real payment was processed.
TXN100353,2610.59,Card,bank_timeout,1,0.581,MESSAGE,Temporary bank-side timeout. A controlled retry may recover the payment.,Recovery probability is moderate; customer intervention is safer.,1,2610.59,Synthetic outcome; no real payment was processed.
TXN100354,1243.49,Card,network_error,0,0.271,STOP,Temporary network issue. A controlled retry is appropriate.,"Recovery probability is low, so another automated attempt is not justified.",0,0.0,Synthetic outcome; no real payment was processed.
TXN100355,9707.45,NetBanking,authentication_failed,1,0.105,MESSAGE,Authentication failed. Customer action is required before another attempt.,Customer action is required before another payment attempt.,0,0.0,Synthetic outcome; no real payment was processed.
TXN100356,591.39,Wallet,authentication_failed,0,0.093,MESSAGE,Authentication failed. Customer action is required before another attempt.,Customer action is required before another payment attempt.,1,591.39,Synthetic outcome; no real payment was processed.
TXN100357,8869.06,UPI,bank_timeout,0,0.549,MESSAGE,Temporary bank-side timeout. A controlled retry may recover the payment.,Recovery probability is moderate; customer intervention is safer.,0,0.0,Synthetic outcome; no real payment was processed.
TXN100358,14115.35,UPI,network_error,2,0.795,RETRY,Temporary network issue. A controlled retry is appropriate.,Temporary technical failure with a strong recovery probability.,0,0.0,Synthetic outcome; no real payment was processed.
TXN100359,8716.59,Card,authentication_failed,0,0.146,MESSAGE,Authentication failed. Customer action is required before another attempt.,Customer action is required before another payment attempt.,0,0.0,Synthetic outcome; no real payment was processed.
TXN100360,5944.3,Wallet,bank_timeout,0,0.594,MESSAGE,Temporary bank-side timeout. A controlled retry may recover the payment.,Recovery probability is moderate; customer intervention is safer.,1,5944.3,Synthetic outcome; no real payment was processed.
TXN100361,9720.31,UPI,authentication_failed,1,0.167,MESSAGE,Authentication failed. Customer action is required before another attempt.,Customer action is required before another payment attempt.,0,0.0,Synthetic outcome; no real payment was processed.
TXN100362,6981.6,Card,upi_timeout,0,0.581,MESSAGE,Temporary UPI/network timeout. A delayed retry may recover the payment.,Recovery probability is moderate; customer intervention is safer.,1,6981.6,Synthetic outcome; no real payment was processed.
TXN100363,8274.67,Card,card_declined,0,0.369,MESSAGE,Card issuer declined the transaction. Customer may need to use another payment method.,Recovery probability is moderate; customer intervention is safer.,0,0.0,Synthetic outcome; no real payment was processed.
TXN100364,14133.62,Card,card_declined,0,0.42,MESSAGE,Card issuer declined the transaction. Customer may need to use another payment method.,Recovery probability is moderate; customer intervention is safer.,0,0.0,Synthetic outcome; no real payment was processed.
TXN100365,5913.71,UPI,authentication_failed,3,0.66,STOP,Authentication failed. Customer action is required before another attempt.,Retry limit reached. Further automated attempts are blocked.,0,0.0,Synthetic outcome; no real payment was processed.
TXN100366,14425.58,Card,insufficient_funds,1,0.214,MESSAGE,Customer may not have sufficient funds. Customer notification is preferable to repeated retries.,Customer action is required before another payment attempt.,0,0.0,Synthetic outcome; no real payment was processed.
TXN100367,13599.09,Wallet,network_error,1,0.798,RETRY,Temporary network issue. A controlled retry is appropriate.,Temporary technical failure with a strong recovery probability.,0,0.0,Synthetic outcome; no real payment was processed.
TXN100368,3096.9,UPI,network_error,1,0.453,MESSAGE,Temporary network issue. A controlled retry is appropriate.,Recovery probability is moderate; customer intervention is safer.,1,3096.9,Synthetic outcome; no real payment was processed.
TXN100369,1225.62,UPI,network_error,0,0.602,RETRY,Temporary network issue. A controlled retry is appropriate.,Temporary technical failure with a strong recovery probability.,1,1225.62,Synthetic outcome; no real payment was processed.
TXN100370,1690.62,Wallet,upi_timeout,0,0.668,RETRY,Temporary UPI/network timeout. A delayed retry may recover the payment.,Temporary technical failure with a strong recovery probability.,1,1690.62,Synthetic outcome; no real payment was processed.
TXN100371,468.7,UPI,network_error,2,0.747,RETRY,Temporary network issue. A controlled retry is appropriate.,Temporary technical failure with a strong recovery probability.,1,468.7,Synthetic outcome; no real payment was processed.
TXN100372,1596.85,NetBanking,card_declined,0,0.283,STOP,Card issuer declined the transaction. Customer may need to use another payment method.,"Recovery probability is low, so another automated attempt is not justified.",0,0.0,Synthetic outcome; no real payment was processed.
TXN100373,10308.18,Card,upi_timeout,0,0.208,STOP,Temporary UPI/network timeout. A delayed retry may recover the payment.,"Recovery probability is low, so another automated attempt is not justified.",0,0.0,Synthetic outcome; no real payment was processed.
TXN100374,1252.66,UPI,bank_timeout,0,0.469,MESSAGE,Temporary bank-side timeout. A controlled retry may recover the payment.,Recovery probability is moderate; customer intervention is safer.,1,1252.66,Synthetic outcome; no real payment was processed.
TXN100375,4920.16,NetBanking,network_error,0,0.451,MESSAGE,Temporary network issue. A controlled retry is appropriate.,Recovery probability is moderate; customer intervention is safer.,1,4920.16,Synthetic outcome; no real payment was processed.
TXN100376,12704.0,UPI,network_error,3,0.247,STOP,Temporary network issue. A controlled retry is appropriate.,Retry limit reached. Further automated attempts are blocked.,0,0.0,Synthetic outcome; no real payment was processed.
TXN100377,543.45,Card,bank_timeout,0,0.737,RETRY,Temporary bank-side timeout. A controlled retry may recover the payment.,Temporary technical failure with a strong recovery probability.,1,543.45,Synthetic outcome; no real payment was processed.
TXN100378,12253.95,UPI,network_error,1,0.756,RETRY,Temporary network issue. A controlled retry is appropriate.,Temporary technical failure with a strong recovery probability.,0,0.0,Synthetic outcome; no real payment was processed.
TXN100379,4370.73,Card,bank_timeout,0,0.422,MESSAGE,Temporary bank-side timeout. A controlled retry may recover the payment.,Recovery probability is moderate; customer intervention is safer.,1,4370.73,Synthetic outcome; no real payment was processed.
TXN100380,1947.96,UPI,upi_timeout,3,0.216,STOP,Temporary UPI/network timeout. A delayed retry may recover the payment.,Retry limit reached. Further automated attempts are blocked.,0,0.0,Synthetic outcome; no real payment was processed.
TXN100381,10511.41,UPI,card_declined,0,0.351,MESSAGE,Card issuer declined the transaction. Customer may need to use another payment method.,Recovery probability is moderate; customer intervention is safer.,0,0.0,Synthetic outcome; no real payment was processed.
TXN100382,9507.98,Wallet,bank_timeout,0,0.357,MESSAGE,Temporary bank-side timeout. A controlled retry may recover the payment.,Recovery probability is moderate; customer intervention is safer.,0,0.0,Synthetic outcome; no real payment was processed.
TXN100383,13186.46,UPI,insufficient_funds,1,0.107,MESSAGE,Customer may not have sufficient funds. Customer notification is preferable to repeated retries.,Customer action is required before another payment attempt.,0,0.0,Synthetic outcome; no real payment was processed.
TXN100384,11078.79,Card,bank_timeout,1,0.309,STOP,Temporary bank-side timeout. A controlled retry may recover the payment.,"Recovery probability is low, so another automated attempt is not justified.",0,0.0,Synthetic outcome; no real payment was processed.
TXN100385,12091.32,UPI,network_error,0,0.711,RETRY,Temporary network issue. A controlled retry is appropriate.,Temporary technical failure with a strong recovery probability.,0,0.0,Synthetic outcome; no real payment was processed.
TXN100386,4373.39,NetBanking,upi_timeout,0,0.621,RETRY,Temporary UPI/network timeout. A delayed retry may recover the payment.,Temporary technical failure with a strong recovery probability.,1,4373.39,Synthetic outcome; no real payment was processed.
TXN100387,2825.28,UPI,authentication_failed,0,0.2,MESSAGE,Authentication failed. Customer action is required before another attempt.,Customer action is required before another payment attempt.,0,0.0,Synthetic outcome; no real payment was processed.
TXN100388,11308.85,Wallet,upi_timeout,0,0.722,RETRY,Temporary UPI/network timeout. A delayed retry may recover the payment.,Temporary technical failure with a strong recovery probability.,1,11308.85,Synthetic outcome; no real payment was processed.
TXN100389,12140.96,Card,authentication_failed,0,0.584,MESSAGE,Authentication failed. Customer action is required before another attempt.,Customer action is required before another payment attempt.,0,0.0,Synthetic outcome; no real payment was processed.
TXN100390,14859.47,UPI,bank_timeout,1,0.559,MESSAGE,Temporary bank-side timeout. A controlled retry may recover the payment.,Recovery probability is moderate; customer intervention is safer.,0,0.0,Synthetic outcome; no real payment was processed.
TXN100391,6306.15,UPI,card_declined,0,0.74,RETRY,Card issuer declined the transaction. Customer may need to use another payment method.,Temporary technical failure with a strong recovery probability.,1,6306.15,Synthetic outcome; no real payment was processed.
TXN100392,5705.24,UPI,insufficient_funds,0,0.136,MESSAGE,Customer may not have sufficient funds. Customer notification is preferable to repeated retries.,Customer action is required before another payment attempt.,0,0.0,Synthetic outcome; no real payment was processed.
TXN100393,11690.69,Card,upi_timeout,1,0.852,RETRY,Temporary UPI/network timeout. A delayed retry may recover the payment.,Temporary technical failure with a strong recovery probability.,0,0.0,Synthetic outcome; no real payment was processed.
TXN100394,5243.23,UPI,network_error,3,0.29,STOP,Temporary network issue. A controlled retry is appropriate.,Retry limit reached. Further automated attempts are blocked.,0,0.0,Synthetic outcome; no real payment was processed.
TXN100395,13975.14,NetBanking,authentication_failed,1,0.045,MESSAGE,Authentication failed. Customer action is required before another attempt.,Customer action is required before another payment attempt.,0,0.0,Synthetic outcome; no real payment was processed.
TXN100396,12904.37,UPI,network_error,0,0.33,STOP,Temporary network issue. A controlled retry is appropriate.,"Recovery probability is low, so another automated attempt is not justified.",0,0.0,Synthetic outcome; no real payment was processed.
TXN100397,6548.54,UPI,card_declined,0,0.744,RETRY,Card issuer declined the transaction. Customer may need to use another payment method.,Temporary technical failure with a strong recovery probability.,1,6548.54,Synthetic outcome; no real payment was processed.
TXN100398,11312.64,Card,authentication_failed,3,0.046,STOP,Authentication failed. Customer action is required before another attempt.,Retry limit reached. Further automated attempts are blocked.,0,0.0,Synthetic outcome; no real payment was processed.
TXN100399,11366.99,Card,upi_timeout,0,0.48,MESSAGE,Temporary UPI/network timeout. A delayed retry may recover the payment.,Recovery probability is moderate; customer intervention is safer.,0,0.0,Synthetic outcome; no real payment was processed.
TXN100400,1725.34,UPI,bank_timeout,0,0.658,RETRY,Temporary bank-side timeout. A controlled retry may recover the payment.,Temporary technical failure with a strong recovery probability.,1,1725.34,Synthetic outcome; no real payment was processed.
TXN100401,13557.69,UPI,network_error,1,0.22,STOP,Temporary network issue. A controlled retry is appropriate.,"Recovery probability is low, so another automated attempt is not justified.",0,0.0,Synthetic outcome; no real payment was processed.
TXN100402,7677.24,UPI,card_declined,1,0.596,MESSAGE,Card issuer declined the transaction. Customer may need to use another payment method.,Recovery probability is moderate; customer intervention is safer.,0,0.0,Synthetic outcome; no real payment was processed.
TXN100403,12431.4,Card,upi_timeout,1,0.735,RETRY,Temporary UPI/network timeout. A delayed retry may recover the payment.,Temporary technical failure with a strong recovery probability.,0,0.0,Synthetic outcome; no real payment was processed.
TXN100404,4936.05,Card,upi_timeout,0,0.697,RETRY,Temporary UPI/network timeout. A delayed retry may recover the payment.,Temporary technical failure with a strong recovery probability.,1,4936.05,Synthetic outcome; no real payment was processed.
TXN100405,13453.64,Card,upi_timeout,0,0.714,RETRY,Temporary UPI/network timeout. A delayed retry may recover the payment.,Temporary technical failure with a strong recovery probability.,0,0.0,Synthetic outcome; no real payment was processed.
TXN100406,5959.57,NetBanking,upi_timeout,3,0.659,STOP,Temporary UPI/network timeout. A delayed retry may recover the payment.,Retry limit reached. Further automated attempts are blocked.,0,0.0,Synthetic outcome; no real payment was processed.
TXN100407,359.41,NetBanking,authentication_failed,0,0.155,MESSAGE,Authentication failed. Customer action is required before another attempt.,Customer action is required before another payment attempt.,1,359.41,Synthetic outcome; no real payment was processed.
TXN100408,13599.56,Card,upi_timeout,1,0.332,STOP,Temporary UPI/network timeout. A delayed retry may recover the payment.,"Recovery probability is low, so another automated attempt is not justified.",0,0.0,Synthetic outcome; no real payment was processed.
TXN100409,1550.13,NetBanking,network_error,1,0.73,RETRY,Temporary network issue. A controlled retry is appropriate.,Temporary technical failure with a strong recovery probability.,1,1550.13,Synthetic outcome; no real payment was processed.
TXN100410,4925.16,UPI,card_declined,1,0.342,STOP,Card issuer declined the transaction. Customer may need to use another payment method.,"Recovery probability is low, so another automated attempt is not justified.",0,0.0,Synthetic outcome; no real payment was processed.
TXN100411,14260.87,UPI,authentication_failed,0,0.033,MESSAGE,Authentication failed. Customer action is required before another attempt.,Customer action is required before another payment attempt.,0,0.0,Synthetic outcome; no real payment was processed.
TXN100412,14268.94,UPI,upi_timeout,0,0.592,MESSAGE,Temporary UPI/network timeout. A delayed retry may recover the payment.,Recovery probability is moderate; customer intervention is safer.,0,0.0,Synthetic outcome; no real payment was processed.
TXN100413,8686.45,UPI,insufficient_funds,1,0.112,MESSAGE,Customer may not have sufficient funds. Customer notification is preferable to repeated retries.,Customer action is required before another payment attempt.,0,0.0,Synthetic outcome; no real payment was processed.
TXN100414,9550.82,Card,insufficient_funds,2,0.176,MESSAGE,Customer may not have sufficient funds. Customer notification is preferable to repeated retries.,Customer action is required before another payment attempt.,0,0.0,Synthetic outcome; no real payment was processed.
TXN100415,6836.44,Wallet,card_declined,3,0.721,STOP,Card issuer declined the transaction. Customer may need to use another payment method.,Retry limit reached. Further automated attempts are blocked.,0,0.0,Synthetic outcome; no real payment was processed.
TXN100416,4538.81,UPI,bank_timeout,0,0.392,MESSAGE,Temporary bank-side timeout. A controlled retry may recover the payment.,Recovery probability is moderate; customer intervention is safer.,1,4538.81,Synthetic outcome; no real payment was processed.
TXN100417,5063.56,UPI,bank_timeout,0,0.868,RETRY,Temporary bank-side timeout. A controlled retry may recover the payment.,Temporary technical failure with a strong recovery probability.,1,5063.56,Synthetic outcome; no real payment was processed.
TXN100418,10152.95,Card,authentication_failed,3,0.095,STOP,Authentication failed. Customer action is required before another attempt.,Retry limit reached. Further automated attempts are blocked.,0,0.0,Synthetic outcome; no real payment was processed.
TXN100419,11334.9,Wallet,authentication_failed,1,0.121,MESSAGE,Authentication failed. Customer action is required before another attempt.,Customer action is required before another payment attempt.,0,0.0,Synthetic outcome; no real payment was processed.
TXN100420,11915.16,UPI,authentication_failed,2,0.185,MESSAGE,Authentication failed. Customer action is required before another attempt.,Customer action is required before another payment attempt.,0,0.0,Synthetic outcome; no real payment was processed.
TXN100421,11886.14,Card,bank_timeout,0,0.202,STOP,Temporary bank-side timeout. A controlled retry may recover the payment.,"Recovery probability is low, so another automated attempt is not justified.",0,0.0,Synthetic outcome; no real payment was processed.
TXN100422,1548.94,UPI,insufficient_funds,1,0.156,MESSAGE,Customer may not have sufficient funds. Customer notification is preferable to repeated retries.,Customer action is required before another payment attempt.,1,1548.94,Synthetic outcome; no real payment was processed.
TXN100423,7516.91,UPI,bank_timeout,1,0.381,MESSAGE,Temporary bank-side timeout. A controlled retry may recover the payment.,Recovery probability is moderate; customer intervention is safer.,0,0.0,Synthetic outcome; no real payment was processed.
TXN100424,1050.93,Wallet,network_error,1,0.779,RETRY,Temporary network issue. A controlled retry is appropriate.,Temporary technical failure with a strong recovery probability.,1,1050.93,Synthetic outcome; no real payment was processed.
TXN100425,8332.58,Wallet,upi_timeout,0,0.824,RETRY,Temporary UPI/network timeout. A delayed retry may recover the payment.,Temporary technical failure with a strong recovery probability.,1,8332.58,Synthetic outcome; no real payment was processed.
TXN100426,6734.09,UPI,authentication_failed,0,0.035,MESSAGE,Authentication failed. Customer action is required before another attempt.,Customer action is required before another payment attempt.,0,0.0,Synthetic outcome; no real payment was processed.
TXN100427,13337.91,Wallet,insufficient_funds,1,0.146,MESSAGE,Customer may not have sufficient funds. Customer notification is preferable to repeated retries.,Customer action is required before another payment attempt.,0,0.0,Synthetic outcome; no real payment was processed.
TXN100428,5392.89,Card,card_declined,0,0.764,RETRY,Card issuer declined the transaction. Customer may need to use another payment method.,Temporary technical failure with a strong recovery probability.,1,5392.89,Synthetic outcome; no real payment was processed.
TXN100429,1931.71,NetBanking,card_declined,1,0.413,MESSAGE,Card issuer declined the transaction. Customer may need to use another payment method.,Recovery probability is moderate; customer intervention is safer.,1,1931.71,Synthetic outcome; no real payment was processed.
TXN100430,2315.42,Card,upi_timeout,3,0.709,STOP,Temporary UPI/network timeout. A delayed retry may recover the payment.,Retry limit reached. Further automated attempts are blocked.,0,0.0,Synthetic outcome; no real payment was processed.
TXN100431,11470.12,Card,insufficient_funds,0,0.17,MESSAGE,Customer may not have sufficient funds. Customer notification is preferable to repeated retries.,Customer action is required before another payment attempt.,0,0.0,Synthetic outcome; no real payment was processed.
TXN100432,9349.25,Card,bank_timeout,2,0.394,MESSAGE,Temporary bank-side timeout. A controlled retry may recover the payment.,Recovery probability is moderate; customer intervention is safer.,0,0.0,Synthetic outcome; no real payment was processed.
TXN100433,1695.72,Card,bank_timeout,0,0.258,STOP,Temporary bank-side timeout. A controlled retry may recover the payment.,"Recovery probability is low, so another automated attempt is not justified.",0,0.0,Synthetic outcome; no real payment was processed.
TXN100434,1443.86,UPI,network_error,1,0.624,RETRY,Temporary network issue. A controlled retry is appropriate.,Temporary technical failure with a strong recovery probability.,1,1443.86,Synthetic outcome; no real payment was processed.
TXN100435,10574.04,UPI,network_error,3,0.21,STOP,Temporary network issue. A controlled retry is appropriate.,Retry limit reached. Further automated attempts are blocked.,0,0.0,Synthetic outcome; no real payment was processed.
TXN100436,1275.97,UPI,bank_timeout,0,0.84,RETRY,Temporary bank-side timeout. A controlled retry may recover the payment.,Temporary technical failure with a strong recovery probability.,1,1275.97,Synthetic outcome; no real payment was processed.
TXN100437,12363.35,Card,card_declined,0,0.476,MESSAGE,Card issuer declined the transaction. Customer may need to use another payment method.,Recovery probability is moderate; customer intervention is safer.,0,0.0,Synthetic outcome; no real payment was processed.
TXN100438,10652.09,UPI,authentication_failed,0,0.197,MESSAGE,Authentication failed. Customer action is required before another attempt.,Customer action is required before another payment attempt.,0,0.0,Synthetic outcome; no real payment was processed.
TXN100439,1403.04,Card,card_declined,0,0.61,RETRY,Card issuer declined the transaction. Customer may need to use another payment method.,Temporary technical failure with a strong recovery probability.,1,1403.04,Synthetic outcome; no real payment was processed.
TXN100440,1454.68,Wallet,network_error,1,0.796,RETRY,Temporary network issue. A controlled retry is appropriate.,Temporary technical failure with a strong recovery probability.,1,1454.68,Synthetic outcome; no real payment was processed.
TXN100441,14802.25,UPI,upi_timeout,2,0.689,RETRY,Temporary UPI/network timeout. A delayed retry may recover the payment.,Temporary technical failure with a strong recovery probability.,0,0.0,Synthetic outcome; no real payment was processed.
TXN100442,5738.58,Card,bank_timeout,0,0.712,RETRY,Temporary bank-side timeout. A controlled retry may recover the payment.,Temporary technical failure with a strong recovery probability.,1,5738.58,Synthetic outcome; no real payment was processed.
TXN100443,5684.87,UPI,network_error,0,0.677,RETRY,Temporary network issue. A controlled retry is appropriate.,Temporary technical failure with a strong recovery probability.,1,5684.87,Synthetic outcome; no real payment was processed.
TXN100444,12229.25,NetBanking,network_error,0,0.68,RETRY,Temporary network issue. A controlled retry is appropriate.,Temporary technical failure with a strong recovery probability.,0,0.0,Synthetic outcome; no real payment was processed.
TXN100445,14219.23,UPI,authentication_failed,1,0.192,MESSAGE,Authentication failed. Customer action is required before another attempt.,Customer action is required before another payment attempt.,0,0.0,Synthetic outcome; no real payment was processed.
TXN100446,14792.8,Card,bank_timeout,0,0.207,STOP,Temporary bank-side timeout. A controlled retry may recover the payment.,"Recovery probability is low, so another automated attempt is not justified.",0,0.0,Synthetic outcome; no real payment was processed.
TXN100447,11349.75,NetBanking,authentication_failed,1,0.226,MESSAGE,Authentication failed. Customer action is required before another attempt.,Customer action is required before another payment attempt.,0,0.0,Synthetic outcome; no real payment was processed.
TXN100448,5768.02,Wallet,bank_timeout,1,0.786,RETRY,Temporary bank-side timeout. A controlled retry may recover the payment.,Temporary technical failure with a strong recovery probability.,1,5768.02,Synthetic outcome; no real payment was processed.
TXN100449,1434.89,Card,authentication_failed,1,0.455,MESSAGE,Authentication failed. Customer action is required before another attempt.,Customer action is required before another payment attempt.,1,1434.89,Synthetic outcome; no real payment was processed.
TXN100450,11701.55,Card,card_declined,0,0.254,STOP,Card issuer declined the transaction. Customer may need to use another payment method.,"Recovery probability is low, so another automated attempt is not justified.",0,0.0,Synthetic outcome; no real payment was processed.
TXN100451,8463.94,Card,upi_timeout,1,0.568,MESSAGE,Temporary UPI/network timeout. A delayed retry may recover the payment.,Recovery probability is moderate; customer intervention is safer.,0,0.0,Synthetic outcome; no real payment was processed.
TXN100452,6477.91,NetBanking,upi_timeout,0,0.58,MESSAGE,Temporary UPI/network timeout. A delayed retry may recover the payment.,Recovery probability is moderate; customer intervention is safer.,0,0.0,Synthetic outcome; no real payment was processed.
TXN100453,13613.95,Card,bank_timeout,0,0.801,RETRY,Temporary bank-side timeout. A controlled retry may recover the payment.,Temporary technical failure with a strong recovery probability.,0,0.0,Synthetic outcome; no real payment was processed.
TXN100454,1844.83,UPI,insufficient_funds,2,0.076,MESSAGE,Customer may not have sufficient funds. Customer notification is preferable to repeated retries.,Customer action is required before another payment attempt.,0,0.0,Synthetic outcome; no real payment was processed.
TXN100455,7490.34,Wallet,network_error,1,0.668,RETRY,Temporary network issue. A controlled retry is appropriate.,Temporary technical failure with a strong recovery probability.,0,0.0,Synthetic outcome; no real payment was processed.
TXN100456,367.05,Card,network_error,0,0.388,MESSAGE,Temporary network issue. A controlled retry is appropriate.,Recovery probability is moderate; customer intervention is safer.,1,367.05,Synthetic outcome; no real payment was processed.
TXN100457,7135.65,Card,bank_timeout,0,0.808,RETRY,Temporary bank-side timeout. A controlled retry may recover the payment.,Temporary technical failure with a strong recovery probability.,1,7135.65,Synthetic outcome; no real payment was processed.
TXN100458,1032.34,UPI,authentication_failed,0,0.095,MESSAGE,Authentication failed. Customer action is required before another attempt.,Customer action is required before another payment attempt.,1,1032.34,Synthetic outcome; no real payment was processed.
TXN100459,1957.62,Card,insufficient_funds,0,0.229,MESSAGE,Customer may not have sufficient funds. Customer notification is preferable to repeated retries.,Customer action is required before another payment attempt.,1,1957.62,Synthetic outcome; no real payment was processed.
TXN100460,1938.51,UPI,card_declined,0,0.594,MESSAGE,Card issuer declined the transaction. Customer may need to use another payment method.,Recovery probability is moderate; customer intervention is safer.,1,1938.51,Synthetic outcome; no real payment was processed.
TXN100461,9807.96,Card,authentication_failed,0,0.249,MESSAGE,Authentication failed. Customer action is required before another attempt.,Customer action is required before another payment attempt.,0,0.0,Synthetic outcome; no real payment was processed.
TXN100462,11241.21,UPI,authentication_failed,1,0.086,MESSAGE,Authentication failed. Customer action is required before another attempt.,Customer action is required before another payment attempt.,0,0.0,Synthetic outcome; no real payment was processed.
TXN100463,8833.44,Card,bank_timeout,1,0.797,RETRY,Temporary bank-side timeout. A controlled retry may recover the payment.,Temporary technical failure with a strong recovery probability.,0,0.0,Synthetic outcome; no real payment was processed.
TXN100464,14440.12,Wallet,bank_timeout,1,0.405,MESSAGE,Temporary bank-side timeout. A controlled retry may recover the payment.,Recovery probability is moderate; customer intervention is safer.,0,0.0,Synthetic outcome; no real payment was processed.
TXN100465,5747.46,UPI,network_error,1,0.478,MESSAGE,Temporary network issue. A controlled retry is appropriate.,Recovery probability is moderate; customer intervention is safer.,1,5747.46,Synthetic outcome; no real payment was processed.
TXN100466,4427.82,Wallet,bank_timeout,0,0.891,RETRY,Temporary bank-side timeout. A controlled retry may recover the payment.,Temporary technical failure with a strong recovery probability.,1,4427.82,Synthetic outcome; no real payment was processed.
TXN100467,13055.14,UPI,bank_timeout,3,0.755,STOP,Temporary bank-side timeout. A controlled retry may recover the payment.,Retry limit reached. Further automated attempts are blocked.,0,0.0,Synthetic outcome; no real payment was processed.
TXN100468,3508.44,NetBanking,bank_timeout,2,0.548,MESSAGE,Temporary bank-side timeout. A controlled retry may recover the payment.,Recovery probability is moderate; customer intervention is safer.,1,3508.44,Synthetic outcome; no real payment was processed.
TXN100469,14455.66,NetBanking,network_error,2,0.61,RETRY,Temporary network issue. A controlled retry is appropriate.,Temporary technical failure with a strong recovery probability.,0,0.0,Synthetic outcome; no real payment was processed.
TXN100470,378.9,Card,card_declined,2,0.72,RETRY,Card issuer declined the transaction. Customer may need to use another payment method.,Temporary technical failure with a strong recovery probability.,1,378.9,Synthetic outcome; no real payment was processed.
TXN100471,14554.18,Card,card_declined,3,0.146,STOP,Card issuer declined the transaction. Customer may need to use another payment method.,Retry limit reached. Further automated attempts are blocked.,0,0.0,Synthetic outcome; no real payment was processed.
TXN100472,837.81,NetBanking,bank_timeout,1,0.673,RETRY,Temporary bank-side timeout. A controlled retry may recover the payment.,Temporary technical failure with a strong recovery probability.,1,837.81,Synthetic outcome; no real payment was processed.
TXN100473,13388.81,UPI,network_error,0,0.527,MESSAGE,Temporary network issue. A controlled retry is appropriate.,Recovery probability is moderate; customer intervention is safer.,0,0.0,Synthetic outcome; no real payment was processed.
TXN100474,8009.5,UPI,card_declined,1,0.392,MESSAGE,Card issuer declined the transaction. Customer may need to use another payment method.,Recovery probability is moderate; customer intervention is safer.,0,0.0,Synthetic outcome; no real payment was processed.
TXN100475,14895.87,Card,authentication_failed,1,0.269,MESSAGE,Authentication failed. Customer action is required before another attempt.,Customer action is required before another payment attempt.,0,0.0,Synthetic outcome; no real payment was processed.
TXN100476,1291.26,NetBanking,card_declined,1,0.524,MESSAGE,Card issuer declined the transaction. Customer may need to use another payment method.,Recovery probability is moderate; customer intervention is safer.,1,1291.26,Synthetic outcome; no real payment was processed.
TXN100477,8396.6,NetBanking,card_declined,1,0.717,RETRY,Card issuer declined the transaction. Customer may need to use another payment method.,Temporary technical failure with a strong recovery probability.,1,8396.6,Synthetic outcome; no real payment was processed.
TXN100478,14545.65,NetBanking,network_error,0,0.806,RETRY,Temporary network issue. A controlled retry is appropriate.,Temporary technical failure with a strong recovery probability.,0,0.0,Synthetic outcome; no real payment was processed.
TXN100479,7941.37,UPI,authentication_failed,0,0.099,MESSAGE,Authentication failed. Customer action is required before another attempt.,Customer action is required before another payment attempt.,0,0.0,Synthetic outcome; no real payment was processed.
TXN100480,9514.73,NetBanking,network_error,2,0.47,MESSAGE,Temporary network issue. A controlled retry is appropriate.,Recovery probability is moderate; customer intervention is safer.,0,0.0,Synthetic outcome; no real payment was processed.
TXN100481,10496.78,UPI,bank_timeout,1,0.475,MESSAGE,Temporary bank-side timeout. A controlled retry may recover the payment.,Recovery probability is moderate; customer intervention is safer.,0,0.0,Synthetic outcome; no real payment was processed.
TXN100482,6926.66,Card,upi_timeout,1,0.293,STOP,Temporary UPI/network timeout. A delayed retry may recover the payment.,"Recovery probability is low, so another automated attempt is not justified.",0,0.0,Synthetic outcome; no real payment was processed.
TXN100483,9487.49,UPI,card_declined,0,0.541,MESSAGE,Card issuer declined the transaction. Customer may need to use another payment method.,Recovery probability is moderate; customer intervention is safer.,0,0.0,Synthetic outcome; no real payment was processed.
TXN100484,8847.44,UPI,upi_timeout,0,0.85,RETRY,Temporary UPI/network timeout. A delayed retry may recover the payment.,Temporary technical failure with a strong recovery probability.,1,8847.44,Synthetic outcome; no real payment was processed.
TXN100485,13537.04,UPI,network_error,2,0.695,RETRY,Temporary network issue. A controlled retry is appropriate.,Temporary technical failure with a strong recovery probability.,0,0.0,Synthetic outcome; no real payment was processed.
TXN100486,871.65,UPI,network_error,1,0.85,RETRY,Temporary network issue. A controlled retry is appropriate.,Temporary technical failure with a strong recovery probability.,1,871.65,Synthetic outcome; no real payment was processed.
TXN100487,4357.54,Card,network_error,2,0.307,STOP,Temporary network issue. A controlled retry is appropriate.,"Recovery probability is low, so another automated attempt is not justified.",0,0.0,Synthetic outcome; no real payment was processed.
TXN100488,14266.04,UPI,upi_timeout,1,0.16,STOP,Temporary UPI/network timeout. A delayed retry may recover the payment.,"Recovery probability is low, so another automated attempt is not justified.",0,0.0,Synthetic outcome; no real payment was processed.
TXN100489,13375.79,UPI,network_error,1,0.485,MESSAGE,Temporary network issue. A controlled retry is appropriate.,Recovery probability is moderate; customer intervention is safer.,0,0.0,Synthetic outcome; no real payment was processed.
TXN100490,6943.18,UPI,bank_timeout,0,0.863,RETRY,Temporary bank-side timeout. A controlled retry may recover the payment.,Temporary technical failure with a strong recovery probability.,1,6943.18,Synthetic outcome; no real payment was processed.
TXN100491,9377.58,UPI,network_error,1,0.748,RETRY,Temporary network issue. A controlled retry is appropriate.,Temporary technical failure with a strong recovery probability.,1,9377.58,Synthetic outcome; no real payment was processed.
TXN100492,4304.52,UPI,insufficient_funds,0,0.344,MESSAGE,Customer may not have sufficient funds. Customer notification is preferable to repeated retries.,Customer action is required before another payment attempt.,1,4304.52,Synthetic outcome; no real payment was processed.
TXN100493,2983.38,UPI,upi_timeout,0,0.322,STOP,Temporary UPI/network timeout. A delayed retry may recover the payment.,"Recovery probability is low, so another automated attempt is not justified.",0,0.0,Synthetic outcome; no real payment was processed.
TXN100494,7062.2,Card,insufficient_funds,1,0.121,MESSAGE,Customer may not have sufficient funds. Customer notification is preferable to repeated retries.,Customer action is required before another payment attempt.,0,0.0,Synthetic outcome; no real payment was processed.
TXN100495,5428.97,Card,network_error,3,0.754,STOP,Temporary network issue. A controlled retry is appropriate.,Retry limit reached. Further automated attempts are blocked.,0,0.0,Synthetic outcome; no real payment was processed.
TXN100496,8837.69,Card,bank_timeout,0,0.716,RETRY,Temporary bank-side timeout. A controlled retry may recover the payment.,Temporary technical failure with a strong recovery probability.,1,8837.69,Synthetic outcome; no real payment was processed.
TXN100497,1349.55,Card,card_declined,2,0.68,RETRY,Card issuer declined the transaction. Customer may need to use another payment method.,Temporary technical failure with a strong recovery probability.,1,1349.55,Synthetic outcome; no real payment was processed.
TXN100498,14621.02,UPI,authentication_failed,0,0.064,MESSAGE,Authentication failed. Customer action is required before another attempt.,Customer action is required before another payment attempt.,0,0.0,Synthetic outcome; no real payment was processed.
TXN100499,14795.91,NetBanking,authentication_failed,0,0.104,MESSAGE,Authentication failed. Customer action is required before another attempt.,Customer action is required before another payment attempt.,0,0.0,Synthetic outcome; no real payment was processed.
TXN100500,10532.49,Card,network_error,0,0.399,MESSAGE,Temporary network issue. A controlled retry is appropriate.,Recovery probability is moderate; customer intervention is safer.,0,0.0,Synthetic outcome; no real payment was processed.
TXN100501,8133.76,Card,bank_timeout,0,0.789,RETRY,Temporary bank-side timeout. A controlled retry may recover the payment.,Temporary technical failure with a strong recovery probability.,1,8133.76,Synthetic outcome; no real payment was processed.
TXN100502,4780.32,UPI,upi_timeout,1,0.691,RETRY,Temporary UPI/network timeout. A delayed retry may recover the payment.,Temporary technical failure with a strong recovery probability.,1,4780.32,Synthetic outcome; no real payment was processed.
TXN100503,12243.98,UPI,insufficient_funds,0,0.635,MESSAGE,Customer may not have sufficient funds. Customer notification is preferable to repeated retries.,Customer action is required before another payment attempt.,0,0.0,Synthetic outcome; no real payment was processed.
TXN100504,10333.71,UPI,insufficient_funds,1,0.287,MESSAGE,Customer may not have sufficient funds. Customer notification is preferable to repeated retries.,Customer action is required before another payment attempt.,0,0.0,Synthetic outcome; no real payment was processed.
TXN100505,2605.89,UPI,insufficient_funds,2,0.179,MESSAGE,Customer may not have sufficient funds. Customer notification is preferable to repeated retries.,Customer action is required before another payment attempt.,0,0.0,Synthetic outcome; no real payment was processed.
TXN100506,13681.63,Card,upi_timeout,0,0.437,MESSAGE,Temporary UPI/network timeout. A delayed retry may recover the payment.,Recovery probability is moderate; customer intervention is safer.,0,0.0,Synthetic outcome; no real payment was processed.
TXN100507,12373.37,Card,authentication_failed,2,0.089,MESSAGE,Authentication failed. Customer action is required before another attempt.,Customer action is required before another payment attempt.,0,0.0,Synthetic outcome; no real payment was processed.
TXN100508,14256.99,Card,bank_timeout,0,0.302,STOP,Temporary bank-side timeout. A controlled retry may recover the payment.,"Recovery probability is low, so another automated attempt is not justified.",0,0.0,Synthetic outcome; no real payment was processed.
TXN100509,10940.37,NetBanking,upi_timeout,1,0.849,RETRY,Temporary UPI/network timeout. A delayed retry may recover the payment.,Temporary technical failure with a strong recovery probability.,0,0.0,Synthetic outcome; no real payment was processed.
TXN100510,9278.16,NetBanking,insufficient_funds,0,0.168,MESSAGE,Customer may not have sufficient funds. Customer notification is preferable to repeated retries.,Customer action is required before another payment attempt.,0,0.0,Synthetic outcome; no real payment was processed.
TXN100511,6389.42,Card,network_error,0,0.828,RETRY,Temporary network issue. A controlled retry is appropriate.,Temporary technical failure with a strong recovery probability.,1,6389.42,Synthetic outcome; no real payment was processed.
TXN100512,14004.31,Wallet,card_declined,0,0.504,MESSAGE,Card issuer declined the transaction. Customer may need to use another payment method.,Recovery probability is moderate; customer intervention is safer.,0,0.0,Synthetic outcome; no real payment was processed.
TXN100513,13017.61,UPI,upi_timeout,0,0.157,STOP,Temporary UPI/network timeout. A delayed retry may recover the payment.,"Recovery probability is low, so another automated attempt is not justified.",0,0.0,Synthetic outcome; no real payment was processed.
TXN100514,868.28,UPI,upi_timeout,0,0.692,RETRY,Temporary UPI/network timeout. A delayed retry may recover the payment.,Temporary technical failure with a strong recovery probability.,1,868.28,Synthetic outcome; no real payment was processed.
TXN100515,589.26,UPI,bank_timeout,1,0.23,STOP,Temporary bank-side timeout. A controlled retry may recover the payment.,"Recovery probability is low, so another automated attempt is not justified.",0,0.0,Synthetic outcome; no real payment was processed.
TXN100516,5771.03,Card,bank_timeout,2,0.372,MESSAGE,Temporary bank-side timeout. A controlled retry may recover the payment.,Recovery probability is moderate; customer intervention is safer.,0,0.0,Synthetic outcome; no real payment was processed.
TXN100517,12196.0,NetBanking,upi_timeout,2,0.775,RETRY,Temporary UPI/network timeout. A delayed retry may recover the payment.,Temporary technical failure with a strong recovery probability.,0,0.0,Synthetic outcome; no real payment was processed.
TXN100518,14811.67,UPI,insufficient_funds,1,0.267,MESSAGE,Customer may not have sufficient funds. Customer notification is preferable to repeated retries.,Customer action is required before another payment attempt.,0,0.0,Synthetic outcome; no real payment was processed.
TXN100519,2425.32,Wallet,card_declined,0,0.211,STOP,Card issuer declined the transaction. Customer may need to use another payment method.,"Recovery probability is low, so another automated attempt is not justified.",0,0.0,Synthetic outcome; no real payment was processed.
TXN100520,8992.73,UPI,bank_timeout,0,0.414,MESSAGE,Temporary bank-side timeout. A controlled retry may recover the payment.,Recovery probability is moderate; customer intervention is safer.,0,0.0,Synthetic outcome; no real payment was processed.
TXN100521,5836.57,Wallet,insufficient_funds,0,0.182,MESSAGE,Customer may not have sufficient funds. Customer notification is preferable to repeated retries.,Customer action is required before another payment attempt.,0,0.0,Synthetic outcome; no real payment was processed.
TXN100522,14554.7,UPI,network_error,0,0.318,STOP,Temporary network issue. A controlled retry is appropriate.,"Recovery probability is low, so another automated attempt is not justified.",0,0.0,Synthetic outcome; no real payment was processed.
TXN100523,12663.2,UPI,bank_timeout,1,0.892,RETRY,Temporary bank-side timeout. A controlled retry may recover the payment.,Temporary technical failure with a strong recovery probability.,0,0.0,Synthetic outcome; no real payment was processed.
TXN100524,12607.1,Card,insufficient_funds,1,0.107,MESSAGE,Customer may not have sufficient funds. Customer notification is preferable to repeated retries.,Customer action is required before another payment attempt.,0,0.0,Synthetic outcome; no real payment was processed.
TXN100525,7136.13,UPI,insufficient_funds,0,0.159,MESSAGE,Customer may not have sufficient funds. Customer notification is preferable to repeated retries.,Customer action is required before another payment attempt.,0,0.0,Synthetic outcome; no real payment was processed.
TXN100526,6338.74,UPI,card_declined,0,0.251,STOP,Card issuer declined the transaction. Customer may need to use another payment method.,"Recovery probability is low, so another automated attempt is not justified.",0,0.0,Synthetic outcome; no real payment was processed.
TXN100527,4245.7,UPI,card_declined,2,0.19,STOP,Card issuer declined the transaction. Customer may need to use another payment method.,"Recovery probability is low, so another automated attempt is not justified.",0,0.0,Synthetic outcome; no real payment was processed.
TXN100528,1033.41,NetBanking,network_error,2,0.309,STOP,Temporary network issue. A controlled retry is appropriate.,"Recovery probability is low, so another automated attempt is not justified.",0,0.0,Synthetic outcome; no real payment was processed.
TXN100529,12997.76,Card,insufficient_funds,0,0.17,MESSAGE,Customer may not have sufficient funds. Customer notification is preferable to repeated retries.,Customer action is required before another payment attempt.,0,0.0,Synthetic outcome; no real payment was processed.
TXN100530,12230.75,UPI,authentication_failed,2,0.215,MESSAGE,Authentication failed. Customer action is required before another attempt.,Customer action is required before another payment attempt.,0,0.0,Synthetic outcome; no real payment was processed.
TXN100531,14995.82,Card,insufficient_funds,3,0.102,STOP,Customer may not have sufficient funds. Customer notification is preferable to repeated retries.,Retry limit reached. Further automated attempts are blocked.,0,0.0,Synthetic outcome; no real payment was processed.
TXN100532,14950.22,Card,card_declined,0,0.763,RETRY,Card issuer declined the transaction. Customer may need to use another payment method.,Temporary technical failure with a strong recovery probability.,0,0.0,Synthetic outcome; no real payment was processed.
TXN100533,8419.94,UPI,authentication_failed,0,0.096,MESSAGE,Authentication failed. Customer action is required before another attempt.,Customer action is required before another payment attempt.,0,0.0,Synthetic outcome; no real payment was processed.
TXN100534,11580.78,UPI,bank_timeout,1,0.722,RETRY,Temporary bank-side timeout. A controlled retry may recover the payment.,Temporary technical failure with a strong recovery probability.,0,0.0,Synthetic outcome; no real payment was processed.
TXN100535,14182.48,UPI,bank_timeout,3,0.17,STOP,Temporary bank-side timeout. A controlled retry may recover the payment.,Retry limit reached. Further automated attempts are blocked.,0,0.0,Synthetic outcome; no real payment was processed.
TXN100536,12774.63,UPI,upi_timeout,2,0.843,RETRY,Temporary UPI/network timeout. A delayed retry may recover the payment.,Temporary technical failure with a strong recovery probability.,0,0.0,Synthetic outcome; no real payment was processed.
TXN100537,3860.0,Card,card_declined,0,0.429,MESSAGE,Card issuer declined the transaction. Customer may need to use another payment method.,Recovery probability is moderate; customer intervention is safer.,1,3860.0,Synthetic outcome; no real payment was processed.
TXN100538,6867.5,UPI,upi_timeout,0,0.628,RETRY,Temporary UPI/network timeout. A delayed retry may recover the payment.,Temporary technical failure with a strong recovery probability.,1,6867.5,Synthetic outcome; no real payment was processed.
TXN100539,2110.69,Card,authentication_failed,1,0.577,MESSAGE,Authentication failed. Customer action is required before another attempt.,Customer action is required before another payment attempt.,0,0.0,Synthetic outcome; no real payment was processed.
TXN100540,14319.91,Card,card_declined,1,0.276,STOP,Card issuer declined the transaction. Customer may need to use another payment method.,"Recovery probability is low, so another automated attempt is not justified.",0,0.0,Synthetic outcome; no real payment was processed.
TXN100541,9170.99,UPI,network_error,0,0.568,MESSAGE,Temporary network issue. A controlled retry is appropriate.,Recovery probability is moderate; customer intervention is safer.,0,0.0,Synthetic outcome; no real payment was processed.
TXN100542,3583.14,Card,insufficient_funds,2,0.185,MESSAGE,Customer may not have sufficient funds. Customer notification is preferable to repeated retries.,Customer action is required before another payment attempt.,0,0.0,Synthetic outcome; no real payment was processed.
TXN100543,10140.84,UPI,network_error,1,0.5,MESSAGE,Temporary network issue. A controlled retry is appropriate.,Recovery probability is moderate; customer intervention is safer.,0,0.0,Synthetic outcome; no real payment was processed.
TXN100544,9347.92,Wallet,authentication_failed,2,0.023,MESSAGE,Authentication failed. Customer action is required before another attempt.,Customer action is required before another payment attempt.,0,0.0,Synthetic outcome; no real payment was processed.
TXN100545,5500.17,Card,card_declined,2,0.439,MESSAGE,Card issuer declined the transaction. Customer may need to use another payment method.,Recovery probability is moderate; customer intervention is safer.,0,0.0,Synthetic outcome; no real payment was processed.
TXN100546,1879.77,NetBanking,authentication_failed,1,0.171,MESSAGE,Authentication failed. Customer action is required before another attempt.,Customer action is required before another payment attempt.,0,0.0,Synthetic outcome; no real payment was processed.
TXN100547,10138.95,Card,insufficient_funds,0,0.095,MESSAGE,Customer may not have sufficient funds. Customer notification is preferable to repeated retries.,Customer action is required before another payment attempt.,0,0.0,Synthetic outcome; no real payment was processed.
TXN100548,7900.07,UPI,bank_timeout,1,0.785,RETRY,Temporary bank-side timeout. A controlled retry may recover the payment.,Temporary technical failure with a strong recovery probability.,1,7900.07,Synthetic outcome; no real payment was processed.
TXN100549,11630.08,Card,bank_timeout,0,0.763,RETRY,Temporary bank-side timeout. A controlled retry may recover the payment.,Temporary technical failure with a strong recovery probability.,0,0.0,Synthetic outcome; no real payment was processed.
TXN100550,7897.94,Wallet,authentication_failed,1,0.032,MESSAGE,Authentication failed. Customer action is required before another attempt.,Customer action is required before another payment attempt.,0,0.0,Synthetic outcome; no real payment was processed.
TXN100551,12812.14,Card,upi_timeout,0,0.625,RETRY,Temporary UPI/network timeout. A delayed retry may recover the payment.,Temporary technical failure with a strong recovery probability.,0,0.0,Synthetic outcome; no real payment was processed.
TXN100552,8367.77,NetBanking,card_declined,1,0.684,RETRY,Card issuer declined the transaction. Customer may need to use another payment method.,Temporary technical failure with a strong recovery probability.,0,0.0,Synthetic outcome; no real payment was processed.
TXN100553,8501.44,NetBanking,card_declined,0,0.45,MESSAGE,Card issuer declined the transaction. Customer may need to use another payment method.,Recovery probability is moderate; customer intervention is safer.,0,0.0,Synthetic outcome; no real payment was processed.
TXN100554,13174.35,UPI,bank_timeout,0,0.913,RETRY,Temporary bank-side timeout. A controlled retry may recover the payment.,Temporary technical failure with a strong recovery probability.,0,0.0,Synthetic outcome; no real payment was processed.
TXN100555,6170.95,UPI,network_error,0,0.292,STOP,Temporary network issue. A controlled retry is appropriate.,"Recovery probability is low, so another automated attempt is not justified.",0,0.0,Synthetic outcome; no real payment was processed.
TXN100556,2182.56,Card,insufficient_funds,0,0.163,MESSAGE,Customer may not have sufficient funds. Customer notification is preferable to repeated retries.,Customer action is required before another payment attempt.,1,2182.56,Synthetic outcome; no real payment was processed.
TXN100557,625.01,UPI,network_error,1,0.772,RETRY,Temporary network issue. A controlled retry is appropriate.,Temporary technical failure with a strong recovery probability.,1,625.01,Synthetic outcome; no real payment was processed.
TXN100558,11375.79,NetBanking,network_error,1,0.433,MESSAGE,Temporary network issue. A controlled retry is appropriate.,Recovery probability is moderate; customer intervention is safer.,0,0.0,Synthetic outcome; no real payment was processed.
TXN100559,9380.2,Wallet,authentication_failed,1,0.056,MESSAGE,Authentication failed. Customer action is required before another attempt.,Customer action is required before another payment attempt.,0,0.0,Synthetic outcome; no real payment was processed.
TXN100560,10620.08,UPI,bank_timeout,0,0.882,RETRY,Temporary bank-side timeout. A controlled retry may recover the payment.,Temporary technical failure with a strong recovery probability.,1,10620.08,Synthetic outcome; no real payment was processed.
TXN100561,3351.08,UPI,bank_timeout,0,0.667,RETRY,Temporary bank-side timeout. A controlled retry may recover the payment.,Temporary technical failure with a strong recovery probability.,1,3351.08,Synthetic outcome; no real payment was processed.
TXN100562,2217.43,NetBanking,bank_timeout,0,0.351,MESSAGE,Temporary bank-side timeout. A controlled retry may recover the payment.,Recovery probability is moderate; customer intervention is safer.,1,2217.43,Synthetic outcome; no real payment was processed.
TXN100563,414.28,UPI,authentication_failed,0,0.632,MESSAGE,Authentication failed. Customer action is required before another attempt.,Customer action is required before another payment attempt.,1,414.28,Synthetic outcome; no real payment was processed.
TXN100564,5388.05,NetBanking,upi_timeout,2,0.786,RETRY,Temporary UPI/network timeout. A delayed retry may recover the payment.,Temporary technical failure with a strong recovery probability.,1,5388.05,Synthetic outcome; no real payment was processed.
TXN100565,8930.37,UPI,network_error,0,0.335,STOP,Temporary network issue. A controlled retry is appropriate.,"Recovery probability is low, so another automated attempt is not justified.",0,0.0,Synthetic outcome; no real payment was processed.
TXN100566,6004.6,Card,authentication_failed,0,0.262,MESSAGE,Authentication failed. Customer action is required before another attempt.,Customer action is required before another payment attempt.,0,0.0,Synthetic outcome; no real payment was processed.
TXN100567,6674.07,UPI,card_declined,0,0.487,MESSAGE,Card issuer declined the transaction. Customer may need to use another payment method.,Recovery probability is moderate; customer intervention is safer.,0,0.0,Synthetic outcome; no real payment was processed.
TXN100568,13581.45,Card,insufficient_funds,0,0.165,MESSAGE,Customer may not have sufficient funds. Customer notification is preferable to repeated retries.,Customer action is required before another payment attempt.,0,0.0,Synthetic outcome; no real payment was processed.
TXN100569,5353.53,Card,upi_timeout,1,0.709,RETRY,Temporary UPI/network timeout. A delayed retry may recover the payment.,Temporary technical failure with a strong recovery probability.,1,5353.53,Synthetic outcome; no real payment was processed.
TXN100570,7806.56,Card,card_declined,1,0.532,MESSAGE,Card issuer declined the transaction. Customer may need to use another payment method.,Recovery probability is moderate; customer intervention is safer.,0,0.0,Synthetic outcome; no real payment was processed.
TXN100571,11797.85,UPI,network_error,0,0.615,RETRY,Temporary network issue. A controlled retry is appropriate.,Temporary technical failure with a strong recovery probability.,0,0.0,Synthetic outcome; no real payment was processed.
TXN100572,6068.23,Card,bank_timeout,0,0.875,RETRY,Temporary bank-side timeout. A controlled retry may recover the payment.,Temporary technical failure with a strong recovery probability.,1,6068.23,Synthetic outcome; no real payment was processed.
TXN100573,9406.51,NetBanking,network_error,0,0.615,RETRY,Temporary network issue. A controlled retry is appropriate.,Temporary technical failure with a strong recovery probability.,0,0.0,Synthetic outcome; no real payment was processed.
TXN100574,12962.85,UPI,authentication_failed,0,0.288,MESSAGE,Authentication failed. Customer action is required before another attempt.,Customer action is required before another payment attempt.,0,0.0,Synthetic outcome; no real payment was processed.
TXN100575,14252.85,UPI,insufficient_funds,0,0.065,MESSAGE,Customer may not have sufficient funds. Customer notification is preferable to repeated retries.,Customer action is required before another payment attempt.,0,0.0,Synthetic outcome; no real payment was processed.
TXN100576,2375.83,UPI,authentication_failed,3,0.09,STOP,Authentication failed. Customer action is required before another attempt.,Retry limit reached. Further automated attempts are blocked.,0,0.0,Synthetic outcome; no real payment was processed.
TXN100577,13913.42,Card,upi_timeout,1,0.632,RETRY,Temporary UPI/network timeout. A delayed retry may recover the payment.,Temporary technical failure with a strong recovery probability.,0,0.0,Synthetic outcome; no real payment was processed.
TXN100578,7482.81,Card,upi_timeout,1,0.783,RETRY,Temporary UPI/network timeout. A delayed retry may recover the payment.,Temporary technical failure with a strong recovery probability.,1,7482.81,Synthetic outcome; no real payment was processed.
TXN100579,4021.28,Card,insufficient_funds,0,0.585,MESSAGE,Customer may not have sufficient funds. Customer notification is preferable to repeated retries.,Customer action is required before another payment attempt.,0,0.0,Synthetic outcome; no real payment was processed.
TXN100580,6994.67,UPI,card_declined,0,0.296,STOP,Card issuer declined the transaction. Customer may need to use another payment method.,"Recovery probability is low, so another automated attempt is not justified.",0,0.0,Synthetic outcome; no real payment was processed.
TXN100581,14704.46,UPI,card_declined,1,0.254,STOP,Card issuer declined the transaction. Customer may need to use another payment method.,"Recovery probability is low, so another automated attempt is not justified.",0,0.0,Synthetic outcome; no real payment was processed.
TXN100582,7490.24,Card,upi_timeout,1,0.25,STOP,Temporary UPI/network timeout. A delayed retry may recover the payment.,"Recovery probability is low, so another automated attempt is not justified.",0,0.0,Synthetic outcome; no real payment was processed.
TXN100583,5064.85,Card,upi_timeout,1,0.831,RETRY,Temporary UPI/network timeout. A delayed retry may recover the payment.,Temporary technical failure with a strong recovery probability.,1,5064.85,Synthetic outcome; no real payment was processed.
TXN100584,9573.97,Wallet,bank_timeout,0,0.859,RETRY,Temporary bank-side timeout. A controlled retry may recover the payment.,Temporary technical failure with a strong recovery probability.,1,9573.97,Synthetic outcome; no real payment was processed.
TXN100585,3753.4,UPI,card_declined,1,0.598,MESSAGE,Card issuer declined the transaction. Customer may need to use another payment method.,Recovery probability is moderate; customer intervention is safer.,1,3753.4,Synthetic outcome; no real payment was processed.
TXN100586,1321.85,Card,insufficient_funds,0,0.452,MESSAGE,Customer may not have sufficient funds. Customer notification is preferable to repeated retries.,Customer action is required before another payment attempt.,1,1321.85,Synthetic outcome; no real payment was processed.
TXN100587,2106.55,UPI,card_declined,2,0.288,STOP,Card issuer declined the transaction. Customer may need to use another payment method.,"Recovery probability is low, so another automated attempt is not justified.",0,0.0,Synthetic outcome; no real payment was processed.
TXN100588,2094.21,UPI,bank_timeout,1,0.845,RETRY,Temporary bank-side timeout. A controlled retry may recover the payment.,Temporary technical failure with a strong recovery probability.,1,2094.21,Synthetic outcome; no real payment was processed.
TXN100589,2447.31,Card,authentication_failed,1,0.617,MESSAGE,Authentication failed. Customer action is required before another attempt.,Customer action is required before another payment attempt.,0,0.0,Synthetic outcome; no real payment was processed.
TXN100590,2253.78,Card,upi_timeout,0,0.853,RETRY,Temporary UPI/network timeout. A delayed retry may recover the payment.,Temporary technical failure with a strong recovery probability.,1,2253.78,Synthetic outcome; no real payment was processed.
TXN100591,9684.59,Wallet,upi_timeout,1,0.82,RETRY,Temporary UPI/network timeout. A delayed retry may recover the payment.,Temporary technical failure with a strong recovery probability.,1,9684.59,Synthetic outcome; no real payment was processed.
TXN100592,2891.01,UPI,bank_timeout,0,0.703,RETRY,Temporary bank-side timeout. A controlled retry may recover the payment.,Temporary technical failure with a strong recovery probability.,1,2891.01,Synthetic outcome; no real payment was processed.
TXN100593,5315.22,UPI,insufficient_funds,0,0.504,MESSAGE,Customer may not have sufficient funds. Customer notification is preferable to repeated retries.,Customer action is required before another payment attempt.,0,0.0,Synthetic outcome; no real payment was processed.
TXN100594,13472.37,Card,upi_timeout,0,0.874,RETRY,Temporary UPI/network timeout. A delayed retry may recover the payment.,Temporary technical failure with a strong recovery probability.,0,0.0,Synthetic outcome; no real payment was processed.
TXN100595,7214.11,Card,network_error,1,0.818,RETRY,Temporary network issue. A controlled retry is appropriate.,Temporary technical failure with a strong recovery probability.,1,7214.11,Synthetic outcome; no real payment was processed.
TXN100596,10079.52,UPI,upi_timeout,0,0.341,STOP,Temporary UPI/network timeout. A delayed retry may recover the payment.,"Recovery probability is low, so another automated attempt is not justified.",0,0.0,Synthetic outcome; no real payment was processed.
TXN100597,2749.51,UPI,network_error,0,0.718,RETRY,Temporary network issue. A controlled retry is appropriate.,Temporary technical failure with a strong recovery probability.,1,2749.51,Synthetic outcome; no real payment was processed.
TXN100598,3045.07,UPI,bank_timeout,2,0.316,STOP,Temporary bank-side timeout. A controlled retry may recover the payment.,"Recovery probability is low, so another automated attempt is not justified.",0,0.0,Synthetic outcome; no real payment was processed.
TXN100599,803.9,NetBanking,bank_timeout,0,0.821,RETRY,Temporary bank-side timeout. A controlled retry may recover the payment.,Temporary technical failure with a strong recovery probability.,1,803.9,Synthetic outcome; no real payment was processed.
TXN100600,2699.41,UPI,upi_timeout,1,0.632,RETRY,Temporary UPI/network timeout. A delayed retry may recover the payment.,Temporary technical failure with a strong recovery probability.,1,2699.41,Synthetic outcome; no real payment was processed.
TXN100601,4322.42,UPI,card_declined,0,0.271,STOP,Card issuer declined the transaction. Customer may need to use another payment method.,"Recovery probability is low, so another automated attempt is not justified.",0,0.0,Synthetic outcome; no real payment was processed.
TXN100602,2818.93,UPI,network_error,0,0.364,MESSAGE,Temporary network issue. A controlled retry is appropriate.,Recovery probability is moderate; customer intervention is safer.,1,2818.93,Synthetic outcome; no real payment was processed.
TXN100603,1511.89,UPI,insufficient_funds,2,0.129,MESSAGE,Customer may not have sufficient funds. Customer notification is preferable to repeated retries.,Customer action is required before another payment attempt.,0,0.0,Synthetic outcome; no real payment was processed.
TXN100604,1984.53,UPI,upi_timeout,0,0.796,RETRY,Temporary UPI/network timeout. A delayed retry may recover the payment.,Temporary technical failure with a strong recovery probability.,1,1984.53,Synthetic outcome; no real payment was processed.
TXN100605,7018.99,Card,insufficient_funds,1,0.628,MESSAGE,Customer may not have sufficient funds. Customer notification is preferable to repeated retries.,Customer action is required before another payment attempt.,0,0.0,Synthetic outcome; no real payment was processed.
TXN100606,3252.95,UPI,upi_timeout,1,0.724,RETRY,Temporary UPI/network timeout. A delayed retry may recover the payment.,Temporary technical failure with a strong recovery probability.,1,3252.95,Synthetic outcome; no real payment was processed.
TXN100607,5590.56,NetBanking,card_declined,1,0.704,RETRY,Card issuer declined the transaction. Customer may need to use another payment method.,Temporary technical failure with a strong recovery probability.,1,5590.56,Synthetic outcome; no real payment was processed.
TXN100608,7650.08,UPI,card_declined,1,0.296,STOP,Card issuer declined the transaction. Customer may need to use another payment method.,"Recovery probability is low, so another automated attempt is not justified.",0,0.0,Synthetic outcome; no real payment was processed.
TXN100609,10417.53,Card,card_declined,0,0.314,STOP,Card issuer declined the transaction. Customer may need to use another payment method.,"Recovery probability is low, so another automated attempt is not justified.",0,0.0,Synthetic outcome; no real payment was processed.
TXN100610,780.86,NetBanking,authentication_failed,0,0.153,MESSAGE,Authentication failed. Customer action is required before another attempt.,Customer action is required before another payment attempt.,1,780.86,Synthetic outcome; no real payment was processed.
TXN100611,12031.07,Card,card_declined,1,0.392,MESSAGE,Card issuer declined the transaction. Customer may need to use another payment method.,Recovery probability is moderate; customer intervention is safer.,0,0.0,Synthetic outcome; no real payment was processed.
TXN100612,9492.55,Card,bank_timeout,1,0.869,RETRY,Temporary bank-side timeout. A controlled retry may recover the payment.,Temporary technical failure with a strong recovery probability.,1,9492.55,Synthetic outcome; no real payment was processed.
TXN100613,1409.12,UPI,bank_timeout,2,0.452,MESSAGE,Temporary bank-side timeout. A controlled retry may recover the payment.,Recovery probability is moderate; customer intervention is safer.,1,1409.12,Synthetic outcome; no real payment was processed.
TXN100614,13128.84,UPI,authentication_failed,2,0.106,MESSAGE,Authentication failed. Customer action is required before another attempt.,Customer action is required before another payment attempt.,0,0.0,Synthetic outcome; no real payment was processed.
TXN100615,13828.83,Card,network_error,2,0.77,RETRY,Temporary network issue. A controlled retry is appropriate.,Temporary technical failure with a strong recovery probability.,0,0.0,Synthetic outcome; no real payment was processed.
TXN100616,1103.01,Wallet,insufficient_funds,1,0.176,MESSAGE,Customer may not have sufficient funds. Customer notification is preferable to repeated retries.,Customer action is required before another payment attempt.,1,1103.01,Synthetic outcome; no real payment was processed.
TXN100617,4297.07,Card,upi_timeout,0,0.285,STOP,Temporary UPI/network timeout. A delayed retry may recover the payment.,"Recovery probability is low, so another automated attempt is not justified.",0,0.0,Synthetic outcome; no real payment was processed.
TXN100618,12131.59,Card,upi_timeout,2,0.148,STOP,Temporary UPI/network timeout. A delayed retry may recover the payment.,"Recovery probability is low, so another automated attempt is not justified.",0,0.0,Synthetic outcome; no real payment was processed.
TXN100619,11273.99,Card,authentication_failed,1,0.177,MESSAGE,Authentication failed. Customer action is required before another attempt.,Customer action is required before another payment attempt.,0,0.0,Synthetic outcome; no real payment was processed.
TXN100620,2930.1,Card,bank_timeout,0,0.763,RETRY,Temporary bank-side timeout. A controlled retry may recover the payment.,Temporary technical failure with a strong recovery probability.,1,2930.1,Synthetic outcome; no real payment was processed.
TXN100621,3297.58,UPI,upi_timeout,2,0.634,RETRY,Temporary UPI/network timeout. A delayed retry may recover the payment.,Temporary technical failure with a strong recovery probability.,1,3297.58,Synthetic outcome; no real payment was processed.
TXN100622,5682.36,Card,bank_timeout,2,0.405,MESSAGE,Temporary bank-side timeout. A controlled retry may recover the payment.,Recovery probability is moderate; customer intervention is safer.,1,5682.36,Synthetic outcome; no real payment was processed.
TXN100623,7370.42,Wallet,network_error,1,0.297,STOP,Temporary network issue. A controlled retry is appropriate.,"Recovery probability is low, so another automated attempt is not justified.",0,0.0,Synthetic outcome; no real payment was processed.
TXN100624,9349.79,UPI,insufficient_funds,0,0.341,MESSAGE,Customer may not have sufficient funds. Customer notification is preferable to repeated retries.,Customer action is required before another payment attempt.,0,0.0,Synthetic outcome; no real payment was processed.
TXN100625,5659.29,Card,network_error,0,0.314,STOP,Temporary network issue. A controlled retry is appropriate.,"Recovery probability is low, so another automated attempt is not justified.",0,0.0,Synthetic outcome; no real payment was processed.
TXN100626,7044.98,UPI,authentication_failed,2,0.037,MESSAGE,Authentication failed. Customer action is required before another attempt.,Customer action is required before another payment attempt.,0,0.0,Synthetic outcome; no real payment was processed.
TXN100627,11262.32,Card,card_declined,2,0.318,STOP,Card issuer declined the transaction. Customer may need to use another payment method.,"Recovery probability is low, so another automated attempt is not justified.",0,0.0,Synthetic outcome; no real payment was processed.
TXN100628,741.95,UPI,card_declined,0,0.57,MESSAGE,Card issuer declined the transaction. Customer may need to use another payment method.,Recovery probability is moderate; customer intervention is safer.,1,741.95,Synthetic outcome; no real payment was processed.
TXN100629,3935.32,Card,card_declined,0,0.386,MESSAGE,Card issuer declined the transaction. Customer may need to use another payment method.,Recovery probability is moderate; customer intervention is safer.,1,3935.32,Synthetic outcome; no real payment was processed.
TXN100630,10757.29,NetBanking,network_error,2,0.622,RETRY,Temporary network issue. A controlled retry is appropriate.,Temporary technical failure with a strong recovery probability.,0,0.0,Synthetic outcome; no real payment was processed.
TXN100631,13448.96,UPI,upi_timeout,0,0.839,RETRY,Temporary UPI/network timeout. A delayed retry may recover the payment.,Temporary technical failure with a strong recovery probability.,0,0.0,Synthetic outcome; no real payment was processed.
TXN100632,7772.34,Card,insufficient_funds,1,0.188,MESSAGE,Customer may not have sufficient funds. Customer notification is preferable to repeated retries.,Customer action is required before another payment attempt.,0,0.0,Synthetic outcome; no real payment was processed.
TXN100633,8074.81,NetBanking,card_declined,3,0.133,STOP,Card issuer declined the transaction. Customer may need to use another payment method.,Retry limit reached. Further automated attempts are blocked.,0,0.0,Synthetic outcome; no real payment was processed.
TXN100634,1785.25,Wallet,authentication_failed,0,0.084,MESSAGE,Authentication failed. Customer action is required before another attempt.,Customer action is required before another payment attempt.,1,1785.25,Synthetic outcome; no real payment was processed.
TXN100635,6821.15,UPI,authentication_failed,1,0.209,MESSAGE,Authentication failed. Customer action is required before another attempt.,Customer action is required before another payment attempt.,0,0.0,Synthetic outcome; no real payment was processed.
TXN100636,8082.27,UPI,card_declined,0,0.29,STOP,Card issuer declined the transaction. Customer may need to use another payment method.,"Recovery probability is low, so another automated attempt is not justified.",0,0.0,Synthetic outcome; no real payment was processed.
TXN100637,3787.81,UPI,card_declined,0,0.234,STOP,Card issuer declined the transaction. Customer may need to use another payment method.,"Recovery probability is low, so another automated attempt is not justified.",0,0.0,Synthetic outcome; no real payment was processed.
TXN100638,4184.07,Wallet,insufficient_funds,2,0.135,MESSAGE,Customer may not have sufficient funds. Customer notification is preferable to repeated retries.,Customer action is required before another payment attempt.,0,0.0,Synthetic outcome; no real payment was processed.
TXN100639,5783.18,Wallet,card_declined,0,0.147,STOP,Card issuer declined the transaction. Customer may need to use another payment method.,"Recovery probability is low, so another automated attempt is not justified.",0,0.0,Synthetic outcome; no real payment was processed.
TXN100640,496.07,Card,insufficient_funds,3,0.183,STOP,Customer may not have sufficient funds. Customer notification is preferable to repeated retries.,Retry limit reached. Further automated attempts are blocked.,0,0.0,Synthetic outcome; no real payment was processed.
TXN100641,4966.09,NetBanking,authentication_failed,1,0.241,MESSAGE,Authentication failed. Customer action is required before another attempt.,Customer action is required before another payment attempt.,0,0.0,Synthetic outcome; no real payment was processed.
TXN100642,3328.64,Card,card_declined,0,0.338,STOP,Card issuer declined the transaction. Customer may need to use another payment method.,"Recovery probability is low, so another automated attempt is not justified.",0,0.0,Synthetic outcome; no real payment was processed.
TXN100643,5046.29,Card,network_error,0,0.405,MESSAGE,Temporary network issue. A controlled retry is appropriate.,Recovery probability is moderate; customer intervention is safer.,1,5046.29,Synthetic outcome; no real payment was processed.
TXN100644,1971.6,UPI,network_error,0,0.401,MESSAGE,Temporary network issue. A controlled retry is appropriate.,Recovery probability is moderate; customer intervention is safer.,1,1971.6,Synthetic outcome; no real payment was processed.
TXN100645,13379.69,NetBanking,authentication_failed,0,0.725,MESSAGE,Authentication failed. Customer action is required before another attempt.,Customer action is required before another payment attempt.,0,0.0,Synthetic outcome; no real payment was processed.
TXN100646,8984.76,UPI,insufficient_funds,0,0.109,MESSAGE,Customer may not have sufficient funds. Customer notification is preferable to repeated retries.,Customer action is required before another payment attempt.,0,0.0,Synthetic outcome; no real payment was processed.
TXN100647,10250.39,NetBanking,network_error,0,0.359,MESSAGE,Temporary network issue. A controlled retry is appropriate.,Recovery probability is moderate; customer intervention is safer.,0,0.0,Synthetic outcome; no real payment was processed.
TXN100648,11879.52,NetBanking,insufficient_funds,1,0.133,MESSAGE,Customer may not have sufficient funds. Customer notification is preferable to repeated retries.,Customer action is required before another payment attempt.,0,0.0,Synthetic outcome; no real payment was processed.
TXN100649,7576.44,Card,network_error,1,0.29,STOP,Temporary network issue. A controlled retry is appropriate.,"Recovery probability is low, so another automated attempt is not justified.",0,0.0,Synthetic outcome; no real payment was processed.
TXN100650,1485.51,UPI,network_error,1,0.658,RETRY,Temporary network issue. A controlled retry is appropriate.,Temporary technical failure with a strong recovery probability.,1,1485.51,Synthetic outcome; no real payment was processed.
TXN100651,8148.71,UPI,insufficient_funds,1,0.08,MESSAGE,Customer may not have sufficient funds. Customer notification is preferable to repeated retries.,Customer action is required before another payment attempt.,0,0.0,Synthetic outcome; no real payment was processed.
TXN100652,8884.84,UPI,upi_timeout,0,0.766,RETRY,Temporary UPI/network timeout. A delayed retry may recover the payment.,Temporary technical failure with a strong recovery probability.,1,8884.84,Synthetic outcome; no real payment was processed.
TXN100653,11232.25,UPI,network_error,0,0.379,MESSAGE,Temporary network issue. A controlled retry is appropriate.,Recovery probability is moderate; customer intervention is safer.,0,0.0,Synthetic outcome; no real payment was processed.
TXN100654,6587.99,UPI,card_declined,1,0.347,STOP,Card issuer declined the transaction. Customer may need to use another payment method.,"Recovery probability is low, so another automated attempt is not justified.",0,0.0,Synthetic outcome; no real payment was processed.
TXN100655,2087.32,Wallet,authentication_failed,1,0.111,MESSAGE,Authentication failed. Customer action is required before another attempt.,Customer action is required before another payment attempt.,1,2087.32,Synthetic outcome; no real payment was processed.
TXN100656,4399.17,Card,upi_timeout,0,0.802,RETRY,Temporary UPI/network timeout. A delayed retry may recover the payment.,Temporary technical failure with a strong recovery probability.,1,4399.17,Synthetic outcome; no real payment was processed.
TXN100657,5572.98,UPI,insufficient_funds,2,0.187,MESSAGE,Customer may not have sufficient funds. Customer notification is preferable to repeated retries.,Customer action is required before another payment attempt.,0,0.0,Synthetic outcome; no real payment was processed.
TXN100658,9759.22,UPI,upi_timeout,2,0.757,RETRY,Temporary UPI/network timeout. A delayed retry may recover the payment.,Temporary technical failure with a strong recovery probability.,0,0.0,Synthetic outcome; no real payment was processed.
TXN100659,8647.09,UPI,bank_timeout,1,0.86,RETRY,Temporary bank-side timeout. A controlled retry may recover the payment.,Temporary technical failure with a strong recovery probability.,1,8647.09,Synthetic outcome; no real payment was processed.
TXN100660,5469.59,Card,bank_timeout,0,0.771,RETRY,Temporary bank-side timeout. A controlled retry may recover the payment.,Temporary technical failure with a strong recovery probability.,1,5469.59,Synthetic outcome; no real payment was processed.
TXN100661,14800.41,Card,network_error,2,0.458,MESSAGE,Temporary network issue. A controlled retry is appropriate.,Recovery probability is moderate; customer intervention is safer.,0,0.0,Synthetic outcome; no real payment was processed.
TXN100662,9165.07,Wallet,network_error,1,0.521,MESSAGE,Temporary network issue. A controlled retry is appropriate.,Recovery probability is moderate; customer intervention is safer.,0,0.0,Synthetic outcome; no real payment was processed.
TXN100663,3710.19,Card,card_declined,2,0.535,MESSAGE,Card issuer declined the transaction. Customer may need to use another payment method.,Recovery probability is moderate; customer intervention is safer.,1,3710.19,Synthetic outcome; no real payment was processed.
TXN100664,1705.48,Wallet,authentication_failed,2,0.046,MESSAGE,Authentication failed. Customer action is required before another attempt.,Customer action is required before another payment attempt.,0,0.0,Synthetic outcome; no real payment was processed.
TXN100665,2461.47,NetBanking,upi_timeout,2,0.761,RETRY,Temporary UPI/network timeout. A delayed retry may recover the payment.,Temporary technical failure with a strong recovery probability.,1,2461.47,Synthetic outcome; no real payment was processed.
TXN100666,3839.42,UPI,bank_timeout,1,0.828,RETRY,Temporary bank-side timeout. A controlled retry may recover the payment.,Temporary technical failure with a strong recovery probability.,1,3839.42,Synthetic outcome; no real payment was processed.
TXN100667,2577.25,Wallet,network_error,0,0.833,RETRY,Temporary network issue. A controlled retry is appropriate.,Temporary technical failure with a strong recovery probability.,1,2577.25,Synthetic outcome; no real payment was processed.
TXN100668,2960.38,UPI,authentication_failed,1,0.157,MESSAGE,Authentication failed. Customer action is required before another attempt.,Customer action is required before another payment attempt.,0,0.0,Synthetic outcome; no real payment was processed.
TXN100669,4418.69,NetBanking,upi_timeout,1,0.747,RETRY,Temporary UPI/network timeout. A delayed retry may recover the payment.,Temporary technical failure with a strong recovery probability.,1,4418.69,Synthetic outcome; no real payment was processed.
TXN100670,2765.1,UPI,network_error,1,0.515,MESSAGE,Temporary network issue. A controlled retry is appropriate.,Recovery probability is moderate; customer intervention is safer.,1,2765.1,Synthetic outcome; no real payment was processed.
TXN100671,13472.03,NetBanking,network_error,0,0.773,RETRY,Temporary network issue. A controlled retry is appropriate.,Temporary technical failure with a strong recovery probability.,0,0.0,Synthetic outcome; no real payment was processed.
TXN100672,1386.54,NetBanking,bank_timeout,0,0.822,RETRY,Temporary bank-side timeout. A controlled retry may recover the payment.,Temporary technical failure with a strong recovery probability.,1,1386.54,Synthetic outcome; no real payment was processed.
TXN100673,7962.29,NetBanking,bank_timeout,2,0.845,RETRY,Temporary bank-side timeout. A controlled retry may recover the payment.,Temporary technical failure with a strong recovery probability.,1,7962.29,Synthetic outcome; no real payment was processed.
TXN100674,6273.28,NetBanking,network_error,1,0.448,MESSAGE,Temporary network issue. A controlled retry is appropriate.,Recovery probability is moderate; customer intervention is safer.,1,6273.28,Synthetic outcome; no real payment was processed.
TXN100675,14739.19,UPI,insufficient_funds,2,0.311,MESSAGE,Customer may not have sufficient funds. Customer notification is preferable to repeated retries.,Customer action is required before another payment attempt.,0,0.0,Synthetic outcome; no real payment was processed.
TXN100676,1857.29,UPI,network_error,2,0.355,MESSAGE,Temporary network issue. A controlled retry is appropriate.,Recovery probability is moderate; customer intervention is safer.,1,1857.29,Synthetic outcome; no real payment was processed.
TXN100677,6087.66,UPI,authentication_failed,1,0.191,MESSAGE,Authentication failed. Customer action is required before another attempt.,Customer action is required before another payment attempt.,0,0.0,Synthetic outcome; no real payment was processed.
TXN100678,14548.13,UPI,network_error,1,0.731,RETRY,Temporary network issue. A controlled retry is appropriate.,Temporary technical failure with a strong recovery probability.,0,0.0,Synthetic outcome; no real payment was processed.
TXN100679,13009.37,Card,card_declined,2,0.334,STOP,Card issuer declined the transaction. Customer may need to use another payment method.,"Recovery probability is low, so another automated attempt is not justified.",0,0.0,Synthetic outcome; no real payment was processed.
TXN100680,12292.48,UPI,card_declined,1,0.54,MESSAGE,Card issuer declined the transaction. Customer may need to use another payment method.,Recovery probability is moderate; customer intervention is safer.,0,0.0,Synthetic outcome; no real payment was processed.
TXN100681,4016.22,Wallet,card_declined,1,0.736,RETRY,Card issuer declined the transaction. Customer may need to use another payment method.,Temporary technical failure with a strong recovery probability.,1,4016.22,Synthetic outcome; no real payment was processed.
TXN100682,2728.31,Card,insufficient_funds,0,0.588,MESSAGE,Customer may not have sufficient funds. Customer notification is preferable to repeated retries.,Customer action is required before another payment attempt.,1,2728.31,Synthetic outcome; no real payment was processed.
TXN100683,10095.59,NetBanking,insufficient_funds,1,0.127,MESSAGE,Customer may not have sufficient funds. Customer notification is preferable to repeated retries.,Customer action is required before another payment attempt.,0,0.0,Synthetic outcome; no real payment was processed.
TXN100684,13954.69,UPI,network_error,1,0.836,RETRY,Temporary network issue. A controlled retry is appropriate.,Temporary technical failure with a strong recovery probability.,0,0.0,Synthetic outcome; no real payment was processed.
TXN100685,8439.65,NetBanking,card_declined,0,0.544,MESSAGE,Card issuer declined the transaction. Customer may need to use another payment method.,Recovery probability is moderate; customer intervention is safer.,0,0.0,Synthetic outcome; no real payment was processed.
TXN100686,8659.44,Wallet,insufficient_funds,0,0.096,MESSAGE,Customer may not have sufficient funds. Customer notification is preferable to repeated retries.,Customer action is required before another payment attempt.,0,0.0,Synthetic outcome; no real payment was processed.
TXN100687,4342.97,Card,bank_timeout,0,0.591,MESSAGE,Temporary bank-side timeout. A controlled retry may recover the payment.,Recovery probability is moderate; customer intervention is safer.,1,4342.97,Synthetic outcome; no real payment was processed.
TXN100688,11588.26,Card,network_error,0,0.764,RETRY,Temporary network issue. A controlled retry is appropriate.,Temporary technical failure with a strong recovery probability.,0,0.0,Synthetic outcome; no real payment was processed.
TXN100689,2967.43,NetBanking,authentication_failed,0,0.175,MESSAGE,Authentication failed. Customer action is required before another attempt.,Customer action is required before another payment attempt.,0,0.0,Synthetic outcome; no real payment was processed.
TXN100690,4989.78,UPI,upi_timeout,0,0.53,MESSAGE,Temporary UPI/network timeout. A delayed retry may recover the payment.,Recovery probability is moderate; customer intervention is safer.,1,4989.78,Synthetic outcome; no real payment was processed.
TXN100691,6495.88,Card,network_error,2,0.634,RETRY,Temporary network issue. A controlled retry is appropriate.,Temporary technical failure with a strong recovery probability.,0,0.0,Synthetic outcome; no real payment was processed.
TXN100692,7712.14,UPI,upi_timeout,1,0.249,STOP,Temporary UPI/network timeout. A delayed retry may recover the payment.,"Recovery probability is low, so another automated attempt is not justified.",0,0.0,Synthetic outcome; no real payment was processed.
TXN100693,3786.91,UPI,card_declined,0,0.352,MESSAGE,Card issuer declined the transaction. Customer may need to use another payment method.,Recovery probability is moderate; customer intervention is safer.,1,3786.91,Synthetic outcome; no real payment was processed.
TXN100694,1898.7,UPI,upi_timeout,0,0.728,RETRY,Temporary UPI/network timeout. A delayed retry may recover the payment.,Temporary technical failure with a strong recovery probability.,1,1898.7,Synthetic outcome; no real payment was processed.
TXN100695,9236.79,UPI,card_declined,1,0.139,STOP,Card issuer declined the transaction. Customer may need to use another payment method.,"Recovery probability is low, so another automated attempt is not justified.",0,0.0,Synthetic outcome; no real payment was processed.
TXN100696,4471.02,UPI,bank_timeout,0,0.447,MESSAGE,Temporary bank-side timeout. A controlled retry may recover the payment.,Recovery probability is moderate; customer intervention is safer.,1,4471.02,Synthetic outcome; no real payment was processed.
TXN100697,8801.91,UPI,upi_timeout,2,0.277,STOP,Temporary UPI/network timeout. A delayed retry may recover the payment.,"Recovery probability is low, so another automated attempt is not justified.",0,0.0,Synthetic outcome; no real payment was processed.
TXN100698,2483.72,Wallet,network_error,1,0.778,RETRY,Temporary network issue. A controlled retry is appropriate.,Temporary technical failure with a strong recovery probability.,1,2483.72,Synthetic outcome; no real payment was processed.
TXN100699,7320.35,Card,card_declined,2,0.365,MESSAGE,Card issuer declined the transaction. Customer may need to use another payment method.,Recovery probability is moderate; customer intervention is safer.,0,0.0,Synthetic outcome; no real payment was processed.
TXN100700,8081.86,Wallet,network_error,0,0.526,MESSAGE,Temporary network issue. A controlled retry is appropriate.,Recovery probability is moderate; customer intervention is safer.,0,0.0,Synthetic outcome; no real payment was processed.
TXN100701,966.04,UPI,insufficient_funds,1,0.064,MESSAGE,Customer may not have sufficient funds. Customer notification is preferable to repeated retries.,Customer action is required before another payment attempt.,0,0.0,Synthetic outcome; no real payment was processed.
TXN100702,5181.08,UPI,card_declined,0,0.392,MESSAGE,Card issuer declined the transaction. Customer may need to use another payment method.,Recovery probability is moderate; customer intervention is safer.,1,5181.08,Synthetic outcome; no real payment was processed.
TXN100703,2188.47,Card,upi_timeout,3,0.747,STOP,Temporary UPI/network timeout. A delayed retry may recover the payment.,Retry limit reached. Further automated attempts are blocked.,0,0.0,Synthetic outcome; no real payment was processed.
TXN100704,1137.01,UPI,card_declined,1,0.304,STOP,Card issuer declined the transaction. Customer may need to use another payment method.,"Recovery probability is low, so another automated attempt is not justified.",0,0.0,Synthetic outcome; no real payment was processed.
TXN100705,14851.4,UPI,network_error,0,0.632,RETRY,Temporary network issue. A controlled retry is appropriate.,Temporary technical failure with a strong recovery probability.,0,0.0,Synthetic outcome; no real payment was processed.
TXN100706,4970.16,Card,bank_timeout,0,0.76,RETRY,Temporary bank-side timeout. A controlled retry may recover the payment.,Temporary technical failure with a strong recovery probability.,1,4970.16,Synthetic outcome; no real payment was processed.
TXN100707,12185.95,UPI,card_declined,0,0.723,RETRY,Card issuer declined the transaction. Customer may need to use another payment method.,Temporary technical failure with a strong recovery probability.,0,0.0,Synthetic outcome; no real payment was processed.
TXN100708,3967.94,Card,upi_timeout,1,0.364,MESSAGE,Temporary UPI/network timeout. A delayed retry may recover the payment.,Recovery probability is moderate; customer intervention is safer.,1,3967.94,Synthetic outcome; no real payment was processed.
TXN100709,10285.92,Card,insufficient_funds,0,0.526,MESSAGE,Customer may not have sufficient funds. Customer notification is preferable to repeated retries.,Customer action is required before another payment attempt.,0,0.0,Synthetic outcome; no real payment was processed.
TXN100710,11451.13,UPI,authentication_failed,1,0.037,MESSAGE,Authentication failed. Customer action is required before another attempt.,Customer action is required before another payment attempt.,0,0.0,Synthetic outcome; no real payment was processed.
TXN100711,9015.05,UPI,bank_timeout,0,0.858,RETRY,Temporary bank-side timeout. A controlled retry may recover the payment.,Temporary technical failure with a strong recovery probability.,1,9015.05,Synthetic outcome; no real payment was processed.
TXN100712,7178.8,NetBanking,insufficient_funds,1,0.124,MESSAGE,Customer may not have sufficient funds. Customer notification is preferable to repeated retries.,Customer action is required before another payment attempt.,0,0.0,Synthetic outcome; no real payment was processed.
TXN100713,6294.66,Card,card_declined,2,0.622,RETRY,Card issuer declined the transaction. Customer may need to use another payment method.,Temporary technical failure with a strong recovery probability.,0,0.0,Synthetic outcome; no real payment was processed.
TXN100714,5362.6,UPI,network_error,2,0.755,RETRY,Temporary network issue. A controlled retry is appropriate.,Temporary technical failure with a strong recovery probability.,1,5362.6,Synthetic outcome; no real payment was processed.
TXN100715,13956.96,Wallet,network_error,2,0.597,MESSAGE,Temporary network issue. A controlled retry is appropriate.,Recovery probability is moderate; customer intervention is safer.,0,0.0,Synthetic outcome; no real payment was processed.
TXN100716,12493.0,UPI,upi_timeout,0,0.768,RETRY,Temporary UPI/network timeout. A delayed retry may recover the payment.,Temporary technical failure with a strong recovery probability.,0,0.0,Synthetic outcome; no real payment was processed.
TXN100717,14482.36,Card,network_error,0,0.327,STOP,Temporary network issue. A controlled retry is appropriate.,"Recovery probability is low, so another automated attempt is not justified.",0,0.0,Synthetic outcome; no real payment was processed.
TXN100718,2038.72,Wallet,bank_timeout,1,0.491,MESSAGE,Temporary bank-side timeout. A controlled retry may recover the payment.,Recovery probability is moderate; customer intervention is safer.,1,2038.72,Synthetic outcome; no real payment was processed.
TXN100719,11016.57,UPI,network_error,0,0.447,MESSAGE,Temporary network issue. A controlled retry is appropriate.,Recovery probability is moderate; customer intervention is safer.,0,0.0,Synthetic outcome; no real payment was processed.
TXN100720,14087.38,UPI,upi_timeout,0,0.786,RETRY,Temporary UPI/network timeout. A delayed retry may recover the payment.,Temporary technical failure with a strong recovery probability.,0,0.0,Synthetic outcome; no real payment was processed.
TXN100721,2881.43,UPI,authentication_failed,0,0.08,MESSAGE,Authentication failed. Customer action is required before another attempt.,Customer action is required before another payment attempt.,0,0.0,Synthetic outcome; no real payment was processed.
TXN100722,1183.21,UPI,card_declined,0,0.286,STOP,Card issuer declined the transaction. Customer may need to use another payment method.,"Recovery probability is low, so another automated attempt is not justified.",0,0.0,Synthetic outcome; no real payment was processed.
TXN100723,11168.33,UPI,card_declined,0,0.292,STOP,Card issuer declined the transaction. Customer may need to use another payment method.,"Recovery probability is low, so another automated attempt is not justified.",0,0.0,Synthetic outcome; no real payment was processed.
TXN100724,8701.78,Card,network_error,2,0.627,RETRY,Temporary network issue. A controlled retry is appropriate.,Temporary technical failure with a strong recovery probability.,1,8701.78,Synthetic outcome; no real payment was processed.
TXN100725,12658.91,UPI,insufficient_funds,0,0.294,MESSAGE,Customer may not have sufficient funds. Customer notification is preferable to repeated retries.,Customer action is required before another payment attempt.,0,0.0,Synthetic outcome; no real payment was processed.
TXN100726,2267.77,Card,card_declined,1,0.681,RETRY,Card issuer declined the transaction. Customer may need to use another payment method.,Temporary technical failure with a strong recovery probability.,1,2267.77,Synthetic outcome; no real payment was processed.
TXN100727,11969.75,Wallet,authentication_failed,0,0.143,MESSAGE,Authentication failed. Customer action is required before another attempt.,Customer action is required before another payment attempt.,0,0.0,Synthetic outcome; no real payment was processed.
TXN100728,3183.29,NetBanking,network_error,1,0.729,RETRY,Temporary network issue. A controlled retry is appropriate.,Temporary technical failure with a strong recovery probability.,1,3183.29,Synthetic outcome; no real payment was processed.
TXN100729,2621.27,Card,upi_timeout,0,0.673,RETRY,Temporary UPI/network timeout. A delayed retry may recover the payment.,Temporary technical failure with a strong recovery probability.,1,2621.27,Synthetic outcome; no real payment was processed.
TXN100730,2630.3,UPI,authentication_failed,2,0.078,MESSAGE,Authentication failed. Customer action is required before another attempt.,Customer action is required before another payment attempt.,0,0.0,Synthetic outcome; no real payment was processed.
TXN100731,12255.52,Card,network_error,2,0.764,RETRY,Temporary network issue. A controlled retry is appropriate.,Temporary technical failure with a strong recovery probability.,0,0.0,Synthetic outcome; no real payment was processed.
TXN100732,10044.58,Card,authentication_failed,0,0.118,MESSAGE,Authentication failed. Customer action is required before another attempt.,Customer action is required before another payment attempt.,0,0.0,Synthetic outcome; no real payment was processed.
TXN100733,7940.89,UPI,card_declined,2,0.396,MESSAGE,Card issuer declined the transaction. Customer may need to use another payment method.,Recovery probability is moderate; customer intervention is safer.,0,0.0,Synthetic outcome; no real payment was processed.
TXN100734,5510.05,UPI,upi_timeout,3,0.292,STOP,Temporary UPI/network timeout. A delayed retry may recover the payment.,Retry limit reached. Further automated attempts are blocked.,0,0.0,Synthetic outcome; no real payment was processed.
TXN100735,13182.45,NetBanking,network_error,2,0.462,MESSAGE,Temporary network issue. A controlled retry is appropriate.,Recovery probability is moderate; customer intervention is safer.,0,0.0,Synthetic outcome; no real payment was processed.
TXN100736,6007.58,UPI,bank_timeout,2,0.721,RETRY,Temporary bank-side timeout. A controlled retry may recover the payment.,Temporary technical failure with a strong recovery probability.,1,6007.58,Synthetic outcome; no real payment was processed.
TXN100737,12285.49,UPI,upi_timeout,0,0.897,RETRY,Temporary UPI/network timeout. A delayed retry may recover the payment.,Temporary technical failure with a strong recovery probability.,1,12285.49,Synthetic outcome; no real payment was processed.
TXN100738,6698.64,UPI,bank_timeout,1,0.29,STOP,Temporary bank-side timeout. A controlled retry may recover the payment.,"Recovery probability is low, so another automated attempt is not justified.",0,0.0,Synthetic outcome; no real payment was processed.
TXN100739,5778.15,UPI,authentication_failed,0,0.113,MESSAGE,Authentication failed. Customer action is required before another attempt.,Customer action is required before another payment attempt.,0,0.0,Synthetic outcome; no real payment was processed.
TXN100740,7047.12,NetBanking,insufficient_funds,0,0.102,MESSAGE,Customer may not have sufficient funds. Customer notification is preferable to repeated retries.,Customer action is required before another payment attempt.,0,0.0,Synthetic outcome; no real payment was processed.
TXN100741,4659.69,Card,upi_timeout,3,0.308,STOP,Temporary UPI/network timeout. A delayed retry may recover the payment.,Retry limit reached. Further automated attempts are blocked.,0,0.0,Synthetic outcome; no real payment was processed.
TXN100742,11264.37,NetBanking,authentication_failed,0,0.652,MESSAGE,Authentication failed. Customer action is required before another attempt.,Customer action is required before another payment attempt.,0,0.0,Synthetic outcome; no real payment was processed.
TXN100743,7639.76,UPI,bank_timeout,1,0.633,RETRY,Temporary bank-side timeout. A controlled retry may recover the payment.,Temporary technical failure with a strong recovery probability.,1,7639.76,Synthetic outcome; no real payment was processed.
TXN100744,3635.98,UPI,card_declined,2,0.212,STOP,Card issuer declined the transaction. Customer may need to use another payment method.,"Recovery probability is low, so another automated attempt is not justified.",0,0.0,Synthetic outcome; no real payment was processed.
TXN100745,13513.6,Card,card_declined,2,0.213,STOP,Card issuer declined the transaction. Customer may need to use another payment method.,"Recovery probability is low, so another automated attempt is not justified.",0,0.0,Synthetic outcome; no real payment was processed.
TXN100746,5880.97,UPI,insufficient_funds,3,0.077,STOP,Customer may not have sufficient funds. Customer notification is preferable to repeated retries.,Retry limit reached. Further automated attempts are blocked.,0,0.0,Synthetic outcome; no real payment was processed.
TXN100747,8244.13,UPI,upi_timeout,0,0.795,RETRY,Temporary UPI/network timeout. A delayed retry may recover the payment.,Temporary technical failure with a strong recovery probability.,1,8244.13,Synthetic outcome; no real payment was processed.
TXN100748,13615.69,NetBanking,upi_timeout,0,0.314,STOP,Temporary UPI/network timeout. A delayed retry may recover the payment.,"Recovery probability is low, so another automated attempt is not justified.",0,0.0,Synthetic outcome; no real payment was processed.
TXN100749,9438.35,UPI,upi_timeout,0,0.616,RETRY,Temporary UPI/network timeout. A delayed retry may recover the payment.,Temporary technical failure with a strong recovery probability.,1,9438.35,Synthetic outcome; no real payment was processed.
TXN100750,1929.21,Card,authentication_failed,0,0.178,MESSAGE,Authentication failed. Customer action is required before another attempt.,Customer action is required before another payment attempt.,1,1929.21,Synthetic outcome; no real payment was processed.
TXN100751,14109.46,UPI,insufficient_funds,0,0.189,MESSAGE,Customer may not have sufficient funds. Customer notification is preferable to repeated retries.,Customer action is required before another payment attempt.,0,0.0,Synthetic outcome; no real payment was processed.
TXN100752,9489.71,UPI,upi_timeout,0,0.264,STOP,Temporary UPI/network timeout. A delayed retry may recover the payment.,"Recovery probability is low, so another automated attempt is not justified.",0,0.0,Synthetic outcome; no real payment was processed.
TXN100753,5155.94,UPI,authentication_failed,2,0.049,MESSAGE,Authentication failed. Customer action is required before another attempt.,Customer action is required before another payment attempt.,0,0.0,Synthetic outcome; no real payment was processed.
TXN100754,2260.37,Wallet,card_declined,1,0.387,MESSAGE,Card issuer declined the transaction. Customer may need to use another payment method.,Recovery probability is moderate; customer intervention is safer.,1,2260.37,Synthetic outcome; no real payment was processed.
TXN100755,11951.37,NetBanking,bank_timeout,0,0.878,RETRY,Temporary bank-side timeout. A controlled retry may recover the payment.,Temporary technical failure with a strong recovery probability.,0,0.0,Synthetic outcome; no real payment was processed.
TXN100756,9376.7,Wallet,authentication_failed,1,0.095,MESSAGE,Authentication failed. Customer action is required before another attempt.,Customer action is required before another payment attempt.,0,0.0,Synthetic outcome; no real payment was processed.
TXN100757,8094.76,Card,card_declined,0,0.352,MESSAGE,Card issuer declined the transaction. Customer may need to use another payment method.,Recovery probability is moderate; customer intervention is safer.,0,0.0,Synthetic outcome; no real payment was processed.
TXN100758,13429.5,UPI,card_declined,0,0.278,STOP,Card issuer declined the transaction. Customer may need to use another payment method.,"Recovery probability is low, so another automated attempt is not justified.",0,0.0,Synthetic outcome; no real payment was processed.
TXN100759,11871.03,Card,bank_timeout,2,0.707,RETRY,Temporary bank-side timeout. A controlled retry may recover the payment.,Temporary technical failure with a strong recovery probability.,0,0.0,Synthetic outcome; no real payment was processed.
TXN100760,2443.94,Card,card_declined,1,0.709,RETRY,Card issuer declined the transaction. Customer may need to use another payment method.,Temporary technical failure with a strong recovery probability.,1,2443.94,Synthetic outcome; no real payment was processed.
TXN100761,4812.8,NetBanking,insufficient_funds,2,0.185,MESSAGE,Customer may not have sufficient funds. Customer notification is preferable to repeated retries.,Customer action is required before another payment attempt.,0,0.0,Synthetic outcome; no real payment was processed.
TXN100762,3876.89,UPI,bank_timeout,0,0.7,RETRY,Temporary bank-side timeout. A controlled retry may recover the payment.,Temporary technical failure with a strong recovery probability.,1,3876.89,Synthetic outcome; no real payment was processed.
TXN100763,11210.15,Card,card_declined,2,0.219,STOP,Card issuer declined the transaction. Customer may need to use another payment method.,"Recovery probability is low, so another automated attempt is not justified.",0,0.0,Synthetic outcome; no real payment was processed.
TXN100764,695.31,UPI,network_error,1,0.547,MESSAGE,Temporary network issue. A controlled retry is appropriate.,Recovery probability is moderate; customer intervention is safer.,1,695.31,Synthetic outcome; no real payment was processed.
TXN100765,8633.94,UPI,authentication_failed,1,0.646,MESSAGE,Authentication failed. Customer action is required before another attempt.,Customer action is required before another payment attempt.,0,0.0,Synthetic outcome; no real payment was processed.
TXN100766,11484.15,Card,card_declined,1,0.22,STOP,Card issuer declined the transaction. Customer may need to use another payment method.,"Recovery probability is low, so another automated attempt is not justified.",0,0.0,Synthetic outcome; no real payment was processed.
TXN100767,13176.01,Card,insufficient_funds,2,0.049,MESSAGE,Customer may not have sufficient funds. Customer notification is preferable to repeated retries.,Customer action is required before another payment attempt.,0,0.0,Synthetic outcome; no real payment was processed.
TXN100768,5262.15,UPI,upi_timeout,1,0.332,STOP,Temporary UPI/network timeout. A delayed retry may recover the payment.,"Recovery probability is low, so another automated attempt is not justified.",0,0.0,Synthetic outcome; no real payment was processed.
TXN100769,12354.43,UPI,card_declined,1,0.166,STOP,Card issuer declined the transaction. Customer may need to use another payment method.,"Recovery probability is low, so another automated attempt is not justified.",0,0.0,Synthetic outcome; no real payment was processed.
TXN100770,1836.46,Card,upi_timeout,3,0.253,STOP,Temporary UPI/network timeout. A delayed retry may recover the payment.,Retry limit reached. Further automated attempts are blocked.,0,0.0,Synthetic outcome; no real payment was processed.
TXN100771,12727.34,NetBanking,network_error,2,0.33,STOP,Temporary network issue. A controlled retry is appropriate.,"Recovery probability is low, so another automated attempt is not justified.",0,0.0,Synthetic outcome; no real payment was processed.
TXN100772,2085.96,NetBanking,card_declined,0,0.199,STOP,Card issuer declined the transaction. Customer may need to use another payment method.,"Recovery probability is low, so another automated attempt is not justified.",0,0.0,Synthetic outcome; no real payment was processed.
TXN100773,6079.25,Wallet,bank_timeout,1,0.803,RETRY,Temporary bank-side timeout. A controlled retry may recover the payment.,Temporary technical failure with a strong recovery probability.,1,6079.25,Synthetic outcome; no real payment was processed.
TXN100774,11999.77,NetBanking,upi_timeout,0,0.601,RETRY,Temporary UPI/network timeout. A delayed retry may recover the payment.,Temporary technical failure with a strong recovery probability.,0,0.0,Synthetic outcome; no real payment was processed.
TXN100775,2417.93,UPI,network_error,0,0.367,MESSAGE,Temporary network issue. A controlled retry is appropriate.,Recovery probability is moderate; customer intervention is safer.,1,2417.93,Synthetic outcome; no real payment was processed.
TXN100776,3592.15,Card,bank_timeout,1,0.449,MESSAGE,Temporary bank-side timeout. A controlled retry may recover the payment.,Recovery probability is moderate; customer intervention is safer.,1,3592.15,Synthetic outcome; no real payment was processed.
TXN100777,10889.06,UPI,bank_timeout,2,0.299,STOP,Temporary bank-side timeout. A controlled retry may recover the payment.,"Recovery probability is low, so another automated attempt is not justified.",0,0.0,Synthetic outcome; no real payment was processed.
TXN100778,10856.26,UPI,bank_timeout,2,0.206,STOP,Temporary bank-side timeout. A controlled retry may recover the payment.,"Recovery probability is low, so another automated attempt is not justified.",0,0.0,Synthetic outcome; no real payment was processed.
TXN100779,9688.63,NetBanking,bank_timeout,0,0.778,RETRY,Temporary bank-side timeout. A controlled retry may recover the payment.,Temporary technical failure with a strong recovery probability.,0,0.0,Synthetic outcome; no real payment was processed.
TXN100780,10470.13,UPI,card_declined,1,0.275,STOP,Card issuer declined the transaction. Customer may need to use another payment method.,"Recovery probability is low, so another automated attempt is not justified.",0,0.0,Synthetic outcome; no real payment was processed.
TXN100781,8231.86,Wallet,authentication_failed,0,0.117,MESSAGE,Authentication failed. Customer action is required before another attempt.,Customer action is required before another payment attempt.,0,0.0,Synthetic outcome; no real payment was processed.
TXN100782,3925.88,Card,card_declined,3,0.119,STOP,Card issuer declined the transaction. Customer may need to use another payment method.,Retry limit reached. Further automated attempts are blocked.,0,0.0,Synthetic outcome; no real payment was processed.
TXN100783,5315.65,Card,card_declined,3,0.175,STOP,Card issuer declined the transaction. Customer may need to use another payment method.,Retry limit reached. Further automated attempts are blocked.,0,0.0,Synthetic outcome; no real payment was processed.
TXN100784,2886.83,Card,network_error,1,0.431,MESSAGE,Temporary network issue. A controlled retry is appropriate.,Recovery probability is moderate; customer intervention is safer.,1,2886.83,Synthetic outcome; no real payment was processed.
TXN100785,13644.98,NetBanking,network_error,2,0.663,RETRY,Temporary network issue. A controlled retry is appropriate.,Temporary technical failure with a strong recovery probability.,0,0.0,Synthetic outcome; no real payment was processed.
TXN100786,8833.78,Card,authentication_failed,1,0.203,MESSAGE,Authentication failed. Customer action is required before another attempt.,Customer action is required before another payment attempt.,0,0.0,Synthetic outcome; no real payment was processed.
TXN100787,6132.0,Card,network_error,1,0.831,RETRY,Temporary network issue. A controlled retry is appropriate.,Temporary technical failure with a strong recovery probability.,1,6132.0,Synthetic outcome; no real payment was processed.
TXN100788,7037.15,UPI,insufficient_funds,0,0.336,MESSAGE,Customer may not have sufficient funds. Customer notification is preferable to repeated retries.,Customer action is required before another payment attempt.,0,0.0,Synthetic outcome; no real payment was processed.
TXN100789,14219.74,Card,authentication_failed,1,0.228,MESSAGE,Authentication failed. Customer action is required before another attempt.,Customer action is required before another payment attempt.,0,0.0,Synthetic outcome; no real payment was processed.
TXN100790,2468.75,UPI,network_error,1,0.727,RETRY,Temporary network issue. A controlled retry is appropriate.,Temporary technical failure with a strong recovery probability.,1,2468.75,Synthetic outcome; no real payment was processed.
TXN100791,8875.79,Card,authentication_failed,1,0.567,MESSAGE,Authentication failed. Customer action is required before another attempt.,Customer action is required before another payment attempt.,0,0.0,Synthetic outcome; no real payment was processed.
TXN100792,7686.66,Card,card_declined,0,0.278,STOP,Card issuer declined the transaction. Customer may need to use another payment method.,"Recovery probability is low, so another automated attempt is not justified.",0,0.0,Synthetic outcome; no real payment was processed.
TXN100793,9249.13,Card,card_declined,3,0.114,STOP,Card issuer declined the transaction. Customer may need to use another payment method.,Retry limit reached. Further automated attempts are blocked.,0,0.0,Synthetic outcome; no real payment was processed.
TXN100794,467.05,UPI,authentication_failed,0,0.185,MESSAGE,Authentication failed. Customer action is required before another attempt.,Customer action is required before another payment attempt.,1,467.05,Synthetic outcome; no real payment was processed.
TXN100795,13107.31,UPI,insufficient_funds,1,0.145,MESSAGE,Customer may not have sufficient funds. Customer notification is preferable to repeated retries.,Customer action is required before another payment attempt.,0,0.0,Synthetic outcome; no real payment was processed.
TXN100796,13995.28,Card,insufficient_funds,1,0.224,MESSAGE,Customer may not have sufficient funds. Customer notification is preferable to repeated retries.,Customer action is required before another payment attempt.,0,0.0,Synthetic outcome; no real payment was processed.
TXN100797,8563.54,UPI,authentication_failed,1,0.636,MESSAGE,Authentication failed. Customer action is required before another attempt.,Customer action is required before another payment attempt.,0,0.0,Synthetic outcome; no real payment was processed.
TXN100798,10510.13,UPI,network_error,1,0.514,MESSAGE,Temporary network issue. A controlled retry is appropriate.,Recovery probability is moderate; customer intervention is safer.,0,0.0,Synthetic outcome; no real payment was processed.
TXN100799,13852.91,UPI,upi_timeout,0,0.743,RETRY,Temporary UPI/network timeout. A delayed retry may recover the payment.,Temporary technical failure with a strong recovery probability.,0,0.0,Synthetic outcome; no real payment was processed.
TXN100800,10666.84,Wallet,insufficient_funds,0,0.102,MESSAGE,Customer may not have sufficient funds. Customer notification is preferable to repeated retries.,Customer action is required before another payment attempt.,0,0.0,Synthetic outcome; no real payment was processed.
TXN100801,2456.73,Card,bank_timeout,1,0.601,RETRY,Temporary bank-side timeout. A controlled retry may recover the payment.,Temporary technical failure with a strong recovery probability.,1,2456.73,Synthetic outcome; no real payment was processed.
TXN100802,8728.64,UPI,card_declined,1,0.483,MESSAGE,Card issuer declined the transaction. Customer may need to use another payment method.,Recovery probability is moderate; customer intervention is safer.,0,0.0,Synthetic outcome; no real payment was processed.
TXN100803,9178.99,UPI,authentication_failed,0,0.109,MESSAGE,Authentication failed. Customer action is required before another attempt.,Customer action is required before another payment attempt.,0,0.0,Synthetic outcome; no real payment was processed.
TXN100804,6476.56,UPI,bank_timeout,1,0.721,RETRY,Temporary bank-side timeout. A controlled retry may recover the payment.,Temporary technical failure with a strong recovery probability.,1,6476.56,Synthetic outcome; no real payment was processed.
TXN100805,11099.11,NetBanking,authentication_failed,1,0.114,MESSAGE,Authentication failed. Customer action is required before another attempt.,Customer action is required before another payment attempt.,0,0.0,Synthetic outcome; no real payment was processed.
TXN100806,14028.57,Card,card_declined,1,0.153,STOP,Card issuer declined the transaction. Customer may need to use another payment method.,"Recovery probability is low, so another automated attempt is not justified.",0,0.0,Synthetic outcome; no real payment was processed.
TXN100807,13898.34,UPI,card_declined,2,0.536,MESSAGE,Card issuer declined the transaction. Customer may need to use another payment method.,Recovery probability is moderate; customer intervention is safer.,0,0.0,Synthetic outcome; no real payment was processed.
TXN100808,6871.87,UPI,insufficient_funds,0,0.141,MESSAGE,Customer may not have sufficient funds. Customer notification is preferable to repeated retries.,Customer action is required before another payment attempt.,0,0.0,Synthetic outcome; no real payment was processed.
TXN100809,1875.04,UPI,insufficient_funds,0,0.265,MESSAGE,Customer may not have sufficient funds. Customer notification is preferable to repeated retries.,Customer action is required before another payment attempt.,1,1875.04,Synthetic outcome; no real payment was processed.
TXN100810,14775.63,Card,bank_timeout,2,0.111,STOP,Temporary bank-side timeout. A controlled retry may recover the payment.,"Recovery probability is low, so another automated attempt is not justified.",0,0.0,Synthetic outcome; no real payment was processed.
TXN100811,12615.53,NetBanking,authentication_failed,1,0.088,MESSAGE,Authentication failed. Customer action is required before another attempt.,Customer action is required before another payment attempt.,0,0.0,Synthetic outcome; no real payment was processed.
TXN100812,2044.13,UPI,card_declined,1,0.379,MESSAGE,Card issuer declined the transaction. Customer may need to use another payment method.,Recovery probability is moderate; customer intervention is safer.,1,2044.13,Synthetic outcome; no real payment was processed.
TXN100813,13828.38,UPI,bank_timeout,2,0.713,RETRY,Temporary bank-side timeout. A controlled retry may recover the payment.,Temporary technical failure with a strong recovery probability.,0,0.0,Synthetic outcome; no real payment was processed.
TXN100814,13074.34,UPI,upi_timeout,2,0.676,RETRY,Temporary UPI/network timeout. A delayed retry may recover the payment.,Temporary technical failure with a strong recovery probability.,0,0.0,Synthetic outcome; no real payment was processed.
TXN100815,7878.32,Wallet,bank_timeout,3,0.225,STOP,Temporary bank-side timeout. A controlled retry may recover the payment.,Retry limit reached. Further automated attempts are blocked.,0,0.0,Synthetic outcome; no real payment was processed.
TXN100816,8950.47,UPI,network_error,1,0.288,STOP,Temporary network issue. A controlled retry is appropriate.,"Recovery probability is low, so another automated attempt is not justified.",0,0.0,Synthetic outcome; no real payment was processed.
TXN100817,6104.64,NetBanking,bank_timeout,1,0.772,RETRY,Temporary bank-side timeout. A controlled retry may recover the payment.,Temporary technical failure with a strong recovery probability.,1,6104.64,Synthetic outcome; no real payment was processed.
TXN100818,1009.53,Card,network_error,0,0.77,RETRY,Temporary network issue. A controlled retry is appropriate.,Temporary technical failure with a strong recovery probability.,1,1009.53,Synthetic outcome; no real payment was processed.
TXN100819,5160.25,UPI,network_error,0,0.506,MESSAGE,Temporary network issue. A controlled retry is appropriate.,Recovery probability is moderate; customer intervention is safer.,1,5160.25,Synthetic outcome; no real payment was processed.
TXN100820,12082.03,UPI,network_error,1,0.448,MESSAGE,Temporary network issue. A controlled retry is appropriate.,Recovery probability is moderate; customer intervention is safer.,0,0.0,Synthetic outcome; no real payment was processed.
TXN100821,267.56,UPI,upi_timeout,0,0.231,STOP,Temporary UPI/network timeout. A delayed retry may recover the payment.,"Recovery probability is low, so another automated attempt is not justified.",0,0.0,Synthetic outcome; no real payment was processed.
TXN100822,5135.12,Card,bank_timeout,2,0.776,RETRY,Temporary bank-side timeout. A controlled retry may recover the payment.,Temporary technical failure with a strong recovery probability.,1,5135.12,Synthetic outcome; no real payment was processed.
TXN100823,6092.29,NetBanking,bank_timeout,1,0.691,RETRY,Temporary bank-side timeout. A controlled retry may recover the payment.,Temporary technical failure with a strong recovery probability.,1,6092.29,Synthetic outcome; no real payment was processed.
TXN100824,8152.99,Card,upi_timeout,1,0.593,MESSAGE,Temporary UPI/network timeout. A delayed retry may recover the payment.,Recovery probability is moderate; customer intervention is safer.,0,0.0,Synthetic outcome; no real payment was processed.
TXN100825,13813.78,Card,card_declined,0,0.553,MESSAGE,Card issuer declined the transaction. Customer may need to use another payment method.,Recovery probability is moderate; customer intervention is safer.,0,0.0,Synthetic outcome; no real payment was processed.
TXN100826,5325.27,UPI,insufficient_funds,0,0.127,MESSAGE,Customer may not have sufficient funds. Customer notification is preferable to repeated retries.,Customer action is required before another payment attempt.,0,0.0,Synthetic outcome; no real payment was processed.
TXN100827,5334.25,Wallet,bank_timeout,0,0.858,RETRY,Temporary bank-side timeout. A controlled retry may recover the payment.,Temporary technical failure with a strong recovery probability.,1,5334.25,Synthetic outcome; no real payment was processed.
TXN100828,11114.76,NetBanking,insufficient_funds,0,0.114,MESSAGE,Customer may not have sufficient funds. Customer notification is preferable to repeated retries.,Customer action is required before another payment attempt.,0,0.0,Synthetic outcome; no real payment was processed.
TXN100829,6892.28,UPI,authentication_failed,0,0.052,MESSAGE,Authentication failed. Customer action is required before another attempt.,Customer action is required before another payment attempt.,0,0.0,Synthetic outcome; no real payment was processed.
TXN100830,3523.38,Wallet,authentication_failed,1,0.067,MESSAGE,Authentication failed. Customer action is required before another attempt.,Customer action is required before another payment attempt.,0,0.0,Synthetic outcome; no real payment was processed.
TXN100831,6895.56,Card,upi_timeout,2,0.626,RETRY,Temporary UPI/network timeout. A delayed retry may recover the payment.,Temporary technical failure with a strong recovery probability.,1,6895.56,Synthetic outcome; no real payment was processed.
TXN100832,2283.82,Card,authentication_failed,2,0.137,MESSAGE,Authentication failed. Customer action is required before another attempt.,Customer action is required before another payment attempt.,0,0.0,Synthetic outcome; no real payment was processed.
TXN100833,2809.7,Card,authentication_failed,1,0.699,MESSAGE,Authentication failed. Customer action is required before another attempt.,Customer action is required before another payment attempt.,1,2809.7,Synthetic outcome; no real payment was processed.
TXN100834,7575.34,NetBanking,card_declined,0,0.24,STOP,Card issuer declined the transaction. Customer may need to use another payment method.,"Recovery probability is low, so another automated attempt is not justified.",0,0.0,Synthetic outcome; no real payment was processed.
TXN100835,6399.52,Card,card_declined,2,0.598,MESSAGE,Card issuer declined the transaction. Customer may need to use another payment method.,Recovery probability is moderate; customer intervention is safer.,0,0.0,Synthetic outcome; no real payment was processed.
TXN100836,13739.63,UPI,card_declined,2,0.249,STOP,Card issuer declined the transaction. Customer may need to use another payment method.,"Recovery probability is low, so another automated attempt is not justified.",0,0.0,Synthetic outcome; no real payment was processed.
TXN100837,5562.79,UPI,authentication_failed,0,0.114,MESSAGE,Authentication failed. Customer action is required before another attempt.,Customer action is required before another payment attempt.,0,0.0,Synthetic outcome; no real payment was processed.
TXN100838,8792.29,Wallet,upi_timeout,1,0.744,RETRY,Temporary UPI/network timeout. A delayed retry may recover the payment.,Temporary technical failure with a strong recovery probability.,1,8792.29,Synthetic outcome; no real payment was processed.
TXN100839,9557.14,UPI,network_error,0,0.402,MESSAGE,Temporary network issue. A controlled retry is appropriate.,Recovery probability is moderate; customer intervention is safer.,0,0.0,Synthetic outcome; no real payment was processed.
TXN100840,392.81,UPI,network_error,2,0.378,MESSAGE,Temporary network issue. A controlled retry is appropriate.,Recovery probability is moderate; customer intervention is safer.,1,392.81,Synthetic outcome; no real payment was processed.
TXN100841,10020.02,UPI,insufficient_funds,3,0.048,STOP,Customer may not have sufficient funds. Customer notification is preferable to repeated retries.,Retry limit reached. Further automated attempts are blocked.,0,0.0,Synthetic outcome; no real payment was processed.
TXN100842,2834.11,UPI,network_error,0,0.845,RETRY,Temporary network issue. A controlled retry is appropriate.,Temporary technical failure with a strong recovery probability.,1,2834.11,Synthetic outcome; no real payment was processed.
TXN100843,14423.8,Card,network_error,2,0.319,STOP,Temporary network issue. A controlled retry is appropriate.,"Recovery probability is low, so another automated attempt is not justified.",0,0.0,Synthetic outcome; no real payment was processed.
TXN100844,2399.36,Wallet,card_declined,1,0.207,STOP,Card issuer declined the transaction. Customer may need to use another payment method.,"Recovery probability is low, so another automated attempt is not justified.",0,0.0,Synthetic outcome; no real payment was processed.
TXN100845,6335.85,UPI,card_declined,3,0.131,STOP,Card issuer declined the transaction. Customer may need to use another payment method.,Retry limit reached. Further automated attempts are blocked.,0,0.0,Synthetic outcome; no real payment was processed.
TXN100846,1462.26,UPI,authentication_failed,1,0.039,MESSAGE,Authentication failed. Customer action is required before another attempt.,Customer action is required before another payment attempt.,0,0.0,Synthetic outcome; no real payment was processed.
TXN100847,14953.74,UPI,insufficient_funds,2,0.71,MESSAGE,Customer may not have sufficient funds. Customer notification is preferable to repeated retries.,Customer action is required before another payment attempt.,0,0.0,Synthetic outcome; no real payment was processed.
TXN100848,7631.99,NetBanking,bank_timeout,0,0.631,RETRY,Temporary bank-side timeout. A controlled retry may recover the payment.,Temporary technical failure with a strong recovery probability.,1,7631.99,Synthetic outcome; no real payment was processed.
TXN100849,9011.29,Card,insufficient_funds,0,0.214,MESSAGE,Customer may not have sufficient funds. Customer notification is preferable to repeated retries.,Customer action is required before another payment attempt.,0,0.0,Synthetic outcome; no real payment was processed.
TXN100850,1191.8,UPI,insufficient_funds,0,0.249,MESSAGE,Customer may not have sufficient funds. Customer notification is preferable to repeated retries.,Customer action is required before another payment attempt.,1,1191.8,Synthetic outcome; no real payment was processed.
TXN100851,11299.16,NetBanking,upi_timeout,3,0.303,STOP,Temporary UPI/network timeout. A delayed retry may recover the payment.,Retry limit reached. Further automated attempts are blocked.,0,0.0,Synthetic outcome; no real payment was processed.
TXN100852,3305.81,NetBanking,authentication_failed,2,0.089,MESSAGE,Authentication failed. Customer action is required before another attempt.,Customer action is required before another payment attempt.,0,0.0,Synthetic outcome; no real payment was processed.
TXN100853,13491.1,NetBanking,upi_timeout,2,0.392,MESSAGE,Temporary UPI/network timeout. A delayed retry may recover the payment.,Recovery probability is moderate; customer intervention is safer.,0,0.0,Synthetic outcome; no real payment was processed.
TXN100854,3235.27,Wallet,insufficient_funds,3,0.078,STOP,Customer may not have sufficient funds. Customer notification is preferable to repeated retries.,Retry limit reached. Further automated attempts are blocked.,0,0.0,Synthetic outcome; no real payment was processed.
TXN100855,3021.37,UPI,insufficient_funds,0,0.199,MESSAGE,Customer may not have sufficient funds. Customer notification is preferable to repeated retries.,Customer action is required before another payment attempt.,0,0.0,Synthetic outcome; no real payment was processed.
TXN100856,739.97,NetBanking,insufficient_funds,0,0.296,MESSAGE,Customer may not have sufficient funds. Customer notification is preferable to repeated retries.,Customer action is required before another payment attempt.,1,739.97,Synthetic outcome; no real payment was processed.
TXN100857,7186.06,Card,network_error,0,0.698,RETRY,Temporary network issue. A controlled retry is appropriate.,Temporary technical failure with a strong recovery probability.,1,7186.06,Synthetic outcome; no real payment was processed.
TXN100858,8559.21,NetBanking,upi_timeout,0,0.864,RETRY,Temporary UPI/network timeout. A delayed retry may recover the payment.,Temporary technical failure with a strong recovery probability.,1,8559.21,Synthetic outcome; no real payment was processed.
TXN100859,1171.55,Card,insufficient_funds,0,0.659,MESSAGE,Customer may not have sufficient funds. Customer notification is preferable to repeated retries.,Customer action is required before another payment attempt.,1,1171.55,Synthetic outcome; no real payment was processed.
TXN100860,11677.58,NetBanking,card_declined,1,0.158,STOP,Card issuer declined the transaction. Customer may need to use another payment method.,"Recovery probability is low, so another automated attempt is not justified.",0,0.0,Synthetic outcome; no real payment was processed.
TXN100861,6908.13,Card,authentication_failed,0,0.141,MESSAGE,Authentication failed. Customer action is required before another attempt.,Customer action is required before another payment attempt.,0,0.0,Synthetic outcome; no real payment was processed.
TXN100862,7960.5,UPI,authentication_failed,0,0.056,MESSAGE,Authentication failed. Customer action is required before another attempt.,Customer action is required before another payment attempt.,0,0.0,Synthetic outcome; no real payment was processed.
TXN100863,6722.73,Card,card_declined,0,0.603,RETRY,Card issuer declined the transaction. Customer may need to use another payment method.,Temporary technical failure with a strong recovery probability.,1,6722.73,Synthetic outcome; no real payment was processed.
TXN100864,6130.69,Wallet,authentication_failed,0,0.137,MESSAGE,Authentication failed. Customer action is required before another attempt.,Customer action is required before another payment attempt.,0,0.0,Synthetic outcome; no real payment was processed.
TXN100865,8482.24,Wallet,network_error,3,0.273,STOP,Temporary network issue. A controlled retry is appropriate.,Retry limit reached. Further automated attempts are blocked.,0,0.0,Synthetic outcome; no real payment was processed.
TXN100866,2496.71,UPI,network_error,2,0.323,STOP,Temporary network issue. A controlled retry is appropriate.,"Recovery probability is low, so another automated attempt is not justified.",0,0.0,Synthetic outcome; no real payment was processed.
TXN100867,2891.72,UPI,bank_timeout,3,0.467,STOP,Temporary bank-side timeout. A controlled retry may recover the payment.,Retry limit reached. Further automated attempts are blocked.,0,0.0,Synthetic outcome; no real payment was processed.
TXN100868,12954.29,UPI,bank_timeout,0,0.263,STOP,Temporary bank-side timeout. A controlled retry may recover the payment.,"Recovery probability is low, so another automated attempt is not justified.",0,0.0,Synthetic outcome; no real payment was processed.
TXN100869,14202.45,Card,bank_timeout,0,0.577,MESSAGE,Temporary bank-side timeout. A controlled retry may recover the payment.,Recovery probability is moderate; customer intervention is safer.,0,0.0,Synthetic outcome; no real payment was processed.
TXN100870,5724.35,NetBanking,authentication_failed,2,0.067,MESSAGE,Authentication failed. Customer action is required before another attempt.,Customer action is required before another payment attempt.,0,0.0,Synthetic outcome; no real payment was processed.
TXN100871,4206.29,UPI,network_error,0,0.561,MESSAGE,Temporary network issue. A controlled retry is appropriate.,Recovery probability is moderate; customer intervention is safer.,1,4206.29,Synthetic outcome; no real payment was processed.
TXN100872,9730.84,Card,network_error,0,0.343,STOP,Temporary network issue. A controlled retry is appropriate.,"Recovery probability is low, so another automated attempt is not justified.",0,0.0,Synthetic outcome; no real payment was processed.
TXN100873,6248.67,NetBanking,network_error,0,0.775,RETRY,Temporary network issue. A controlled retry is appropriate.,Temporary technical failure with a strong recovery probability.,1,6248.67,Synthetic outcome; no real payment was processed.
TXN100874,574.74,Card,card_declined,0,0.604,RETRY,Card issuer declined the transaction. Customer may need to use another payment method.,Temporary technical failure with a strong recovery probability.,1,574.74,Synthetic outcome; no real payment was processed.
TXN100875,2510.21,Card,network_error,0,0.802,RETRY,Temporary network issue. A controlled retry is appropriate.,Temporary technical failure with a strong recovery probability.,1,2510.21,Synthetic outcome; no real payment was processed.
TXN100876,10796.1,Card,card_declined,0,0.281,STOP,Card issuer declined the transaction. Customer may need to use another payment method.,"Recovery probability is low, so another automated attempt is not justified.",0,0.0,Synthetic outcome; no real payment was processed.
TXN100877,9951.73,Card,bank_timeout,1,0.816,RETRY,Temporary bank-side timeout. A controlled retry may recover the payment.,Temporary technical failure with a strong recovery probability.,1,9951.73,Synthetic outcome; no real payment was processed.
TXN100878,600.05,UPI,bank_timeout,0,0.61,RETRY,Temporary bank-side timeout. A controlled retry may recover the payment.,Temporary technical failure with a strong recovery probability.,1,600.05,Synthetic outcome; no real payment was processed.
TXN100879,3484.41,Card,authentication_failed,0,0.526,MESSAGE,Authentication failed. Customer action is required before another attempt.,Customer action is required before another payment attempt.,0,0.0,Synthetic outcome; no real payment was processed.
TXN100880,3619.14,Card,bank_timeout,2,0.279,STOP,Temporary bank-side timeout. A controlled retry may recover the payment.,"Recovery probability is low, so another automated attempt is not justified.",0,0.0,Synthetic outcome; no real payment was processed.
TXN100881,10143.68,NetBanking,authentication_failed,0,0.077,MESSAGE,Authentication failed. Customer action is required before another attempt.,Customer action is required before another payment attempt.,0,0.0,Synthetic outcome; no real payment was processed.
TXN100882,490.74,Card,insufficient_funds,0,0.216,MESSAGE,Customer may not have sufficient funds. Customer notification is preferable to repeated retries.,Customer action is required before another payment attempt.,1,490.74,Synthetic outcome; no real payment was processed.
TXN100883,1739.91,NetBanking,insufficient_funds,2,0.202,MESSAGE,Customer may not have sufficient funds. Customer notification is preferable to repeated retries.,Customer action is required before another payment attempt.,0,0.0,Synthetic outcome; no real payment was processed.
TXN100884,12038.56,UPI,upi_timeout,0,0.287,STOP,Temporary UPI/network timeout. A delayed retry may recover the payment.,"Recovery probability is low, so another automated attempt is not justified.",0,0.0,Synthetic outcome; no real payment was processed.
TXN100885,2841.64,Card,authentication_failed,0,0.342,MESSAGE,Authentication failed. Customer action is required before another attempt.,Customer action is required before another payment attempt.,0,0.0,Synthetic outcome; no real payment was processed.
TXN100886,9860.3,UPI,upi_timeout,1,0.705,RETRY,Temporary UPI/network timeout. A delayed retry may recover the payment.,Temporary technical failure with a strong recovery probability.,0,0.0,Synthetic outcome; no real payment was processed.
TXN100887,3724.34,UPI,upi_timeout,0,0.356,MESSAGE,Temporary UPI/network timeout. A delayed retry may recover the payment.,Recovery probability is moderate; customer intervention is safer.,1,3724.34,Synthetic outcome; no real payment was processed.
TXN100888,1670.83,Card,insufficient_funds,1,0.215,MESSAGE,Customer may not have sufficient funds. Customer notification is preferable to repeated retries.,Customer action is required before another payment attempt.,1,1670.83,Synthetic outcome; no real payment was processed.
TXN100889,3798.19,Wallet,authentication_failed,2,0.07,MESSAGE,Authentication failed. Customer action is required before another attempt.,Customer action is required before another payment attempt.,0,0.0,Synthetic outcome; no real payment was processed.
TXN100890,10889.27,UPI,insufficient_funds,0,0.331,MESSAGE,Customer may not have sufficient funds. Customer notification is preferable to repeated retries.,Customer action is required before another payment attempt.,0,0.0,Synthetic outcome; no real payment was processed.
TXN100891,12864.16,UPI,upi_timeout,1,0.243,STOP,Temporary UPI/network timeout. A delayed retry may recover the payment.,"Recovery probability is low, so another automated attempt is not justified.",0,0.0,Synthetic outcome; no real payment was processed.
TXN100892,12487.08,NetBanking,authentication_failed,1,0.733,MESSAGE,Authentication failed. Customer action is required before another attempt.,Customer action is required before another payment attempt.,0,0.0,Synthetic outcome; no real payment was processed.
TXN100893,6077.71,UPI,upi_timeout,0,0.594,MESSAGE,Temporary UPI/network timeout. A delayed retry may recover the payment.,Recovery probability is moderate; customer intervention is safer.,0,0.0,Synthetic outcome; no real payment was processed.
TXN100894,10087.33,Card,network_error,1,0.664,RETRY,Temporary network issue. A controlled retry is appropriate.,Temporary technical failure with a strong recovery probability.,0,0.0,Synthetic outcome; no real payment was processed.
TXN100895,3232.97,Card,authentication_failed,0,0.316,MESSAGE,Authentication failed. Customer action is required before another attempt.,Customer action is required before another payment attempt.,1,3232.97,Synthetic outcome; no real payment was processed.
TXN100896,4537.88,Card,authentication_failed,1,0.119,MESSAGE,Authentication failed. Customer action is required before another attempt.,Customer action is required before another payment attempt.,0,0.0,Synthetic outcome; no real payment was processed.
TXN100897,13465.67,UPI,upi_timeout,0,0.281,STOP,Temporary UPI/network timeout. A delayed retry may recover the payment.,"Recovery probability is low, so another automated attempt is not justified.",0,0.0,Synthetic outcome; no real payment was processed.
TXN100898,391.44,UPI,network_error,1,0.824,RETRY,Temporary network issue. A controlled retry is appropriate.,Temporary technical failure with a strong recovery probability.,1,391.44,Synthetic outcome; no real payment was processed.
TXN100899,1464.61,NetBanking,card_declined,0,0.667,RETRY,Card issuer declined the transaction. Customer may need to use another payment method.,Temporary technical failure with a strong recovery probability.,1,1464.61,Synthetic outcome; no real payment was processed.
TXN100900,3275.92,Card,insufficient_funds,2,0.041,MESSAGE,Customer may not have sufficient funds. Customer notification is preferable to repeated retries.,Customer action is required before another payment attempt.,0,0.0,Synthetic outcome; no real payment was processed.
TXN100901,591.7,UPI,upi_timeout,0,0.391,MESSAGE,Temporary UPI/network timeout. A delayed retry may recover the payment.,Recovery probability is moderate; customer intervention is safer.,1,591.7,Synthetic outcome; no real payment was processed.
TXN100902,2884.43,NetBanking,authentication_failed,0,0.208,MESSAGE,Authentication failed. Customer action is required before another attempt.,Customer action is required before another payment attempt.,0,0.0,Synthetic outcome; no real payment was processed.
TXN100903,8828.6,UPI,insufficient_funds,1,0.161,MESSAGE,Customer may not have sufficient funds. Customer notification is preferable to repeated retries.,Customer action is required before another payment attempt.,0,0.0,Synthetic outcome; no real payment was processed.
TXN100904,6436.5,Card,insufficient_funds,1,0.305,MESSAGE,Customer may not have sufficient funds. Customer notification is preferable to repeated retries.,Customer action is required before another payment attempt.,0,0.0,Synthetic outcome; no real payment was processed.
TXN100905,13411.43,UPI,insufficient_funds,1,0.11,MESSAGE,Customer may not have sufficient funds. Customer notification is preferable to repeated retries.,Customer action is required before another payment attempt.,0,0.0,Synthetic outcome; no real payment was processed.
TXN100906,12297.98,Wallet,card_declined,1,0.388,MESSAGE,Card issuer declined the transaction. Customer may need to use another payment method.,Recovery probability is moderate; customer intervention is safer.,0,0.0,Synthetic outcome; no real payment was processed.
TXN100907,5258.24,UPI,bank_timeout,2,0.711,RETRY,Temporary bank-side timeout. A controlled retry may recover the payment.,Temporary technical failure with a strong recovery probability.,1,5258.24,Synthetic outcome; no real payment was processed.
TXN100908,4038.73,UPI,upi_timeout,2,0.682,RETRY,Temporary UPI/network timeout. A delayed retry may recover the payment.,Temporary technical failure with a strong recovery probability.,1,4038.73,Synthetic outcome; no real payment was processed.
TXN100909,5818.83,UPI,bank_timeout,0,0.459,MESSAGE,Temporary bank-side timeout. A controlled retry may recover the payment.,Recovery probability is moderate; customer intervention is safer.,1,5818.83,Synthetic outcome; no real payment was processed.
TXN100910,8935.96,UPI,bank_timeout,1,0.826,RETRY,Temporary bank-side timeout. A controlled retry may recover the payment.,Temporary technical failure with a strong recovery probability.,1,8935.96,Synthetic outcome; no real payment was processed.
TXN100911,4166.61,NetBanking,bank_timeout,2,0.294,STOP,Temporary bank-side timeout. A controlled retry may recover the payment.,"Recovery probability is low, so another automated attempt is not justified.",0,0.0,Synthetic outcome; no real payment was processed.
TXN100912,9437.03,Wallet,insufficient_funds,3,0.056,STOP,Customer may not have sufficient funds. Customer notification is preferable to repeated retries.,Retry limit reached. Further automated attempts are blocked.,0,0.0,Synthetic outcome; no real payment was processed.
TXN100913,6258.7,UPI,network_error,2,0.455,MESSAGE,Temporary network issue. A controlled retry is appropriate.,Recovery probability is moderate; customer intervention is safer.,0,0.0,Synthetic outcome; no real payment was processed.
TXN100914,8369.85,UPI,insufficient_funds,0,0.204,MESSAGE,Customer may not have sufficient funds. Customer notification is preferable to repeated retries.,Customer action is required before another payment attempt.,0,0.0,Synthetic outcome; no real payment was processed.
TXN100915,6654.11,Card,insufficient_funds,0,0.366,MESSAGE,Customer may not have sufficient funds. Customer notification is preferable to repeated retries.,Customer action is required before another payment attempt.,0,0.0,Synthetic outcome; no real payment was processed.
TXN100916,4557.39,NetBanking,authentication_failed,1,0.628,MESSAGE,Authentication failed. Customer action is required before another attempt.,Customer action is required before another payment attempt.,0,0.0,Synthetic outcome; no real payment was processed.
TXN100917,14237.06,Card,authentication_failed,1,0.636,MESSAGE,Authentication failed. Customer action is required before another attempt.,Customer action is required before another payment attempt.,0,0.0,Synthetic outcome; no real payment was processed.
TXN100918,11501.13,UPI,bank_timeout,1,0.833,RETRY,Temporary bank-side timeout. A controlled retry may recover the payment.,Temporary technical failure with a strong recovery probability.,0,0.0,Synthetic outcome; no real payment was processed.
TXN100919,2272.82,UPI,insufficient_funds,1,0.12,MESSAGE,Customer may not have sufficient funds. Customer notification is preferable to repeated retries.,Customer action is required before another payment attempt.,0,0.0,Synthetic outcome; no real payment was processed.
TXN100920,13053.19,Card,bank_timeout,2,0.733,RETRY,Temporary bank-side timeout. A controlled retry may recover the payment.,Temporary technical failure with a strong recovery probability.,0,0.0,Synthetic outcome; no real payment was processed.
TXN100921,7413.47,UPI,authentication_failed,0,0.091,MESSAGE,Authentication failed. Customer action is required before another attempt.,Customer action is required before another payment attempt.,0,0.0,Synthetic outcome; no real payment was processed.
TXN100922,13439.27,Card,network_error,2,0.691,RETRY,Temporary network issue. A controlled retry is appropriate.,Temporary technical failure with a strong recovery probability.,0,0.0,Synthetic outcome; no real payment was processed.
TXN100923,12037.66,UPI,upi_timeout,0,0.23,STOP,Temporary UPI/network timeout. A delayed retry may recover the payment.,"Recovery probability is low, so another automated attempt is not justified.",0,0.0,Synthetic outcome; no real payment was processed.
TXN100924,6492.59,NetBanking,bank_timeout,0,0.903,RETRY,Temporary bank-side timeout. A controlled retry may recover the payment.,Temporary technical failure with a strong recovery probability.,1,6492.59,Synthetic outcome; no real payment was processed.
TXN100925,531.57,UPI,network_error,1,0.816,RETRY,Temporary network issue. A controlled retry is appropriate.,Temporary technical failure with a strong recovery probability.,1,531.57,Synthetic outcome; no real payment was processed.
TXN100926,4175.69,Card,upi_timeout,2,0.805,RETRY,Temporary UPI/network timeout. A delayed retry may recover the payment.,Temporary technical failure with a strong recovery probability.,1,4175.69,Synthetic outcome; no real payment was processed.
TXN100927,8215.73,Card,card_declined,0,0.36,MESSAGE,Card issuer declined the transaction. Customer may need to use another payment method.,Recovery probability is moderate; customer intervention is safer.,0,0.0,Synthetic outcome; no real payment was processed.
TXN100928,9575.11,Card,bank_timeout,0,0.815,RETRY,Temporary bank-side timeout. A controlled retry may recover the payment.,Temporary technical failure with a strong recovery probability.,1,9575.11,Synthetic outcome; no real payment was processed.
TXN100929,4016.0,UPI,bank_timeout,3,0.255,STOP,Temporary bank-side timeout. A controlled retry may recover the payment.,Retry limit reached. Further automated attempts are blocked.,0,0.0,Synthetic outcome; no real payment was processed.
TXN100930,2261.61,Card,card_declined,0,0.746,RETRY,Card issuer declined the transaction. Customer may need to use another payment method.,Temporary technical failure with a strong recovery probability.,1,2261.61,Synthetic outcome; no real payment was processed.
TXN100931,12556.8,Card,card_declined,1,0.516,MESSAGE,Card issuer declined the transaction. Customer may need to use another payment method.,Recovery probability is moderate; customer intervention is safer.,0,0.0,Synthetic outcome; no real payment was processed.
TXN100932,14769.14,Card,bank_timeout,1,0.366,MESSAGE,Temporary bank-side timeout. A controlled retry may recover the payment.,Recovery probability is moderate; customer intervention is safer.,0,0.0,Synthetic outcome; no real payment was processed.
TXN100933,7979.74,Card,card_declined,1,0.4,MESSAGE,Card issuer declined the transaction. Customer may need to use another payment method.,Recovery probability is moderate; customer intervention is safer.,0,0.0,Synthetic outcome; no real payment was processed.
TXN100934,2740.03,Card,insufficient_funds,1,0.175,MESSAGE,Customer may not have sufficient funds. Customer notification is preferable to repeated retries.,Customer action is required before another payment attempt.,1,2740.03,Synthetic outcome; no real payment was processed.
TXN100935,4229.42,NetBanking,upi_timeout,0,0.658,RETRY,Temporary UPI/network timeout. A delayed retry may recover the payment.,Temporary technical failure with a strong recovery probability.,1,4229.42,Synthetic outcome; no real payment was processed.
TXN100936,471.2,UPI,upi_timeout,1,0.643,RETRY,Temporary UPI/network timeout. A delayed retry may recover the payment.,Temporary technical failure with a strong recovery probability.,1,471.2,Synthetic outcome; no real payment was processed.
TXN100937,13731.54,NetBanking,upi_timeout,0,0.822,RETRY,Temporary UPI/network timeout. A delayed retry may recover the payment.,Temporary technical failure with a strong recovery probability.,0,0.0,Synthetic outcome; no real payment was processed.
TXN100938,1941.83,Card,insufficient_funds,1,0.097,MESSAGE,Customer may not have sufficient funds. Customer notification is preferable to repeated retries.,Customer action is required before another payment attempt.,0,0.0,Synthetic outcome; no real payment was processed.
TXN100939,8732.02,UPI,card_declined,0,0.377,MESSAGE,Card issuer declined the transaction. Customer may need to use another payment method.,Recovery probability is moderate; customer intervention is safer.,0,0.0,Synthetic outcome; no real payment was processed.
TXN100940,4255.29,UPI,network_error,1,0.592,MESSAGE,Temporary network issue. A controlled retry is appropriate.,Recovery probability is moderate; customer intervention is safer.,1,4255.29,Synthetic outcome; no real payment was processed.
TXN100941,8401.39,UPI,card_declined,0,0.547,MESSAGE,Card issuer declined the transaction. Customer may need to use another payment method.,Recovery probability is moderate; customer intervention is safer.,0,0.0,Synthetic outcome; no real payment was processed.
TXN100942,9840.67,NetBanking,bank_timeout,0,0.827,RETRY,Temporary bank-side timeout. A controlled retry may recover the payment.,Temporary technical failure with a strong recovery probability.,0,0.0,Synthetic outcome; no real payment was processed.
TXN100943,12480.01,Card,authentication_failed,0,0.198,MESSAGE,Authentication failed. Customer action is required before another attempt.,Customer action is required before another payment attempt.,0,0.0,Synthetic outcome; no real payment was processed.
TXN100944,3254.24,NetBanking,upi_timeout,0,0.839,RETRY,Temporary UPI/network timeout. A delayed retry may recover the payment.,Temporary technical failure with a strong recovery probability.,1,3254.24,Synthetic outcome; no real payment was processed.
TXN100945,361.75,Card,card_declined,2,0.34,STOP,Card issuer declined the transaction. Customer may need to use another payment method.,"Recovery probability is low, so another automated attempt is not justified.",0,0.0,Synthetic outcome; no real payment was processed.
TXN100946,2225.04,UPI,network_error,0,0.828,RETRY,Temporary network issue. A controlled retry is appropriate.,Temporary technical failure with a strong recovery probability.,1,2225.04,Synthetic outcome; no real payment was processed.
TXN100947,13520.18,UPI,bank_timeout,2,0.814,RETRY,Temporary bank-side timeout. A controlled retry may recover the payment.,Temporary technical failure with a strong recovery probability.,0,0.0,Synthetic outcome; no real payment was processed.
TXN100948,13133.45,UPI,insufficient_funds,3,0.038,STOP,Customer may not have sufficient funds. Customer notification is preferable to repeated retries.,Retry limit reached. Further automated attempts are blocked.,0,0.0,Synthetic outcome; no real payment was processed.
TXN100949,9041.31,UPI,insufficient_funds,1,0.56,MESSAGE,Customer may not have sufficient funds. Customer notification is preferable to repeated retries.,Customer action is required before another payment attempt.,0,0.0,Synthetic outcome; no real payment was processed.
TXN100950,9087.25,UPI,network_error,0,0.684,RETRY,Temporary network issue. A controlled retry is appropriate.,Temporary technical failure with a strong recovery probability.,1,9087.25,Synthetic outcome; no real payment was processed.
TXN100951,10042.21,UPI,bank_timeout,0,0.881,RETRY,Temporary bank-side timeout. A controlled retry may recover the payment.,Temporary technical failure with a strong recovery probability.,1,10042.21,Synthetic outcome; no real payment was processed.
TXN100952,2794.67,Card,upi_timeout,2,0.271,STOP,Temporary UPI/network timeout. A delayed retry may recover the payment.,"Recovery probability is low, so another automated attempt is not justified.",0,0.0,Synthetic outcome; no real payment was processed.
TXN100953,13733.21,Card,card_declined,0,0.746,RETRY,Card issuer declined the transaction. Customer may need to use another payment method.,Temporary technical failure with a strong recovery probability.,0,0.0,Synthetic outcome; no real payment was processed.
TXN100954,6397.22,Wallet,bank_timeout,0,0.874,RETRY,Temporary bank-side timeout. A controlled retry may recover the payment.,Temporary technical failure with a strong recovery probability.,1,6397.22,Synthetic outcome; no real payment was processed.
TXN100955,5869.83,Wallet,insufficient_funds,1,0.169,MESSAGE,Customer may not have sufficient funds. Customer notification is preferable to repeated retries.,Customer action is required before another payment attempt.,0,0.0,Synthetic outcome; no real payment was processed.
TXN100956,7879.5,Card,network_error,2,0.311,STOP,Temporary network issue. A controlled retry is appropriate.,"Recovery probability is low, so another automated attempt is not justified.",0,0.0,Synthetic outcome; no real payment was processed.
TXN100957,894.14,UPI,network_error,2,0.701,RETRY,Temporary network issue. A controlled retry is appropriate.,Temporary technical failure with a strong recovery probability.,1,894.14,Synthetic outcome; no real payment was processed.
TXN100958,2660.16,Card,card_declined,0,0.436,MESSAGE,Card issuer declined the transaction. Customer may need to use another payment method.,Recovery probability is moderate; customer intervention is safer.,1,2660.16,Synthetic outcome; no real payment was processed.
TXN100959,11122.64,NetBanking,network_error,1,0.373,MESSAGE,Temporary network issue. A controlled retry is appropriate.,Recovery probability is moderate; customer intervention is safer.,0,0.0,Synthetic outcome; no real payment was processed.
TXN100960,1424.5,UPI,network_error,0,0.396,MESSAGE,Temporary network issue. A controlled retry is appropriate.,Recovery probability is moderate; customer intervention is safer.,1,1424.5,Synthetic outcome; no real payment was processed.
TXN100961,9126.25,UPI,bank_timeout,0,0.795,RETRY,Temporary bank-side timeout. A controlled retry may recover the payment.,Temporary technical failure with a strong recovery probability.,1,9126.25,Synthetic outcome; no real payment was processed.
TXN100962,3830.41,NetBanking,upi_timeout,2,0.874,RETRY,Temporary UPI/network timeout. A delayed retry may recover the payment.,Temporary technical failure with a strong recovery probability.,1,3830.41,Synthetic outcome; no real payment was processed.
TXN100963,5960.96,UPI,card_declined,0,0.404,MESSAGE,Card issuer declined the transaction. Customer may need to use another payment method.,Recovery probability is moderate; customer intervention is safer.,0,0.0,Synthetic outcome; no real payment was processed.
TXN100964,4471.96,Card,bank_timeout,0,0.872,RETRY,Temporary bank-side timeout. A controlled retry may recover the payment.,Temporary technical failure with a strong recovery probability.,1,4471.96,Synthetic outcome; no real payment was processed.
TXN100965,5463.31,Card,upi_timeout,0,0.402,MESSAGE,Temporary UPI/network timeout. A delayed retry may recover the payment.,Recovery probability is moderate; customer intervention is safer.,1,5463.31,Synthetic outcome; no real payment was processed.
TXN100966,10841.6,UPI,bank_timeout,2,0.299,STOP,Temporary bank-side timeout. A controlled retry may recover the payment.,"Recovery probability is low, so another automated attempt is not justified.",0,0.0,Synthetic outcome; no real payment was processed.
TXN100967,4596.7,UPI,authentication_failed,2,0.067,MESSAGE,Authentication failed. Customer action is required before another attempt.,Customer action is required before another payment attempt.,0,0.0,Synthetic outcome; no real payment was processed.
TXN100968,8582.36,UPI,bank_timeout,1,0.571,MESSAGE,Temporary bank-side timeout. A controlled retry may recover the payment.,Recovery probability is moderate; customer intervention is safer.,0,0.0,Synthetic outcome; no real payment was processed.
TXN100969,7245.02,UPI,network_error,2,0.625,RETRY,Temporary network issue. A controlled retry is appropriate.,Temporary technical failure with a strong recovery probability.,1,7245.02,Synthetic outcome; no real payment was processed.
TXN100970,10022.0,UPI,upi_timeout,0,0.741,RETRY,Temporary UPI/network timeout. A delayed retry may recover the payment.,Temporary technical failure with a strong recovery probability.,0,0.0,Synthetic outcome; no real payment was processed.
TXN100971,14065.02,NetBanking,card_declined,1,0.29,STOP,Card issuer declined the transaction. Customer may need to use another payment method.,"Recovery probability is low, so another automated attempt is not justified.",0,0.0,Synthetic outcome; no real payment was processed.
TXN100972,11041.8,UPI,card_declined,0,0.47,MESSAGE,Card issuer declined the transaction. Customer may need to use another payment method.,Recovery probability is moderate; customer intervention is safer.,0,0.0,Synthetic outcome; no real payment was processed.
TXN100973,3380.33,Card,upi_timeout,0,0.422,MESSAGE,Temporary UPI/network timeout. A delayed retry may recover the payment.,Recovery probability is moderate; customer intervention is safer.,1,3380.33,Synthetic outcome; no real payment was processed.
TXN100974,660.54,UPI,network_error,1,0.358,MESSAGE,Temporary network issue. A controlled retry is appropriate.,Recovery probability is moderate; customer intervention is safer.,1,660.54,Synthetic outcome; no real payment was processed.
TXN100975,4080.77,Wallet,insufficient_funds,2,0.13,MESSAGE,Customer may not have sufficient funds. Customer notification is preferable to repeated retries.,Customer action is required before another payment attempt.,0,0.0,Synthetic outcome; no real payment was processed.
TXN100976,9006.75,UPI,bank_timeout,0,0.763,RETRY,Temporary bank-side timeout. A controlled retry may recover the payment.,Temporary technical failure with a strong recovery probability.,1,9006.75,Synthetic outcome; no real payment was processed.
TXN100977,960.15,UPI,network_error,0,0.815,RETRY,Temporary network issue. A controlled retry is appropriate.,Temporary technical failure with a strong recovery probability.,1,960.15,Synthetic outcome; no real payment was processed.
TXN100978,7545.72,NetBanking,authentication_failed,0,0.093,MESSAGE,Authentication failed. Customer action is required before another attempt.,Customer action is required before another payment attempt.,0,0.0,Synthetic outcome; no real payment was processed.
TXN100979,9032.87,NetBanking,upi_timeout,0,0.635,RETRY,Temporary UPI/network timeout. A delayed retry may recover the payment.,Temporary technical failure with a strong recovery probability.,1,9032.87,Synthetic outcome; no real payment was processed.
TXN100980,5146.14,UPI,bank_timeout,2,0.605,RETRY,Temporary bank-side timeout. A controlled retry may recover the payment.,Temporary technical failure with a strong recovery probability.,1,5146.14,Synthetic outcome; no real payment was processed.
TXN100981,11609.27,NetBanking,card_declined,1,0.276,STOP,Card issuer declined the transaction. Customer may need to use another payment method.,"Recovery probability is low, so another automated attempt is not justified.",0,0.0,Synthetic outcome; no real payment was processed.
TXN100982,1776.76,Card,insufficient_funds,1,0.106,MESSAGE,Customer may not have sufficient funds. Customer notification is preferable to repeated retries.,Customer action is required before another payment attempt.,0,0.0,Synthetic outcome; no real payment was processed.
TXN100983,1311.11,Card,authentication_failed,2,0.082,MESSAGE,Authentication failed. Customer action is required before another attempt.,Customer action is required before another payment attempt.,0,0.0,Synthetic outcome; no real payment was processed.
TXN100984,10976.92,UPI,card_declined,0,0.3,STOP,Card issuer declined the transaction. Customer may need to use another payment method.,"Recovery probability is low, so another automated attempt is not justified.",0,0.0,Synthetic outcome; no real payment was processed.
TXN100985,7532.77,UPI,upi_timeout,1,0.711,RETRY,Temporary UPI/network timeout. A delayed retry may recover the payment.,Temporary technical failure with a strong recovery probability.,1,7532.77,Synthetic outcome; no real payment was processed.
TXN100986,10388.04,Card,bank_timeout,0,0.432,MESSAGE,Temporary bank-side timeout. A controlled retry may recover the payment.,Recovery probability is moderate; customer intervention is safer.,0,0.0,Synthetic outcome; no real payment was processed.
TXN100987,6634.88,Card,upi_timeout,1,0.832,RETRY,Temporary UPI/network timeout. A delayed retry may recover the payment.,Temporary technical failure with a strong recovery probability.,1,6634.88,Synthetic outcome; no real payment was processed.
TXN100988,3846.0,UPI,bank_timeout,3,0.089,STOP,Temporary bank-side timeout. A controlled retry may recover the payment.,Retry limit reached. Further automated attempts are blocked.,0,0.0,Synthetic outcome; no real payment was processed.
TXN100989,12322.53,Card,network_error,2,0.439,MESSAGE,Temporary network issue. A controlled retry is appropriate.,Recovery probability is moderate; customer intervention is safer.,0,0.0,Synthetic outcome; no real payment was processed.
TXN100990,12031.15,NetBanking,insufficient_funds,0,0.087,MESSAGE,Customer may not have sufficient funds. Customer notification is preferable to repeated retries.,Customer action is required before another payment attempt.,0,0.0,Synthetic outcome; no real payment was processed.
TXN100991,10481.2,UPI,network_error,2,0.694,RETRY,Temporary network issue. A controlled retry is appropriate.,Temporary technical failure with a strong recovery probability.,0,0.0,Synthetic outcome; no real payment was processed.
TXN100992,4227.02,Card,network_error,0,0.516,MESSAGE,Temporary network issue. A controlled retry is appropriate.,Recovery probability is moderate; customer intervention is safer.,1,4227.02,Synthetic outcome; no real payment was processed.
TXN100993,8935.0,UPI,upi_timeout,0,0.592,MESSAGE,Temporary UPI/network timeout. A delayed retry may recover the payment.,Recovery probability is moderate; customer intervention is safer.,0,0.0,Synthetic outcome; no real payment was processed.
TXN100994,5541.77,NetBanking,insufficient_funds,0,0.173,MESSAGE,Customer may not have sufficient funds. Customer notification is preferable to repeated retries.,Customer action is required before another payment attempt.,0,0.0,Synthetic outcome; no real payment was processed.
TXN100995,1554.51,Card,bank_timeout,0,0.559,MESSAGE,Temporary bank-side timeout. A controlled retry may recover the payment.,Recovery probability is moderate; customer intervention is safer.,1,1554.51,Synthetic outcome; no real payment was processed.
TXN100996,13776.16,Wallet,bank_timeout,1,0.836,RETRY,Temporary bank-side timeout. A controlled retry may recover the payment.,Temporary technical failure with a strong recovery probability.,0,0.0,Synthetic outcome; no real payment was processed.
TXN100997,2224.05,UPI,authentication_failed,1,0.59,MESSAGE,Authentication failed. Customer action is required before another attempt.,Customer action is required before another payment attempt.,0,0.0,Synthetic outcome; no real payment was processed.
TXN100998,14263.46,UPI,card_declined,2,0.259,STOP,Card issuer declined the transaction. Customer may need to use another payment method.,"Recovery probability is low, so another automated attempt is not justified.",0,0.0,Synthetic outcome; no real payment was processed.
TXN100999,6800.33,UPI,authentication_failed,1,0.072,MESSAGE,Authentication failed. Customer action is required before another attempt.,Customer action is required before another payment attempt.,0,0.0,Synthetic outcome; no real payment was processed.
